<?xml version="1.0" encoding="UTF-8" standalone="no"?>
<!-- Copyright C.V.Kimball 2013 --><Tanach xmlns:xsi="http://www.w3.org/2001/XMLSchema-instance" xsi:noNamespaceSchemaLocation="../XSL/Tanach.xsd">
<teiHeader>
  <fileDesc>
    <titleStmt>
      <title level="s" type="uniform">Tanach</title>
      <title level="s" type="uniformhebrew">תנ״ך</title>
      <title level="s" type="main">Unicode/XML Leningrad Codex</title>
      <title level="a" type="main">Amos</title>
      <title level="a" type="mainhebrew">עמוס</title>
      <title level="a" type="filename">Amos</title>
      <editor>Shemu'el ben Ya'akov</editor>
      <editor>Aharon ben-Mosheh ben-Asher</editor>
      <respStmt>
        <resp>Publisher:</resp>
        <name>Christopher V. Kimball</name>
        <name type="email">mail@cvkimball.com</name>
      </respStmt>
    </titleStmt>
    <editionStmt>
      <edition>Unicode/XML Leningrad Codex (UXLC)
        <version>UXLC 1.1</version>
        <date>19 Oct 2020</date>
        <build>26.1</build>
        <buildDateTime>06 Oct 2020  10:00</buildDateTime>
      </edition>
<respStmt>
<resp>WLC2XML[28 Aug 2020] - Transcription from Michigan-Claremont encoding to Unicode with XML markings. See details in notes.</resp>
<resp>Updater[27 Sep 2020] - Changes.xml file dated 2020.02.19 . </resp>
<resp>Updater[27 Sep 2020] - Changes.xml file dated 2020.10.19 . </resp>
<resp>ScanReplace/NoteRemover[4 Sep 2020] - Removes 14 notes: 1, a, c, k, p, q, v, y, C, K, P, Q, U, V .</resp>
<resp>ScanReplace/Jerusalem[1 Sep 2020] - Places CGJ in Jerusalem VUV words.</resp>
</respStmt>
    </editionStmt>
    <extent>80664</extent>
    <publicationStmt>
      <distributor>Via web site:
        <name>Christopher V. Kimball</name>
        <name type="url">https://www.tanach.us/Tanach.xml</name>
        <name type="email">mail@cvkimball.com</name>
      </distributor>
      <availability status="free">Freely available</availability>
    </publicationStmt>
    <notesStmt>
      <note>The original text file wlc420_ps.txt was provided by the Groves Center. 
The file has the MD5 hash: d31a 6a6e 9afa bf82 272c 2efb 0522 a12e 
and was dated 25 Jan 2016. Six transcription notes (5,7,F) have been moved to the noted character (Lev 11:42.4, Judg 18:30.11, Isa 9.6.1, Ps 80:14.3, Job 38:13.5, Job 38:15.2) to produce the file wlc420_ps_td.txt for conversion to Unicode and XML by the program WLC2XML. The only other changes to the Groves Center text are: The book names in English and Hebrew of the Jewish Publication Society Tanach and book abbreviations from the New Revised Standard Version have been added. </note>
    </notesStmt>
    <sourceDesc>
      <biblItem>
        <title>Hebrew Bible</title>
        <title>Leningrad Codex</title>
        <editor>Shemu'el ben Ya'akov</editor>
        <editor>Aharon ben-Mosheh ben-Asher</editor>
        <edition>Original document</edition>
        <imprint>
          <publisher>Russian National Library (Saltykov-Shchedrin)</publisher>
          <pubPlace>St. Petersburg (Leningrad)</pubPlace>
          <date>1008</date>
        </imprint>
        <idno type="Accession">Firkovich B 19 A</idno>
      </biblItem>
      <biblItem>
        <title>The Leningrad Codex - A Facsimile Edition</title>
        <editor>Freedman, David Noel</editor>
        <editor>Beck, Astrid B.</editor>
        <edition>First</edition>
        <imprint>
          <publisher>Wm. B. Eerdmans Publishing Co.</publisher>
          <pubPlace>Grand Rapids, MI</pubPlace>
          <date>1998</date>
        </imprint>
        <idno type="IBSN">0-8028-3786-7</idno>
      </biblItem>
      <biblItem>
        <title>The Westminster Leningrad Codex</title>
        <editor>Salisbury, Stephen K.</editor>
        <edition>WLC 4.20</edition>
        <imprint>
          <publisher>The J. Alan Groves Center for Advanced Biblical Research ("Groves Center").</publisher>
          <pubPlace>2960 Church Rd.</pubPlace>
          <pubPlace>Glenside, PA 19038</pubPlace>
          <date>25 January 2016</date>
        </imprint>
        <idno type="Unknown"/>
      </biblItem>
    </sourceDesc>
  </fileDesc>
  <encodingDesc>
  </encodingDesc>
  <profileDesc>
    <creation>From the Westminster Leningrad Codex [WLC 4.20], provided by the Groves Center.</creation>
    <date>25 Jan 2016</date>
    <langUsage>
      <language ident="HE">Hebrew</language>
    </langUsage>
  </profileDesc>
</teiHeader>
<tanach>
  <book>
    <names>
      <name>Amos</name>
      <abbrev>Am</abbrev>
      <number>17</number>
      <filename>Amos</filename>
      <hebrewname>עמוס</hebrewname>
    </names>
    <c n="1">
      <v n="1">
        <w>דִּבְרֵ֣י</w>
        <w>עָמ֔וֹס</w>
        <w>אֲשֶׁר־</w>
        <w>הָיָ֥ה</w>
        <w>בַ/נֹּקְדִ֖ים</w>
        <w>מִ/תְּק֑וֹעַ</w>
        <w>אֲשֶׁר֩</w>
        <w>חָזָ֨ה</w>
        <w>עַל־</w>
        <w>יִשְׂרָאֵ֜ל</w>
        <w>בִּ/ימֵ֣י ׀</w>
        <w>עֻזִיָּ֣ה
<x>n</x>

</w>
        <w>מֶֽלֶךְ־</w>
        <w>יְהוּדָ֗ה</w>
        <w>וּ/בִ/ימֵ֞י</w>
        <w>יָרָבְעָ֤ם</w>
        <w>בֶּן־</w>
        <w>יוֹאָשׁ֙</w>
        <w>מֶ֣לֶךְ</w>
        <w>יִשְׂרָאֵ֔ל</w>
        <w>שְׁנָתַ֖יִם</w>
        <w>לִ/פְנֵ֥י</w>
        <w>הָ/רָֽעַשׁ׃</w>
      </v>
      <v n="2">
        <w>וַ/יֹּאמַ֓ר ׀</w>
        <w>יְהוָה֙</w>
        <w>מִ/צִיּ֣וֹן
<x>n</x>

</w>
        <w>יִשְׁאָ֔ג</w>
        <w>וּ/מִ/ירוּשָׁלַ֖͏ִם</w>
        <w>יִתֵּ֣ן</w>
        <w>קוֹל֑/וֹ</w>
        <w>וְ/אָֽבְלוּ֙</w>
        <w>נְא֣וֹת</w>
        <w>הָ/רֹעִ֔ים</w>
        <w>וְ/יָבֵ֖שׁ</w>
        <w>רֹ֥אשׁ</w>
        <w>הַ/כַּרְמֶֽל׃</w>
        <pe/>
      </v>
      <v n="3">
        <w>כֹּ֚ה</w>
        <w>אָמַ֣ר</w>
        <w>יְהוָ֔ה</w>
        <w>עַל־</w>
        <w>שְׁלֹשָׁה֙</w>
        <w>פִּשְׁעֵ֣י</w>
        <w>דַמֶּ֔שֶׂק</w>
        <w>וְ/עַל־</w>
        <w>אַרְבָּעָ֖ה</w>
        <w>לֹ֣א</w>
        <w>אֲשִׁיבֶ֑/נּוּ</w>
        <w>עַל־</w>
        <w>דּוּשָׁ֛/ם</w>
        <w>בַּ/חֲרֻצ֥וֹת</w>
        <w>הַ/בַּרְזֶ֖ל</w>
        <w>אֶת־</w>
        <w>הַ/גִּלְעָֽד׃</w>
      </v>
      <v n="4">
        <w>וְ/שִׁלַּ֥חְתִּי</w>
        <w>אֵ֖שׁ</w>
        <w>בְּ/בֵ֣ית</w>
        <w>חֲזָאֵ֑ל</w>
        <w>וְ/אָכְלָ֖ה</w>
        <w>אַרְמְנ֥וֹת</w>
        <w>בֶּן־</w>
        <w>הֲדָֽד׃</w>
      </v>
      <v n="5">
        <w>וְ/שָֽׁבַרְתִּי֙</w>
        <w>בְּרִ֣יחַ</w>
        <w>דַּמֶּ֔שֶׂק</w>
        <w>וְ/הִכְרַתִּ֤י</w>
        <w>יוֹשֵׁב֙</w>
        <w>מִ/בִּקְעַת־</w>
        <w>אָ֔וֶן</w>
        <w>וְ/תוֹמֵ֥ךְ</w>
        <w>שֵׁ֖בֶט</w>
        <w>מִ/בֵּ֣ית</w>
        <w>עֶ֑דֶן</w>
        <w>וְ/גָל֧וּ</w>
        <w>עַם־</w>
        <w>אֲרָ֛ם</w>
        <w>קִ֖ירָ/ה</w>
        <w>אָמַ֥ר</w>
        <w>יְהוָֽה׃</w>
        <pe/>
      </v>
      <v n="6">
        <w>כֹּ֚ה</w>
        <w>אָמַ֣ר</w>
        <w>יְהוָ֔ה</w>
        <w>עַל־</w>
        <w>שְׁלֹשָׁה֙</w>
        <w>פִּשְׁעֵ֣י</w>
        <w>עַזָּ֔ה</w>
        <w>וְ/עַל־</w>
        <w>אַרְבָּעָ֖ה</w>
        <w>לֹ֣א</w>
        <w>אֲשִׁיבֶ֑/נּוּ</w>
        <w>עַל־</w>
        <w>הַגְלוֹתָ֛/ם</w>
        <w>גָּל֥וּת</w>
        <w>שְׁלֵמָ֖ה</w>
        <w>לְ/הַסְגִּ֥יר</w>
        <w>לֶ/אֱדֽוֹם׃</w>
      </v>
      <v n="7">
        <w>וְ/שִׁלַּ֥חְתִּי</w>
        <w>אֵ֖שׁ</w>
        <w>בְּ/חוֹמַ֣ת</w>
        <w>עַזָּ֑ה</w>
        <w>וְ/אָכְלָ֖ה</w>
        <w>אַרְמְנֹתֶֽי/הָ׃</w>
      </v>
      <v n="8">
        <w>וְ/הִכְרַתִּ֤י</w>
        <w>יוֹשֵׁב֙</w>
        <w>מֵֽ/אַשְׁדּ֔וֹד</w>
        <w>וְ/תוֹמֵ֥ךְ</w>
        <w>שֵׁ֖בֶט</w>
        <w>מֵֽ/אַשְׁקְל֑וֹן</w>
        <w>וַ/הֲשִׁיב֨וֹתִי</w>
        <w>יָדִ֜/י</w>
        <w>עַל־</w>
        <w>עֶקְר֗וֹן</w>
        <w>וְ/אָֽבְדוּ֙</w>
        <w>שְׁאֵרִ֣ית</w>
        <w>פְּלִשְׁתִּ֔ים</w>
        <w>אָמַ֖ר</w>
        <w>אֲדֹנָ֥/י</w>
        <w>יְהוִֽה׃</w>
        <pe/>
      </v>
      <v n="9">
        <w>כֹּ֚ה</w>
        <w>אָמַ֣ר</w>
        <w>יְהוָ֔ה</w>
        <w>עַל־</w>
        <w>שְׁלֹשָׁה֙</w>
        <w>פִּשְׁעֵי־</w>
        <w>צֹ֔ר</w>
        <w>וְ/עַל־</w>
        <w>אַרְבָּעָ֖ה</w>
        <w>לֹ֣א</w>
        <w>אֲשִׁיבֶ֑/נּוּ</w>
        <w>עַֽל־</w>
        <w>הַסְגִּירָ֞/ם</w>
        <w>גָּל֤וּת</w>
        <w>שְׁלֵמָה֙</w>
        <w>לֶ/אֱד֔וֹם</w>
        <w>וְ/לֹ֥א</w>
        <w>זָכְר֖וּ</w>
        <w>בְּרִ֥ית</w>
        <w>אַחִֽים׃</w>
      </v>
      <v n="10">
        <w>וְ/שִׁלַּ֥חְתִּי</w>
        <w>אֵ֖שׁ</w>
        <w>בְּ/ח֣וֹמַת</w>
        <w>צֹ֑ר</w>
        <w>וְ/אָכְלָ֖ה</w>
        <w>אַרְמְנֹתֶֽי/הָ׃</w>
        <pe/>
      </v>
      <v n="11">
        <w>כֹּ֚ה</w>
        <w>אָמַ֣ר</w>
        <w>יְהוָ֔ה</w>
        <w>עַל־</w>
        <w>שְׁלֹשָׁה֙</w>
        <w>פִּשְׁעֵ֣י</w>
        <w>אֱד֔וֹם</w>
        <w>וְ/עַל־</w>
        <w>אַרְבָּעָ֖ה</w>
        <w>לֹ֣א</w>
        <w>אֲשִׁיבֶ֑/נּוּ</w>
        <w>עַל־</w>
        <w>רָדְפ֨/וֹ</w>
        <w>בַ/חֶ֤רֶב</w>
        <w>אָחִי/ו֙</w>
        <w>וְ/שִׁחֵ֣ת</w>
        <w>רַחֲמָ֔י/ו</w>
        <w>וַ/יִּטְרֹ֤ף</w>
        <w>לָ/עַד֙</w>
        <w>אַפּ֔/וֹ</w>
        <w>וְ/עֶבְרָת֖/וֹ</w>
        <w>שְׁמָ֥רָ/ה</w>
        <w>נֶֽצַח׃</w>
      </v>
      <v n="12">
        <w>וְ/שִׁלַּ֥חְתִּי</w>
        <w>אֵ֖שׁ</w>
        <w>בְּ/תֵימָ֑ן</w>
        <w>וְ/אָכְלָ֖ה</w>
        <w>אַרְמְנ֥וֹת</w>
        <w>בָּצְרָֽה׃</w>
        <pe/>
      </v>
      <v n="13">
        <w>כֹּ֚ה</w>
        <w>אָמַ֣ר</w>
        <w>יְהוָ֔ה</w>
        <w>עַל־</w>
        <w>שְׁלֹשָׁה֙</w>
        <w>פִּשְׁעֵ֣י</w>
        <w>בְנֵֽי־</w>
        <w>עַמּ֔וֹן</w>
        <w>וְ/עַל־</w>
        <w>אַרְבָּעָ֖ה</w>
        <w>לֹ֣א</w>
        <w>אֲשִׁיבֶ֑/נּוּ</w>
        <w>עַל־</w>
        <w>בִּקְעָ/ם֙</w>
        <w>הָר֣וֹת</w>
        <w>הַ/גִּלְעָ֔ד</w>
        <w>לְמַ֖עַן</w>
        <w>הַרְחִ֥יב</w>
        <w>אֶת־</w>
        <w>גְּבוּלָֽ/ם׃</w>
      </v>
      <v n="14">
        <w>וְ/הִצַּ֤תִּי</w>
        <w>אֵשׁ֙</w>
        <w>בְּ/חוֹמַ֣ת</w>
        <w>רַבָּ֔ה</w>
        <w>וְ/אָכְלָ֖ה</w>
        <w>אַרְמְנוֹתֶ֑י/הָ</w>
        <w>בִּ/תְרוּעָה֙</w>
        <w>בְּ/י֣וֹם</w>
        <w>מִלְחָמָ֔ה</w>
        <w>בְּ/סַ֖עַר</w>
        <w>בְּ/י֥וֹם</w>
        <w>סוּפָֽה
<x>n</x>

</w>
      </v>
      <v n="15">
        <w>וְ/הָלַ֥ךְ</w>
        <w>מַלְכָּ֖/ם</w>
        <w>בַּ/גּוֹלָ֑ה</w>
        <w>ה֧וּא</w>
        <w>וְ/שָׂרָ֛י/ו</w>
        <w>יַחְדָּ֖ו</w>
        <w>אָמַ֥ר</w>
        <w>יְהוָֽה׃</w>
        <pe/>
      </v>
      <vs>15</vs>
    </c>
    <c n="2">
      <v n="1">
        <w>כֹּ֚ה</w>
        <w>אָמַ֣ר</w>
        <w>יְהוָ֔ה</w>
        <w>עַל־</w>
        <w>שְׁלֹשָׁה֙</w>
        <w>פִּשְׁעֵ֣י</w>
        <w>מוֹאָ֔ב</w>
        <w>וְ/עַל־</w>
        <w>אַרְבָּעָ֖ה</w>
        <w>לֹ֣א</w>
        <w>אֲשִׁיבֶ֑/נּוּ</w>
        <w>עַל־</w>
        <w>שָׂרְפ֛/וֹ</w>
        <w>עַצְמ֥וֹת</w>
        <w>מֶֽלֶךְ־</w>
        <w>אֱד֖וֹם</w>
        <w>לַ/שִּֽׂיד׃</w>
      </v>
      <v n="2">
        <w>וְ/שִׁלַּחְתִּי־</w>
        <w>אֵ֣שׁ</w>
        <w>בְּ/מוֹאָ֔ב</w>
        <w>וְ/אָכְלָ֖ה</w>
        <w>אַרְמְנ֣וֹת</w>
        <w>הַ/קְּרִיּ֑וֹת</w>
        <w>וּ/מֵ֤ת</w>
        <w>בְּ/שָׁאוֹן֙</w>
        <w>מוֹאָ֔ב</w>
        <w>בִּ/תְרוּעָ֖ה</w>
        <w>בְּ/ק֥וֹל</w>
        <w>שׁוֹפָֽר׃</w>
      </v>
      <v n="3">
        <w>וְ/הִכְרַתִּ֥י</w>
        <w>שׁוֹפֵ֖ט</w>
        <w>מִ/קִּרְבָּ֑/הּ</w>
        <w>וְ/כָל־</w>
        <w>שָׂרֶ֛י/הָ</w>
        <w>אֶהֱר֥וֹג</w>
        <w>עִמּ֖/וֹ</w>
        <w>אָמַ֥ר</w>
        <w>יְהוָֽה׃</w>
        <pe/>
      </v>
      <v n="4">
        <w>כֹּ֚ה</w>
        <w>אָמַ֣ר</w>
        <w>יְהוָ֔ה</w>
        <w>עַל־</w>
        <w>שְׁלֹשָׁה֙</w>
        <w>פִּשְׁעֵ֣י</w>
        <w>יְהוּדָ֔ה</w>
        <w>וְ/עַל־</w>
        <w>אַרְבָּעָ֖ה</w>
        <w>לֹ֣א</w>
        <w>אֲשִׁיבֶ֑/נּוּ</w>
        <w>עַֽל־</w>
        <w>מָאֳסָ֞/ם</w>
        <w>אֶת־</w>
        <w>תּוֹרַ֣ת</w>
        <w>יְהוָ֗ה</w>
        <w>וְ/חֻקָּי/ו֙</w>
        <w>לֹ֣א</w>
        <w>שָׁמָ֔רוּ</w>
        <w>וַ/יַּתְעוּ/ם֙</w>
        <w>כִּזְבֵי/הֶ֔ם</w>
        <w>אֲשֶׁר־</w>
        <w>הָלְכ֥וּ</w>
        <w>אֲבוֹתָ֖/ם</w>
        <w>אַחֲרֵי/הֶֽם׃</w>
      </v>
      <v n="5">
        <w>וְ/שִׁלַּ֥חְתִּי</w>
        <w>אֵ֖שׁ</w>
        <w>בִּֽ/יהוּדָ֑ה</w>
        <w>וְ/אָכְלָ֖ה</w>
        <w>אַרְמְנ֥וֹת</w>
        <w>יְרוּשָׁלָֽ͏ִם׃</w>
        <pe/>
      </v>
      <v n="6">
        <w>כֹּ֚ה</w>
        <w>אָמַ֣ר</w>
        <w>יְהוָ֔ה</w>
        <w>עַל־</w>
        <w>שְׁלֹשָׁה֙</w>
        <w>פִּשְׁעֵ֣י</w>
        <w>יִשְׂרָאֵ֔ל</w>
        <w>וְ/עַל־</w>
        <w>אַרְבָּעָ֖ה</w>
        <w>לֹ֣א</w>
        <w>אֲשִׁיבֶ֑/נּוּ</w>
        <w>עַל־</w>
        <w>מִכְרָ֤/ם</w>
        <w>בַּ/כֶּ֙סֶף֙</w>
        <w>צַדִּ֔יק</w>
        <w>וְ/אֶבְי֖וֹן</w>
        <w>בַּ/עֲב֥וּר</w>
        <w>נַעֲלָֽיִם׃</w>
      </v>
      <v n="7">
        <w>הַ/שֹּׁאֲפִ֤ים</w>
        <w>עַל־</w>
        <w>עֲפַר־</w>
        <w>אֶ֙רֶץ֙</w>
        <w>בְּ/רֹ֣אשׁ</w>
        <w>דַּלִּ֔ים</w>
        <w>וְ/דֶ֥רֶךְ</w>
        <w>עֲנָוִ֖ים</w>
        <w>יַטּ֑וּ</w>
        <w>וְ/אִ֣ישׁ</w>
        <w>וְ/אָבִ֗י/ו</w>
        <w>יֵֽלְכוּ֙</w>
        <w>אֶל־</w>
        <w>הַֽ/נַּעֲרָ֔ה</w>
        <w>לְמַ֥עַן</w>
        <w>חַלֵּ֖ל</w>
        <w>אֶת־</w>
        <w>שֵׁ֥ם</w>
        <w>קָדְשִֽׁ/י׃</w>
      </v>
      <v n="8">
        <w>וְ/עַל־</w>
        <w>בְּגָדִ֤ים</w>
        <w>חֲבֻלִים֙</w>
        <w>יַטּ֔וּ</w>
        <w>אֵ֖צֶל</w>
        <w>כָּל־</w>
        <w>מִזְבֵּ֑חַ</w>
        <w>וְ/יֵ֤ין</w>
        <w>עֲנוּשִׁים֙</w>
        <w>יִשְׁתּ֔וּ</w>
        <w>בֵּ֖ית</w>
        <w>אֱלֹהֵי/הֶֽם׃</w>
      </v>
      <v n="9">
        <w>וְ/אָ֨נֹכִ֜י</w>
        <w>הִשְׁמַ֤דְתִּי</w>
        <w>אֶת־</w>
        <w>הָֽ/אֱמֹרִי֙</w>
        <w>מִ/פְּנֵי/הֶ֔ם</w>
        <w>אֲשֶׁ֨ר</w>
        <w>כְּ/גֹ֤בַהּ</w>
        <w>אֲרָזִים֙</w>
        <w>גָּבְה֔/וֹ</w>
        <w>וְ/חָסֹ֥ן</w>
        <w>ה֖וּא</w>
        <w>כָּֽ/אַלּוֹנִ֑ים</w>
        <w>וָ/אַשְׁמִ֤יד</w>
        <w>פִּרְי/וֹ֙</w>
        <w>מִ/מַּ֔עַל</w>
        <w>וְ/שָׁרָשָׁ֖י/ו</w>
        <w>מִ/תָּֽחַת׃</w>
      </v>
      <v n="10">
        <w>וְ/אָנֹכִ֛י</w>
        <w>הֶעֱלֵ֥יתִי</w>
        <w>אֶתְ/כֶ֖ם</w>
        <w>מֵ/אֶ֣רֶץ</w>
        <w>מִצְרָ֑יִם</w>
        <w>וָ/אוֹלֵ֨ךְ</w>
        <w>אֶתְ/כֶ֤ם</w>
        <w>בַּ/מִּדְבָּר֙</w>
        <w>אַרְבָּעִ֣ים</w>
        <w>שָׁנָ֔ה</w>
        <w>לָ/רֶ֖שֶׁת</w>
        <w>אֶת־</w>
        <w>אֶ֥רֶץ</w>
        <w>הָ/אֱמֹרִֽי׃</w>
      </v>
      <v n="11">
        <w>וָ/אָקִ֤ים</w>
        <w>מִ/בְּנֵי/כֶם֙</w>
        <w>לִ/נְבִיאִ֔ים</w>
        <w>וּ/מִ/בַּחוּרֵי/כֶ֖ם</w>
        <w>לִ/נְזִרִ֑ים</w>
        <w>הַ/אַ֥ף</w>
        <w>אֵֽין־</w>
        <w>זֹ֛את</w>
        <w>בְּנֵ֥י</w>
        <w>יִשְׂרָאֵ֖ל</w>
        <w>נְאֻם־</w>
        <w>יְהוָֽה׃</w>
      </v>
      <v n="12">
        <w>וַ/תַּשְׁק֥וּ</w>
        <w>אֶת־</w>
        <w>הַ/נְּזִרִ֖ים</w>
        <w>יָ֑יִן</w>
        <w>וְ/עַל־</w>
        <w>הַ/נְּבִיאִים֙</w>
        <w>צִוִּיתֶ֣ם</w>
        <w>לֵ/אמֹ֔ר</w>
        <w>לֹ֖א</w>
        <w>תִּנָּבְאֽוּ׃</w>
      </v>
      <v n="13">
        <w>הִנֵּ֛ה</w>
        <w>אָנֹכִ֥י</w>
        <w>מֵעִ֖יק</w>
        <w>תַּחְתֵּי/כֶ֑ם</w>
        <w>כַּ/אֲשֶׁ֤ר</w>
        <w>תָּעִיק֙</w>
        <w>הָ/עֲגָלָ֔ה</w>
        <w>הַֽ/מְלֵאָ֥ה</w>
        <w>לָ֖/הּ</w>
        <w>עָמִֽיר׃</w>
      </v>
      <v n="14">
        <w>וְ/אָבַ֤ד</w>
        <w>מָנוֹס֙</w>
        <w>מִ/קָּ֔ל</w>
        <w>וְ/חָזָ֖ק</w>
        <w>לֹא־</w>
        <w>יְאַמֵּ֣ץ</w>
        <w>כֹּח֑/וֹ</w>
        <w>וְ/גִבּ֖וֹר</w>
        <w>לֹא־</w>
        <w>יְמַלֵּ֥ט</w>
        <w>נַפְשֽׁ/וֹ׃</w>
      </v>
      <v n="15">
        <w>וְ/תֹפֵ֤שׂ</w>
        <w>הַ/קֶּ֙שֶׁת֙</w>
        <w>לֹ֣א</w>
        <w>יַעֲמֹ֔ד</w>
        <w>וְ/קַ֥ל</w>
        <w>בְּ/רַגְלָ֖י/ו</w>
        <w>לֹ֣א</w>
        <w>יְמַלֵּ֑ט</w>
        <w>וְ/רֹכֵ֣ב</w>
        <w>הַ/סּ֔וּס</w>
        <w>לֹ֥א</w>
        <w>יְמַלֵּ֖ט</w>
        <w>נַפְשֽׁ/וֹ׃</w>
      </v>
      <v n="16">
        <w>וְ/אַמִּ֥יץ</w>
        <w>לִבּ֖/וֹ</w>
        <w>בַּ/גִּבּוֹרִ֑ים</w>
        <w>עָר֛וֹם</w>
        <w>יָנ֥וּס</w>
        <w>בַּ/יּוֹם־</w>
        <w>הַ/ה֖וּא</w>
        <w>נְאֻם־</w>
        <w>יְהוָֽה׃</w>
        <pe/>
      </v>
      <vs>16</vs>
    </c>
    <c n="3">
      <v n="1">
        <w>שִׁמְע֞וּ</w>
        <w>אֶת־</w>
        <w>הַ/דָּבָ֣ר</w>
        <w>הַ/זֶּ֗ה</w>
        <w>אֲשֶׁ֨ר</w>
        <w>דִּבֶּ֧ר</w>
        <w>יְהוָ֛ה</w>
        <w>עֲלֵי/כֶ֖ם</w>
        <w>בְּנֵ֣י</w>
        <w>יִשְׂרָאֵ֑ל</w>
        <w>עַ֚ל</w>
        <w>כָּל־</w>
        <w>הַ/מִּשְׁפָּחָ֔ה</w>
        <w>אֲשֶׁ֧ר</w>
        <w>הֶעֱלֵ֛יתִי</w>
        <w>מֵ/אֶ֥רֶץ</w>
        <w>מִצְרַ֖יִם</w>
        <w>לֵ/אמֹֽר׃</w>
      </v>
      <v n="2">
        <w>רַ֚ק</w>
        <w>אֶתְ/כֶ֣ם</w>
        <w>יָדַ֔עְתִּי</w>
        <w>מִ/כֹּ֖ל</w>
        <w>מִשְׁפְּח֣וֹת</w>
        <w>הָ/אֲדָמָ֑ה</w>
        <w>עַל־</w>
        <w>כֵּן֙</w>
        <w>אֶפְקֹ֣ד</w>
        <w>עֲלֵי/כֶ֔ם</w>
        <w>אֵ֖ת</w>
        <w>כָּל־</w>
        <w>עֲוֺנֹֽתֵי/כֶֽם׃</w>
      </v>
      <v n="3">
        <w>הֲ/יֵלְכ֥וּ</w>
        <w>שְׁנַ֖יִם</w>
        <w>יַחְדָּ֑ו</w>
        <w>בִּלְתִּ֖י</w>
        <w>אִם־</w>
        <w>נוֹעָֽדוּ׃</w>
      </v>
      <v n="4">
        <w>הֲ/יִשְׁאַ֤ג</w>
        <w>אַרְיֵה֙</w>
        <w>בַּ/יַּ֔עַר</w>
        <w>וְ/טֶ֖רֶף</w>
        <w>אֵ֣ין</w>
        <w>ל֑/וֹ</w>
        <w>הֲ/יִתֵּ֨ן</w>
        <w>כְּפִ֤יר</w>
        <w>קוֹל/וֹ֙</w>
        <w>מִ/מְּעֹ֣נָת֔/וֹ</w>
        <w>בִּלְתִּ֖י</w>
        <w>אִם־</w>
        <w>לָכָֽד׃</w>
      </v>
      <v n="5">
        <w>הֲ/תִפֹּ֤ל</w>
        <w>צִפּוֹר֙</w>
        <w>עַל־</w>
        <w>פַּ֣ח</w>
        <w>הָ/אָ֔רֶץ</w>
        <w>וּ/מוֹקֵ֖שׁ</w>
        <w>אֵ֣ין</w>
        <w>לָ֑/הּ</w>
        <w>הֲ/יַֽעֲלֶה־</w>
        <w>פַּח֙</w>
        <w>מִן־</w>
        <w>הָ֣/אֲדָמָ֔ה</w>
        <w>וְ/לָכ֖וֹד</w>
        <w>לֹ֥א</w>
        <w>יִלְכּֽוֹד׃</w>
      </v>
      <v n="6">
        <w>אִם־</w>
        <w>יִתָּקַ֤ע</w>
        <w>שׁוֹפָר֙</w>
        <w>בְּ/עִ֔יר</w>
        <w>וְ/עָ֖ם</w>
        <w>לֹ֣א</w>
        <w>יֶחֱרָ֑דוּ</w>
        <w>אִם־</w>
        <w>תִּהְיֶ֤ה</w>
        <w>רָעָה֙</w>
        <w>בְּ/עִ֔יר</w>
        <w>וַ/יהוָ֖ה</w>
        <w>לֹ֥א</w>
        <w>עָשָֽׂה׃</w>
      </v>
      <v n="7">
        <w>כִּ֣י</w>
        <w>לֹ֧א</w>
        <w>יַעֲשֶׂ֛ה</w>
        <w>אֲדֹנָ֥/י</w>
        <w>יְהוִ֖ה</w>
        <w>דָּבָ֑ר</w>
        <w>כִּ֚י</w>
        <w>אִם־</w>
        <w>גָּלָ֣ה</w>
        <w>סוֹד֔/וֹ</w>
        <w>אֶל־</w>
        <w>עֲבָדָ֖י/ו</w>
        <w>הַ/נְּבִיאִֽים׃</w>
      </v>
      <v n="8">
        <w>אַרְיֵ֥ה</w>
        <w>שָׁאָ֖ג</w>
        <w>מִ֣י</w>
        <w>לֹ֣א</w>
        <w>יִירָ֑א</w>
        <w>אֲדֹנָ֤/י</w>
        <w>יְהוִה֙</w>
        <w>דִּבֶּ֔ר</w>
        <w>מִ֖י</w>
        <w>לֹ֥א</w>
        <w>יִנָּבֵֽא׃</w>
      </v>
      <v n="9">
        <w>הַשְׁמִ֙יעוּ֙</w>
        <w>עַל־</w>
        <w>אַרְמְנ֣וֹת</w>
        <w>בְּ/אַשְׁדּ֔וֹד</w>
        <w>וְ/עַֽל־</w>
        <w>אַרְמְנ֖וֹת</w>
        <w>בְּ/אֶ֣רֶץ</w>
        <w>מִצְרָ֑יִם</w>
        <w>וְ/אִמְר֗וּ</w>
        <w>הֵאָֽסְפוּ֙</w>
        <w>עַל־</w>
        <w>הָרֵ֣י</w>
        <w>שֹׁמְר֔וֹן</w>
        <w>וּ/רְא֞וּ</w>
        <w>מְהוּמֹ֤ת</w>
        <w>רַבּוֹת֙</w>
        <w>בְּ/תוֹכָ֔/הּ</w>
        <w>וַ/עֲשׁוּקִ֖ים</w>
        <w>בְּ/קִרְבָּֽ/הּ׃</w>
      </v>
      <v n="10">
        <w>וְ/לֹֽא־</w>
        <w>יָדְע֥וּ</w>
        <w>עֲשׂוֹת־</w>
        <w>נְכֹחָ֖ה</w>
        <w>נְאֻם־</w>
        <w>יְהוָ֑ה</w>
        <w>הָ/אֽוֹצְרִ֛ים</w>
        <w>חָמָ֥ס</w>
        <w>וָ/שֹׁ֖ד</w>
        <w>בְּ/אַרְמְנֽוֹתֵי/הֶֽם׃</w>
        <pe/>
      </v>
      <v n="11">
        <w>לָ/כֵ֗ן</w>
        <w>כֹּ֤ה</w>
        <w>אָמַר֙</w>
        <w>אֲדֹנָ֣/י</w>
        <w>יְהוִ֔ה</w>
        <w>צַ֖ר</w>
        <w>וּ/סְבִ֣יב</w>
        <w>הָ/אָ֑רֶץ</w>
        <w>וְ/הוֹרִ֤ד</w>
        <w>מִמֵּ/ךְ֙</w>
        <w>עֻזֵּ֔/ךְ</w>
        <w>וְ/נָבֹ֖זּוּ</w>
        <w>אַרְמְנוֹתָֽיִ/ךְ׃</w>
      </v>
      <v n="12">
        <w>כֹּה֮</w>
        <w>אָמַ֣ר</w>
        <w>יְהוָה֒</w>
        <w>כַּ/אֲשֶׁר֩</w>
        <w>יַצִּ֨יל</w>
        <w>הָ/רֹעֶ֜ה</w>
        <w>מִ/פִּ֧י</w>
        <w>הָ/אֲרִ֛י</w>
        <w>שְׁתֵּ֥י</w>
        <w>כְרָעַ֖יִם</w>
        <w>א֣וֹ</w>
        <w>בְדַל־</w>
        <w>אֹ֑זֶן</w>
        <w>כֵּ֣ן</w>
        <w>יִנָּצְל֞וּ</w>
        <w>בְּנֵ֣י</w>
        <w>יִשְׂרָאֵ֗ל</w>
        <w>הַ/יֹּֽשְׁבִים֙</w>
        <w>בְּ/שֹׁ֣מְר֔וֹן</w>
        <w>בִּ/פְאַ֥ת</w>
        <w>מִטָּ֖ה</w>
        <w>וּ/בִ/דְמֶ֥שֶׁק</w>
        <w>עָֽרֶשׂ׃</w>
      </v>
      <v n="13">
        <w>שִׁמְע֥וּ</w>
        <w>וְ/הָעִ֖ידוּ</w>
        <w>בְּ/בֵ֣ית</w>
        <w>יַֽעֲקֹ֑ב</w>
        <w>נְאֻם־</w>
        <w>אֲדֹנָ֥/י</w>
        <w>יְהוִ֖ה</w>
        <w>אֱלֹהֵ֥י</w>
        <w>הַ/צְּבָאֽוֹת׃</w>
      </v>
      <v n="14">
        <w>כִּ֗י</w>
        <w>בְּ/י֛וֹם</w>
        <w>פָּקְדִ֥/י</w>
        <w>פִשְׁעֵֽי־</w>
        <w>יִשְׂרָאֵ֖ל</w>
        <w>עָלָ֑י/ו</w>
        <w>וּ/פָֽקַדְתִּי֙</w>
        <w>עַל־</w>
        <w>מִזְבְּח֣וֹת</w>
        <w>בֵּֽית־</w>
        <w>אֵ֔ל</w>
        <w>וְ/נִגְדְּעוּ֙</w>
        <w>קַרְנ֣וֹת</w>
        <w>הַ/מִּזְבֵּ֔חַ</w>
        <w>וְ/נָפְל֖וּ</w>
        <w>לָ/אָֽרֶץ׃</w>
      </v>
      <v n="15">
        <w>וְ/הִכֵּיתִ֥י</w>
        <w>בֵית־</w>
        <w>הַ/חֹ֖רֶף</w>
        <w>עַל־</w>
        <w>בֵּ֣ית</w>
        <w>הַ/קָּ֑יִץ</w>
        <w>וְ/אָבְד֞וּ</w>
        <w>בָּתֵּ֣י</w>
        <w>הַ/שֵּׁ֗ן</w>
        <w>וְ/סָפ֛וּ</w>
        <w>בָּתִּ֥ים</w>
        <w>רַבִּ֖ים</w>
        <w>נְאֻם־</w>
        <w>יְהוָֽה׃</w>
        <samekh/>
      </v>
      <vs>15</vs>
    </c>
    <c n="4">
      <v n="1">
        <w>שִׁמְע֞וּ</w>
        <w>הַ/דָּבָ֣ר</w>
        <w>הַ/זֶּ֗ה</w>
        <w>פָּר֤וֹת</w>
        <w>הַ/בָּשָׁן֙</w>
        <w>אֲשֶׁר֙</w>
        <w>בְּ/הַ֣ר</w>
        <w>שֹֽׁמְר֔וֹן</w>
        <w>הָ/עֹשְׁק֣וֹת</w>
        <w>דַּלִּ֔ים</w>
        <w>הָ/רֹצְצ֖וֹת</w>
        <w>אֶבְיוֹנִ֑ים</w>
        <w>הָ/אֹמְרֹ֥ת</w>
        <w>לַ/אֲדֹֽנֵי/הֶ֖ם</w>
        <w>הָבִ֥יאָ/ה</w>
        <w>וְ/נִשְׁתֶּֽה׃</w>
      </v>
      <v n="2">
        <w>נִשְׁבַּ֨ע</w>
        <w>אֲדֹנָ֤/י</w>
        <w>יְהוִה֙</w>
        <w>בְּ/קָדְשׁ֔/וֹ</w>
        <w>כִּ֛י</w>
        <w>הִנֵּ֥ה</w>
        <w>יָמִ֖ים</w>
        <w>בָּאִ֣ים</w>
        <w>עֲלֵי/כֶ֑ם</w>
        <w>וְ/נִשָּׂ֤א</w>
        <w>אֶתְ/כֶם֙</w>
        <w>בְּ/צִנּ֔וֹת</w>
        <w>וְ/אַחֲרִיתְ/כֶ֖ן</w>
        <w>בְּ/סִיר֥וֹת</w>
        <w>דּוּגָֽה׃</w>
      </v>
      <v n="3">
        <w>וּ/פְרָצִ֥ים</w>
        <w>תֵּצֶ֖אנָה</w>
        <w>אִשָּׁ֣ה</w>
        <w>נֶגְדָּ֑/הּ</w>
        <w>וְ/הִשְׁלַכְתֶּ֥נָה</w>
        <w>הַ/הַרְמ֖וֹנָ/ה</w>
        <w>נְאֻם־</w>
        <w>יְהוָֽה׃</w>
      </v>
      <v n="4">
        <w>בֹּ֤אוּ</w>
        <w>בֵֽית־</w>
        <w>אֵל֙</w>
        <w>וּ/פִשְׁע֔וּ</w>
        <w>הַ/גִּלְגָּ֖ל</w>
        <w>הַרְבּ֣וּ</w>
        <w>לִ/פְשֹׁ֑עַ</w>
        <w>וְ/הָבִ֤יאוּ</w>
        <w>לַ/בֹּ֙קֶר֙</w>
        <w>זִבְחֵי/כֶ֔ם</w>
        <w>לִ/שְׁלֹ֥שֶׁת</w>
        <w>יָמִ֖ים</w>
        <w>מַעְשְׂרֹֽתֵי/כֶֽם׃</w>
      </v>
      <v n="5">
        <w>וְ/קַטֵּ֤ר</w>
        <w>מֵֽ/חָמֵץ֙</w>
        <w>תּוֹדָ֔ה</w>
        <w>וְ/קִרְא֥וּ</w>
        <w>נְדָב֖וֹת</w>
        <w>הַשְׁמִ֑יעוּ</w>
        <w>כִּ֣י</w>
        <w>כֵ֤ן</w>
        <w>אֲהַבְתֶּם֙</w>
        <w>בְּנֵ֣י</w>
        <w>יִשְׂרָאֵ֔ל</w>
        <w>נְאֻ֖ם</w>
        <w>אֲדֹנָ֥/י</w>
        <w>יְהוִֽה׃</w>
      </v>
      <v n="6">
        <w>וְ/גַם־</w>
        <w>אֲנִי֩</w>
        <w>נָתַ֨תִּי</w>
        <w>לָ/כֶ֜ם</w>
        <w>נִקְי֤וֹן</w>
        <w>שִׁנַּ֙יִם֙</w>
        <w>בְּ/כָל־</w>
        <w>עָ֣רֵי/כֶ֔ם</w>
        <w>וְ/חֹ֣סֶר</w>
        <w>לֶ֔חֶם</w>
        <w>בְּ/כֹ֖ל</w>
        <w>מְקוֹמֹֽתֵי/כֶ֑ם</w>
        <w>וְ/לֹֽא־</w>
        <w>שַׁבְתֶּ֥ם</w>
        <w>עָדַ֖/י</w>
        <w>נְאֻם־</w>
        <w>יְהוָֽה׃</w>
      </v>
      <v n="7">
        <w>וְ/גַ֣ם</w>
        <w>אָנֹכִי֩</w>
        <w>מָנַ֨עְתִּי</w>
        <w>מִ/כֶּ֜ם</w>
        <w>אֶת־</w>
        <w>הַ/גֶּ֗שֶׁם</w>
        <w>בְּ/ע֨וֹד</w>
        <w>שְׁלֹשָׁ֤ה</w>
        <w>חֳדָשִׁים֙</w>
        <w>לַ/קָּצִ֔יר</w>
        <w>וְ/הִמְטַרְתִּי֙</w>
        <w>עַל־</w>
        <w>עִ֣יר</w>
        <w>אֶחָ֔ת</w>
        <w>וְ/עַל־</w>
        <w>עִ֥יר</w>
        <w>אַחַ֖ת</w>
        <w>לֹ֣א</w>
        <w>אַמְטִ֑יר</w>
        <w>חֶלְקָ֤ה</w>
        <w>אַחַת֙</w>
        <w>תִּמָּטֵ֔ר</w>
        <w>וְ/חֶלְקָ֛ה</w>
        <w>אֲשֶֽׁר־</w>
        <w>לֹֽא־</w>
        <w>תַמְטִ֥יר</w>
        <w>עָלֶ֖י/הָ</w>
        <w>תִּיבָֽשׁ׃</w>
      </v>
      <v n="8">
        <w>וְ/נָע֡וּ</w>
        <w>שְׁתַּיִם֩</w>
        <w>שָׁלֹ֨שׁ</w>
        <w>עָרִ֜ים</w>
        <w>אֶל־</w>
        <w>עִ֥יר</w>
        <w>אַחַ֛ת</w>
        <w>לִ/שְׁתּ֥וֹת</w>
        <w>מַ֖יִם</w>
        <w>וְ/לֹ֣א</w>
        <w>יִשְׂבָּ֑עוּ</w>
        <w>וְ/לֹֽא־</w>
        <w>שַׁבְתֶּ֥ם</w>
        <w>עָדַ֖/י</w>
        <w>נְאֻם־</w>
        <w>יְהוָֽה׃</w>
      </v>
      <v n="9">
        <w>הִכֵּ֣יתִי</w>
        <w>אֶתְ/כֶם֮</w>
        <w>בַּ/שִּׁדָּפ֣וֹן</w>
        <w>וּ/בַ/יֵּרָקוֹן֒</w>
        <w>הַרְבּ֨וֹת</w>
        <w>גַּנּוֹתֵי/כֶ֧ם</w>
        <w>וְ/כַרְמֵי/כֶ֛ם</w>
        <w>וּ/תְאֵנֵי/כֶ֥ם</w>
        <w>וְ/זֵיתֵי/כֶ֖ם</w>
        <w>יֹאכַ֣ל</w>
        <w>הַ/גָּזָ֑ם</w>
        <w>וְ/לֹֽא־</w>
        <w>שַׁבְתֶּ֥ם</w>
        <w>עָדַ֖/י</w>
        <w>נְאֻם־</w>
        <w>יְהוָֽה׃</w>
        <samekh/>
      </v>
      <v n="10">
        <w>שִׁלַּ֨חְתִּי</w>
        <w>בָ/כֶ֥ם</w>
        <w>דֶּ֙בֶר֙</w>
        <w>בְּ/דֶ֣רֶךְ</w>
        <w>מִצְרַ֔יִם</w>
        <w>הָרַ֤גְתִּי</w>
        <w>בַ/חֶ֙רֶב֙</w>
        <w>בַּח֣וּרֵי/כֶ֔ם</w>
        <w>עִ֖ם</w>
        <w>שְׁבִ֣י</w>
        <w>סֽוּסֵי/כֶ֑ם</w>
        <w>וָ/אַעֲלֶ֞ה</w>
        <w>בְּאֹ֤שׁ</w>
        <w>מַחֲנֵי/כֶם֙</w>
        <w>וּֽ/בְ/אַפְּ/כֶ֔ם</w>
        <w>וְ/לֹֽא־</w>
        <w>שַׁבְתֶּ֥ם</w>
        <w>עָדַ֖/י</w>
        <w>נְאֻם־</w>
        <w>יְהוָֽה׃</w>
      </v>
      <v n="11">
        <w>הָפַ֣כְתִּי</w>
        <w>בָ/כֶ֗ם</w>
        <w>כְּ/מַהְפֵּכַ֤ת</w>
        <w>אֱלֹהִים֙</w>
        <w>אֶת־</w>
        <w>סְדֹ֣ם</w>
        <w>וְ/אֶת־</w>
        <w>עֲמֹרָ֔ה</w>
        <w>וַ/תִּהְי֕וּ</w>
        <w>כְּ/א֖וּד</w>
        <w>מֻצָּ֣ל</w>
        <w>מִ/שְׂרֵפָ֑ה
<x>n</x>

</w>
        <w>וְ/לֹֽא־</w>
        <w>שַׁבְתֶּ֥ם</w>
        <w>עָדַ֖/י</w>
        <w>נְאֻם־</w>
        <w>יְהוָֽה׃</w>
        <samekh/>
      </v>
      <v n="12">
        <w>לָ/כֵ֕ן</w>
        <w>כֹּ֥ה</w>
        <w>אֶעֱשֶׂה־</w>
        <w>לְּ/ךָ֖</w>
        <w>יִשְׂרָאֵ֑ל</w>
        <w>עֵ֚קֶב</w>
        <w>כִּֽי־</w>
        <w>זֹ֣את</w>
        <w>אֶֽעֱשֶׂה־</w>
        <w>לָּ֔/ךְ</w>
        <w>הִכּ֥וֹן</w>
        <w>לִ/קְרַאת־</w>
        <w>אֱלֹהֶ֖י/ךָ</w>
        <w>יִשְׂרָאֵֽל׃</w>
      </v>
      <v n="13">
        <w>כִּ֡י</w>
        <w>הִנֵּה֩</w>
        <w>יוֹצֵ֨ר</w>
        <w>הָרִ֜ים</w>
        <w>וּ/בֹרֵ֣א</w>
        <w>ר֗וּחַ</w>
        <w>וּ/מַגִּ֤יד</w>
        <w>לְ/אָדָם֙</w>
        <w>מַה־</w>
        <w>שֵּׂח֔/וֹ</w>
        <w>עֹשֵׂ֥ה</w>
        <w>שַׁ֙חַר֙</w>
        <w>עֵיפָ֔ה</w>
        <w>וְ/דֹרֵ֖ךְ</w>
        <w>עַל־</w>
        <w>בָּ֣מֳתֵי</w>
        <w>אָ֑רֶץ</w>
        <w>יְהוָ֥ה</w>
        <w>אֱלֹהֵֽי־</w>
        <w>צְבָא֖וֹת</w>
        <w>שְׁמֽ/וֹ׃</w>
        <samekh/>
      </v>
      <vs>13</vs>
    </c>
    <c n="5">
      <v n="1">
        <w>שִׁמְע֞וּ</w>
        <w>אֶת־</w>
        <w>הַ/דָּבָ֣ר</w>
        <w>הַ/זֶּ֗ה</w>
        <w>אֲשֶׁ֨ר</w>
        <w>אָנֹכִ֜י</w>
        <w>נֹשֵׂ֧א</w>
        <w>עֲלֵי/כֶ֛ם</w>
        <w>קִינָ֖ה</w>
        <w>בֵּ֥ית</w>
        <w>יִשְׂרָאֵֽל׃</w>
      </v>
      <v n="2">
        <w>נָֽפְלָה֙</w>
        <w>לֹֽא־</w>
        <w>תוֹסִ֣יף</w>
        <w>ק֔וּם</w>
        <w>בְּתוּלַ֖ת</w>
        <w>יִשְׂרָאֵ֑ל</w>
        <w>נִטְּשָׁ֥ה</w>
        <w>עַל־</w>
        <w>אַדְמָתָ֖/הּ</w>
        <w>אֵ֥ין</w>
        <w>מְקִימָֽ/הּ׃</w>
      </v>
      <v n="3">
        <w>כִּ֣י</w>
        <w>כֹ֤ה</w>
        <w>אָמַר֙</w>
        <w>אֲדֹנָ֣/י</w>
        <w>יְהוִ֔ה</w>
        <w>הָ/עִ֛יר</w>
        <w>הַ/יֹּצֵ֥את</w>
        <w>אֶ֖לֶף</w>
        <w>תַּשְׁאִ֣יר</w>
        <w>מֵאָ֑ה</w>
        <w>וְ/הַ/יּוֹצֵ֥את</w>
        <w>מֵאָ֛ה</w>
        <w>תַּשְׁאִ֥יר</w>
        <w>עֲשָׂרָ֖ה</w>
        <w>לְ/בֵ֥ית</w>
        <w>יִשְׂרָאֵֽל׃</w>
        <samekh/>
      </v>
      <v n="4">
        <w>כִּ֣י</w>
        <w>כֹ֥ה</w>
        <w>אָמַ֛ר</w>
        <w>יְהוָ֖ה</w>
        <w>לְ/בֵ֣ית</w>
        <w>יִשְׂרָאֵ֑ל</w>
        <w>דִּרְשׁ֖וּ/נִי</w>
        <w>וִֽ/חְיֽוּ׃</w>
      </v>
      <v n="5">
        <w>וְ/אַֽל־</w>
        <w>תִּדְרְשׁוּ֙</w>
        <w>בֵּֽית־</w>
        <w>אֵ֔ל</w>
        <w>וְ/הַ/גִּלְגָּל֙</w>
        <w>לֹ֣א</w>
        <w>תָבֹ֔אוּ</w>
        <w>וּ/בְאֵ֥ר</w>
        <w>שֶׁ֖בַע</w>
        <w>לֹ֣א</w>
        <w>תַעֲבֹ֑רוּ</w>
        <w>כִּ֤י</w>
        <w>הַ/גִּלְגָּל֙</w>
        <w>גָּלֹ֣ה</w>
        <w>יִגְלֶ֔ה</w>
        <w>וּ/בֵֽית־</w>
        <w>אֵ֖ל</w>
        <w>יִהְיֶ֥ה</w>
        <w>לְ/אָֽוֶן׃</w>
      </v>
      <v n="6">
        <w>דִּרְשׁ֥וּ</w>
        <w>אֶת־</w>
        <w>יְהוָ֖ה</w>
        <w>וִֽ/חְי֑וּ</w>
        <w>פֶּן־</w>
        <w>יִצְלַ֤ח</w>
        <w>כָּ/אֵשׁ֙</w>
        <w>בֵּ֣ית</w>
        <w>יוֹסֵ֔ף</w>
        <w>וְ/אָכְלָ֥ה</w>
        <w>וְ/אֵין־</w>
        <w>מְכַבֶּ֖ה</w>
        <w>לְ/בֵֽית־</w>
        <w>אֵֽל׃</w>
      </v>
      <v n="7">
        <w>הַ/הֹפְכִ֥ים</w>
        <w>לְ/לַעֲנָ֖ה</w>
        <w>מִשְׁפָּ֑ט</w>
        <w>וּ/צְדָקָ֖ה</w>
        <w>לָ/אָ֥רֶץ</w>
        <w>הִנִּֽיחוּ׃</w>
      </v>
      <v n="8">
        <w>עֹשֵׂ֨ה</w>
        <w>כִימָ֜ה</w>
        <w>וּ/כְסִ֗יל</w>
        <w>וְ/הֹפֵ֤ךְ</w>
        <w>לַ/בֹּ֙קֶר֙</w>
        <w>צַלְמָ֔וֶת</w>
        <w>וְ/י֖וֹם</w>
        <w>לַ֣יְלָה</w>
        <w>הֶחְשִׁ֑יךְ</w>
        <w>הַ/קּוֹרֵ֣א</w>
        <w>לְ/מֵֽי־</w>
        <w>הַ/יָּ֗ם</w>
        <w>וַֽ/יִּשְׁפְּכֵ֛/ם</w>
        <w>עַל־</w>
        <w>פְּנֵ֥י</w>
        <w>הָ/אָ֖רֶץ</w>
        <w>יְהוָ֥ה</w>
        <w>שְׁמֽ/וֹ׃</w>
        <samekh/>
      </v>
      <v n="9">
        <w>הַ/מַּבְלִ֥יג</w>
        <w>שֹׁ֖ד</w>
        <w>עַל־</w>
        <w>עָ֑ז</w>
        <w>וְ/שֹׁ֖ד</w>
        <w>עַל־</w>
        <w>מִבְצָ֥ר</w>
        <w>יָבֽוֹא׃</w>
      </v>
      <v n="10">
        <w>שָׂנְא֥וּ</w>
        <w>בַ/שַּׁ֖עַר</w>
        <w>מוֹכִ֑יחַ</w>
        <w>וְ/דֹבֵ֥ר</w>
        <w>תָּמִ֖ים</w>
        <w>יְתָעֵֽבוּ׃</w>
      </v>
      <v n="11">
        <w>לָ֠/כֵן</w>
        <w>יַ֣עַן</w>
        <w>בּוֹשַׁסְ/כֶ֞ם</w>
        <w>עַל־</w>
        <w>דָּ֗ל</w>
        <w>וּ/מַשְׂאַת־</w>
        <w>בַּר֙</w>
        <w>תִּקְח֣וּ</w>
        <w>מִמֶּ֔/נּוּ</w>
        <w>בָּתֵּ֥י</w>
        <w>גָזִ֛ית</w>
        <w>בְּנִיתֶ֖ם</w>
        <w>וְ/לֹא־</w>
        <w>תֵ֣שְׁבוּ</w>
        <w>בָ֑/ם</w>
        <w>כַּרְמֵי־</w>
        <w>חֶ֣מֶד</w>
        <w>נְטַעְתֶּ֔ם</w>
        <w>וְ/לֹ֥א</w>
        <w>תִשְׁתּ֖וּ</w>
        <w>אֶת־</w>
        <w>יֵינָֽ/ם׃</w>
      </v>
      <v n="12">
        <w>כִּ֤י</w>
        <w>יָדַ֙עְתִּי֙</w>
        <w>רַבִּ֣ים</w>
        <w>פִּשְׁעֵי/כֶ֔ם</w>
        <w>וַ/עֲצֻמִ֖ים</w>
        <w>חַטֹּֽאתֵי/כֶ֑ם</w>
        <w>צֹרְרֵ֤י</w>
        <w>צַדִּיק֙</w>
        <w>לֹ֣קְחֵי</w>
        <w>כֹ֔פֶר</w>
        <w>וְ/אֶבְיוֹנִ֖ים</w>
        <w>בַּ/שַּׁ֥עַר</w>
        <w>הִטּֽוּ׃</w>
      </v>
      <v n="13">
        <w>לָ/כֵ֗ן</w>
        <w>הַ/מַּשְׂכִּ֛יל</w>
        <w>בָּ/עֵ֥ת</w>
        <w>הַ/הִ֖יא</w>
        <w>יִדֹּ֑ם</w>
        <w>כִּ֛י</w>
        <w>עֵ֥ת</w>
        <w>רָעָ֖ה</w>
        <w>הִֽיא׃</w>
      </v>
      <v n="14">
        <w>דִּרְשׁוּ־</w>
        <w>ט֥וֹב</w>
        <w>וְ/אַל־</w>
        <w>רָ֖ע</w>
        <w>לְמַ֣עַן</w>
        <w>תִּֽחְי֑וּ</w>
        <w>וִ/יהִי־</w>
        <w>כֵ֞ן</w>
        <w>יְהוָ֧ה</w>
        <w>אֱלֹהֵֽי־</w>
        <w>צְבָא֛וֹת</w>
        <w>אִתְּ/כֶ֖ם</w>
        <w>כַּ/אֲשֶׁ֥ר</w>
        <w>אֲמַרְתֶּֽם׃</w>
      </v>
      <v n="15">
        <w>שִׂנְאוּ־</w>
        <w>רָע֙</w>
        <w>וְ/אֶ֣הֱבוּ</w>
        <w>ט֔וֹב</w>
        <w>וְ/הַצִּ֥יגוּ</w>
        <w>בַ/שַּׁ֖עַר</w>
        <w>מִשְׁפָּ֑ט</w>
        <w>אוּלַ֗י</w>
        <w>יֶֽחֱנַ֛ן</w>
        <w>יְהוָ֥ה</w>
        <w>אֱלֹהֵֽי־</w>
        <w>צְבָא֖וֹת</w>
        <w>שְׁאֵרִ֥ית</w>
        <w>יוֹסֵֽף׃</w>
        <samekh/>
      </v>
      <v n="16">
        <w>לָ֠/כֵן</w>
        <w>כֹּֽה־</w>
        <w>אָמַ֨ר</w>
        <w>יְהוָ֜ה</w>
        <w>אֱלֹהֵ֤י</w>
        <w>צְבָאוֹת֙</w>
        <w>אֲדֹנָ֔/י</w>
        <w>בְּ/כָל־</w>
        <w>רְחֹב֣וֹת</w>
        <w>מִסְפֵּ֔ד</w>
        <w>וּ/בְ/כָל־</w>
        <w>חוּצ֖וֹת</w>
        <w>יֹאמְר֣וּ</w>
        <w>הוֹ־</w>
        <w>ה֑וֹ</w>
        <w>וְ/קָרְא֤וּ</w>
        <w>אִכָּר֙</w>
        <w>אֶל־</w>
        <w>אֵ֔בֶל</w>
        <w>וּ/מִסְפֵּ֖ד</w>
        <w>אֶל־</w>
        <w>י֥וֹדְעֵי</w>
        <w>נֶֽהִי׃</w>
      </v>
      <v n="17">
        <w>וּ/בְ/כָל־</w>
        <w>כְּרָמִ֖ים</w>
        <w>מִסְפֵּ֑ד</w>
        <w>כִּֽי־</w>
        <w>אֶעֱבֹ֥ר</w>
        <w>בְּ/קִרְבְּ/ךָ֖</w>
        <w>אָמַ֥ר</w>
        <w>יְהוָֽה׃</w>
        <samekh/>
      </v>
      <v n="18">
        <w>ה֥וֹי</w>
        <w>הַ/מִּתְאַוִּ֖ים</w>
        <w>אֶת־</w>
        <w>י֣וֹם</w>
        <w>יְהוָ֑ה</w>
        <w>לָ/מָּה־</w>
        <w>זֶּ֥ה</w>
        <w>לָ/כֶ֛ם</w>
        <w>י֥וֹם</w>
        <w>יְהוָ֖ה</w>
        <w>הוּא־</w>
        <w>חֹ֥שֶׁךְ</w>
        <w>וְ/לֹא־</w>
        <w>אֽוֹר׃</w>
      </v>
      <v n="19">
        <w>כַּ/אֲשֶׁ֨ר</w>
        <w>יָנ֥וּס</w>
        <w>אִישׁ֙</w>
        <w>מִ/פְּנֵ֣י</w>
        <w>הָ/אֲרִ֔י</w>
        <w>וּ/פְגָע֖/וֹ</w>
        <w>הַ/דֹּ֑ב</w>
        <w>וּ/בָ֣א</w>
        <w>הַ/בַּ֔יִת</w>
        <w>וְ/סָמַ֤ךְ</w>
        <w>יָד/וֹ֙</w>
        <w>עַל־</w>
        <w>הַ/קִּ֔יר</w>
        <w>וּ/נְשָׁכ֖/וֹ</w>
        <w>הַ/נָּחָֽשׁ׃</w>
      </v>
      <v n="20">
        <w>הֲ/לֹא־</w>
        <w>חֹ֛שֶׁךְ</w>
        <w>י֥וֹם</w>
        <w>יְהוָ֖ה</w>
        <w>וְ/לֹא־</w>
        <w>א֑וֹר</w>
        <w>וְ/אָפֵ֖ל</w>
        <w>וְ/לֹא־</w>
        <w>נֹ֥גַֽהּ</w>
        <w>לֽ/וֹ׃</w>
      </v>
      <v n="21">
        <w>שָׂנֵ֥אתִי</w>
        <w>מָאַ֖סְתִּי</w>
        <w>חַגֵּי/כֶ֑ם</w>
        <w>וְ/לֹ֥א</w>
        <w>אָרִ֖יחַ</w>
        <w>בְּ/עַצְּרֹֽתֵי/כֶֽם׃</w>
      </v>
      <v n="22">
        <w>כִּ֣י</w>
        <w>אִם־</w>
        <w>תַּעֲלוּ־</w>
        <w>לִ֥/י</w>
        <w>עֹל֛וֹת</w>
        <w>וּ/מִנְחֹתֵי/כֶ֖ם</w>
        <w>לֹ֣א</w>
        <w>אֶרְצֶ֑ה</w>
        <w>וְ/שֶׁ֥לֶם</w>
        <w>מְרִיאֵי/כֶ֖ם</w>
        <w>לֹ֥א</w>
        <w>אַבִּֽיט׃</w>
      </v>
      <v n="23">
        <w>הָסֵ֥ר</w>
        <w>מֵ/עָלַ֖/י</w>
        <w>הֲמ֣וֹן</w>
        <w>שִׁרֶ֑י/ךָ</w>
        <w>וְ/זִמְרַ֥ת</w>
        <w>נְבָלֶ֖י/ךָ</w>
        <w>לֹ֥א</w>
        <w>אֶשְׁמָֽע׃</w>
      </v>
      <v n="24">
        <w>וְ/יִגַּ֥ל</w>
        <w>כַּ/מַּ֖יִם</w>
        <w>מִשְׁפָּ֑ט</w>
        <w>וּ/צְדָקָ֖ה</w>
        <w>כְּ/נַ֥חַל</w>
        <w>אֵיתָֽן׃</w>
      </v>
      <v n="25">
        <w>הַ/זְּבָחִ֨ים</w>
        <w>וּ/מִנְחָ֜ה</w>
        <w>הִֽגַּשְׁתֶּם־</w>
        <w>לִ֧/י</w>
        <w>בַ/מִּדְבָּ֛ר</w>
        <w>אַרְבָּעִ֥ים</w>
        <w>שָׁנָ֖ה</w>
        <w>בֵּ֥ית</w>
        <w>יִשְׂרָאֵֽל׃</w>
      </v>
      <v n="26">
        <w>וּ/נְשָׂאתֶ֗ם</w>
        <w>אֵ֚ת</w>
        <w>סִכּ֣וּת</w>
        <w>מַלְכְּ/כֶ֔ם</w>
        <w>וְ/אֵ֖ת</w>
        <w>כִּיּ֣וּן</w>
        <w>צַלְמֵי/כֶ֑ם</w>
        <w>כּוֹכַב֙</w>
        <w>אֱלֹ֣הֵי/כֶ֔ם</w>
        <w>אֲשֶׁ֥ר</w>
        <w>עֲשִׂיתֶ֖ם</w>
        <w>לָ/כֶֽם׃</w>
      </v>
      <v n="27">
        <w>וְ/הִגְלֵיתִ֥י</w>
        <w>אֶתְ/כֶ֖ם</w>
        <w>מֵ/הָ֣לְאָה</w>
        <w>לְ/דַמָּ֑שֶׂק</w>
        <w>אָמַ֛ר</w>
        <w>יְהוָ֥ה</w>
        <w>אֱלֹהֵֽי־</w>
        <w>צְבָא֖וֹת</w>
        <w>שְׁמֽ/וֹ׃</w>
        <pe/>
      </v>
      <vs>27</vs>
    </c>
    <c n="6">
      <v n="1">
        <w>ה֚וֹי</w>
        <w>הַ/שַּׁאֲנַנִּ֣ים</w>
        <w>בְּ/צִיּ֔וֹן</w>
        <w>וְ/הַ/בֹּטְחִ֖ים</w>
        <w>בְּ/הַ֣ר</w>
        <w>שֹׁמְר֑וֹן</w>
        <w>נְקֻבֵי֙</w>
        <w>רֵאשִׁ֣ית</w>
        <w>הַ/גּוֹיִ֔ם</w>
        <w>וּ/בָ֥אוּ</w>
        <w>לָ/הֶ֖ם</w>
        <w>בֵּ֥ית</w>
        <w>יִשְׂרָאֵֽל׃</w>
      </v>
      <v n="2">
        <w>עִבְר֤וּ</w>
        <w>כַֽלְנֵה֙</w>
        <w>וּ/רְא֔וּ</w>
        <w>וּ/לְכ֥וּ</w>
        <w>מִ/שָּׁ֖ם</w>
        <w>חֲמַ֣ת</w>
        <w>רַבָּ֑ה</w>
        <w>וּ/רְד֣וּ</w>
        <w>גַת־</w>
        <w>פְּלִשְׁתּ֗ים
</w>
        <w>הֲ/טוֹבִים֙</w>
        <w>מִן־</w>
        <w>הַ/מַּמְלָכ֣וֹת</w>
        <w>הָ/אֵ֔לֶּה</w>
        <w>אִם־</w>
        <w>רַ֥ב</w>
        <w>גְּבוּלָ֖/ם</w>
        <w>מִ/גְּבֻלְ/כֶֽם׃</w>
      </v>
      <v n="3">
        <w>הַֽ/מְנַדִּ֖ים</w>
        <w>לְ/י֣וֹם</w>
        <w>רָ֑ע</w>
        <w>וַ/תַּגִּישׁ֖וּ/ן</w>
        <w>שֶׁ֥בֶת</w>
        <w>חָמָֽס׃</w>
      </v>
      <v n="4">
        <w>הַ/שֹּֽׁכְבִים֙</w>
        <w>עַל־</w>
        <w>מִטּ֣וֹת</w>
        <w>שֵׁ֔ן</w>
        <w>וּ/סְרֻחִ֖ים</w>
        <w>עַל־</w>
        <w>עַרְשׂוֹתָ֑/ם</w>
        <w>וְ/אֹכְלִ֤ים</w>
        <w>כָּרִים֙</w>
        <w>מִ/צֹּ֔אן</w>
        <w>וַ/עֲגָלִ֖ים</w>
        <w>מִ/תּ֥וֹךְ</w>
        <w>מַרְבֵּֽק׃</w>
      </v>
      <v n="5">
        <w>הַ/פֹּרְטִ֖ים</w>
        <w>עַל־</w>
        <w>פִּ֣י</w>
        <w>הַ/נָּ֑בֶל</w>
        <w>כְּ/דָוִ֕יד</w>
        <w>חָשְׁב֥וּ</w>
        <w>לָ/הֶ֖ם</w>
        <w>כְּלֵי־</w>
        <w>שִֽׁיר׃</w>
      </v>
      <v n="6">
        <w>הַ/שֹּׁתִ֤ים</w>
        <w>בְּ/מִזְרְקֵי֙</w>
        <w>יַ֔יִן</w>
        <w>וְ/רֵאשִׁ֥ית</w>
        <w>שְׁמָנִ֖ים</w>
        <w>יִמְשָׁ֑חוּ</w>
        <w>וְ/לֹ֥א</w>
        <w>נֶחְל֖וּ</w>
        <w>עַל־</w>
        <w>שֵׁ֥בֶר</w>
        <w>יוֹסֵֽף
<x>n</x>

</w>
      </v>
      <v n="7">
        <w>לָ/כֵ֛ן</w>
        <w>עַתָּ֥ה</w>
        <w>יִגְל֖וּ</w>
        <w>בְּ/רֹ֣אשׁ</w>
        <w>גֹּלִ֑ים</w>
        <w>וְ/סָ֖ר</w>
        <w>מִרְזַ֥ח</w>
        <w>סְרוּחִֽים׃</w>
        <pe/>
      </v>
      <v n="8">
        <w>נִשְׁבַּע֩</w>
        <w>אֲדֹנָ֨/י</w>
        <w>יְהוִ֜ה</w>
        <w>בְּ/נַפְשׁ֗/וֹ</w>
        <w>נְאֻם־</w>
        <w>יְהוָה֙</w>
        <w>אֱלֹהֵ֣י</w>
        <w>צְבָא֔וֹת</w>
        <w>מְתָאֵ֤ב</w>
        <w>אָֽנֹכִי֙</w>
        <w>אֶת־</w>
        <w>גְּא֣וֹן</w>
        <w>יַֽעֲקֹ֔ב</w>
        <w>וְ/אַרְמְנֹתָ֖י/ו</w>
        <w>שָׂנֵ֑אתִי</w>
        <w>וְ/הִסְגַּרְתִּ֖י</w>
        <w>עִ֥יר</w>
        <w>וּ/מְלֹאָֽ/הּ׃</w>
      </v>
      <v n="9">
        <w>וְ/הָיָ֗ה</w>
        <w>אִם־</w>
        <w>יִוָּ֨תְר֜וּ</w>
        <w>עֲשָׂרָ֧ה</w>
        <w>אֲנָשִׁ֛ים</w>
        <w>בְּ/בַ֥יִת</w>
        <w>אֶחָ֖ד</w>
        <w>וָ/מֵֽתוּ׃</w>
      </v>
      <v n="10">
        <w>וּ/נְשָׂא֞/וֹ</w>
        <w>דּוֹד֣/וֹ</w>
        <w>וּ/מְסָרְפ֗/וֹ</w>
        <w>לְ/הוֹצִ֣יא</w>
        <w>עֲצָמִים֮</w>
        <w>מִן־</w>
        <w>הַ/בַּיִת֒</w>
        <w>וְ/אָמַ֞ר</w>
        <w>לַ/אֲשֶׁ֨ר</w>
        <w>בְּ/יַרְכְּתֵ֥י</w>
        <w>הַ/בַּ֛יִת</w>
        <w>הַ/ע֥וֹד</w>
        <w>עִמָּ֖/ךְ</w>
        <w>וְ/אָמַ֣ר</w>
        <w>אָ֑פֶס</w>
        <w>וְ/אָמַ֣ר</w>
        <w>הָ֔ס</w>
        <w>כִּ֛י</w>
        <w>לֹ֥א</w>
        <w>לְ/הַזְכִּ֖יר</w>
        <w>בְּ/שֵׁ֥ם</w>
        <w>יְהוָֽה׃</w>
      </v>
      <v n="11">
        <w>כִּֽי־</w>
        <w>הִנֵּ֤ה</w>
        <w>יְהוָה֙</w>
        <w>מְצַוֶּ֔ה</w>
        <w>וְ/הִכָּ֛ה</w>
        <w>הַ/בַּ֥יִת</w>
        <w>הַ/גָּד֖וֹל</w>
        <w>רְסִיסִ֑ים</w>
        <w>וְ/הַ/בַּ֥יִת</w>
        <w>הַ/קָּטֹ֖ן</w>
        <w>בְּקִעִֽים׃</w>
      </v>
      <v n="12">
        <w>הַ/יְרֻצ֤וּ/ן</w>
        <w>בַּ/סֶּ֙לַע֙</w>
        <w>סוּסִ֔ים</w>
        <w>אִֽם־</w>
        <w>יַחֲר֖וֹשׁ</w>
        <w>בַּ/בְּקָרִ֑ים</w>
        <w>כִּֽי־</w>
        <w>הֲפַכְתֶּ֤ם</w>
        <w>לְ/רֹאשׁ֙</w>
        <w>מִשְׁפָּ֔ט</w>
        <w>וּ/פְרִ֥י</w>
        <w>צְדָקָ֖ה</w>
        <w>לְ/לַעֲנָֽה׃</w>
      </v>
      <v n="13">
        <w>הַ/שְּׂמֵחִ֖ים</w>
        <w>לְ/לֹ֣א</w>
        <w>דָבָ֑ר</w>
        <w>הָ/אֹ֣מְרִ֔ים</w>
        <w>הֲ/ל֣וֹא</w>
        <w>בְ/חָזְקֵ֔/נוּ</w>
        <w>לָקַ֥חְנוּ</w>
        <w>לָ֖/נוּ</w>
        <w>קַרְנָֽיִם׃</w>
      </v>
      <v n="14">
        <w>כִּ֡י</w>
        <w>הִנְ/נִי֩</w>
        <w>מֵקִ֨ים</w>
        <w>עֲלֵי/כֶ֜ם</w>
        <w>בֵּ֣ית</w>
        <w>יִשְׂרָאֵ֗ל</w>
        <w>נְאֻם־</w>
        <w>יְהוָ֛ה</w>
        <w>אֱלֹהֵ֥י</w>
        <w>הַ/צְּבָא֖וֹת</w>
        <w>גּ֑וֹי</w>
        <w>וְ/לָחֲצ֥וּ</w>
        <w>אֶתְ/כֶ֛ם</w>
        <w>מִ/לְּב֥וֹא</w>
        <w>חֲמָ֖ת</w>
        <w>עַד־</w>
        <w>נַ֥חַל</w>
        <w>הָ/עֲרָבָֽה׃</w>
        <samekh/>
      </v>
      <vs>14</vs>
    </c>
    <c n="7">
      <v n="1">
        <w>כֹּ֤ה</w>
        <w>הִרְאַ֙/נִי֙</w>
        <w>אֲדֹנָ֣/י</w>
        <w>יְהוִ֔ה</w>
        <w>וְ/הִנֵּה֙</w>
        <w>יוֹצֵ֣ר</w>
        <w>גֹּבַ֔י</w>
        <w>בִּ/תְחִלַּ֖ת</w>
        <w>עֲל֣וֹת</w>
        <w>הַ/לָּ֑קֶשׁ</w>
        <w>וְ/הִ֨נֵּה־</w>
        <w>לֶ֔קֶשׁ</w>
        <w>אַחַ֖ר</w>
        <w>גִּזֵּ֥י</w>
        <w>הַ/מֶּֽלֶךְ׃</w>
      </v>
      <v n="2">
        <w>וְ/הָיָ֗ה</w>
        <w>אִם־</w>
        <w>כִּלָּה֙</w>
        <w>לֶֽ/אֱכוֹל֙</w>
        <w>אֶת־</w>
        <w>עֵ֣שֶׂב</w>
        <w>הָ/אָ֔רֶץ</w>
        <w>וָ/אֹמַ֗ר</w>
        <w>אֲדֹנָ֤/י</w>
        <w>יְהוִה֙</w>
        <w>סְֽלַֽח־</w>
        <w>נָ֔א</w>
        <w>מִ֥י</w>
        <w>יָק֖וּם</w>
        <w>יַֽעֲקֹ֑ב</w>
        <w>כִּ֥י</w>
        <w>קָטֹ֖ן</w>
        <w>הֽוּא׃</w>
      </v>
      <v n="3">
        <w>נִחַ֥ם</w>
        <w>יְהוָ֖ה</w>
        <w>עַל־</w>
        <w>זֹ֑את</w>
        <w>לֹ֥א</w>
        <w>תִהְיֶ֖ה</w>
        <w>אָמַ֥ר</w>
        <w>יְהוָֽה׃</w>
      </v>
      <v n="4">
        <w>כֹּ֤ה</w>
        <w>הִרְאַ֙/נִי֙</w>
        <w>אֲדֹנָ֣/י</w>
        <w>יְהוִ֔ה</w>
        <w>וְ/הִנֵּ֥ה</w>
        <w>קֹרֵ֛א</w>
        <w>לָ/רִ֥ב</w>
        <w>בָּ/אֵ֖שׁ</w>
        <w>אֲדֹנָ֣/י</w>
        <w>יְהוִ֑ה</w>
        <w>וַ/תֹּ֙אכַל֙</w>
        <w>אֶת־</w>
        <w>תְּה֣וֹם</w>
        <w>רַבָּ֔ה</w>
        <w>וְ/אָכְלָ֖ה</w>
        <w>אֶת־</w>
        <w>הַ/חֵֽלֶק׃</w>
      </v>
      <v n="5">
        <w>וָ/אֹמַ֗ר</w>
        <w>אֲדֹנָ֤/י</w>
        <w>יְהוִה֙</w>
        <w>חֲדַל־</w>
        <w>נָ֔א</w>
        <w>מִ֥י</w>
        <w>יָק֖וּם</w>
        <w>יַעֲקֹ֑ב</w>
        <w>כִּ֥י</w>
        <w>קָטֹ֖ן</w>
        <w>הֽוּא׃</w>
      </v>
      <v n="6">
        <w>נִחַ֥ם</w>
        <w>יְהוָ֖ה</w>
        <w>עַל־</w>
        <w>זֹ֑את</w>
        <w>גַּם־</w>
        <w>הִיא֙</w>
        <w>לֹ֣א</w>
        <w>תִֽהְיֶ֔ה</w>
        <w>אָמַ֖ר</w>
        <w>אֲדֹנָ֥/י</w>
        <w>יְהוִֽה׃</w>
        <samekh/>
      </v>
      <v n="7">
        <w>כֹּ֣ה</w>
        <w>הִרְאַ֔/נִי</w>
        <w>וְ/הִנֵּ֧ה</w>
        <w>אֲדֹנָ֛/י</w>
        <w>נִצָּ֖ב</w>
        <w>עַל־</w>
        <w>חוֹמַ֣ת</w>
        <w>אֲנָ֑ךְ</w>
        <w>וּ/בְ/יָד֖/וֹ</w>
        <w>אֲנָֽךְ׃</w>
      </v>
      <v n="8">
        <w>וַ/יֹּ֨אמֶר</w>
        <w>יְהוָ֜ה</w>
        <w>אֵלַ֗/י</w>
        <w>מָֽה־</w>
        <w>אַתָּ֤ה</w>
        <w>רֹאֶה֙</w>
        <w>עָמ֔וֹס</w>
        <w>וָ/אֹמַ֖ר</w>
        <w>אֲנָ֑ךְ</w>
        <w>וַ/יֹּ֣אמֶר</w>
        <w>אֲדֹנָ֗/י</w>
        <w>הִנְ/נִ֨י</w>
        <w>שָׂ֤ם</w>
        <w>אֲנָךְ֙</w>
        <w>בְּ/קֶ֙רֶב֙</w>
        <w>עַמִּ֣/י</w>
        <w>יִשְׂרָאֵ֔ל</w>
        <w>לֹֽא־</w>
        <w>אוֹסִ֥יף</w>
        <w>ע֖וֹד</w>
        <w>עֲב֥וֹר</w>
        <w>לֽ/וֹ׃</w>
      </v>
      <v n="9">
        <w>וְ/נָשַׁ֙מּוּ֙</w>
        <w>בָּמ֣וֹת</w>
        <w>יִשְׂחָ֔ק</w>
        <w>וּ/מִקְדְּשֵׁ֥י</w>
        <w>יִשְׂרָאֵ֖ל</w>
        <w>יֶחֱרָ֑בוּ</w>
        <w>וְ/קַמְתִּ֛י</w>
        <w>עַל־</w>
        <w>בֵּ֥ית</w>
        <w>יָרָבְעָ֖ם</w>
        <w>בֶּ/חָֽרֶב׃</w>
        <pe/>
      </v>
      <v n="10">
        <w>וַ/יִּשְׁלַ֗ח</w>
        <w>אֲמַצְיָה֙</w>
        <w>כֹּהֵ֣ן</w>
        <w>בֵּֽית־</w>
        <w>אֵ֔ל</w>
        <w>אֶל־</w>
        <w>יָרָבְעָ֥ם</w>
        <w>מֶֽלֶךְ־</w>
        <w>יִשְׂרָאֵ֖ל</w>
        <w>לֵ/אמֹ֑ר</w>
        <w>קָשַׁ֨ר</w>
        <w>עָלֶ֜י/ךָ</w>
        <w>עָמ֗וֹס</w>
        <w>בְּ/קֶ֙רֶב֙</w>
        <w>בֵּ֣ית</w>
        <w>יִשְׂרָאֵ֔ל</w>
        <w>לֹא־</w>
        <w>תוּכַ֣ל</w>
        <w>הָ/אָ֔רֶץ</w>
        <w>לְ/הָכִ֖יל</w>
        <w>אֶת־</w>
        <w>כָּל־</w>
        <w>דְּבָרָֽי/ו׃</w>
      </v>
      <v n="11">
        <w>כִּי־</w>
        <w>כֹה֙</w>
        <w>אָמַ֣ר</w>
        <w>עָמ֔וֹס</w>
        <w>בַּ/חֶ֖רֶב</w>
        <w>יָמ֣וּת</w>
        <w>יָרָבְעָ֑ם</w>
        <w>וְ/יִ֨שְׂרָאֵ֔ל</w>
        <w>גָּלֹ֥ה</w>
        <w>יִגְלֶ֖ה</w>
        <w>מֵ/עַ֥ל</w>
        <w>אַדְמָתֽ/וֹ׃</w>
        <samekh/>
      </v>
      <v n="12">
        <w>וַ/יֹּ֤אמֶר</w>
        <w>אֲמַצְיָה֙</w>
        <w>אֶל־</w>
        <w>עָמ֔וֹס</w>
        <w>חֹזֶ֕ה</w>
        <w>לֵ֥ךְ</w>
        <w>בְּרַח־</w>
        <w>לְ/ךָ֖</w>
        <w>אֶל־</w>
        <w>אֶ֣רֶץ</w>
        <w>יְהוּדָ֑ה</w>
        <w>וֶ/אֱכָל־</w>
        <w>שָׁ֣ם</w>
        <w>לֶ֔חֶם</w>
        <w>וְ/שָׁ֖ם</w>
        <w>תִּנָּבֵֽא׃</w>
      </v>
      <v n="13">
        <w>וּ/בֵֽית־</w>
        <w>אֵ֔ל</w>
        <w>לֹֽא־</w>
        <w>תוֹסִ֥יף</w>
        <w>ע֖וֹד</w>
        <w>לְ/הִנָּבֵ֑א</w>
        <w>כִּ֤י</w>
        <w>מִקְדַּשׁ־</w>
        <w>מֶ֙לֶךְ֙</w>
        <w>ה֔וּא</w>
        <w>וּ/בֵ֥ית</w>
        <w>מַמְלָכָ֖ה</w>
        <w>הֽוּא׃</w>
        <samekh/>
      </v>
      <v n="14">
        <w>וַ/יַּ֤עַן</w>
        <w>עָמוֹס֙</w>
        <w>וַ/יֹּ֣אמֶר</w>
        <w>אֶל־</w>
        <w>אֲמַצְיָ֔ה</w>
        <w>לֹא־</w>
        <w>נָבִ֣יא</w>
        <w>אָנֹ֔כִי</w>
        <w>וְ/לֹ֥א</w>
        <w>בֶן־</w>
        <w>נָבִ֖יא</w>
        <w>אָנֹ֑כִי</w>
        <w>כִּֽי־</w>
        <w>בוֹקֵ֥ר</w>
        <w>אָנֹ֖כִי</w>
        <w>וּ/בוֹלֵ֥ס</w>
        <w>שִׁקְמִֽים׃</w>
      </v>
      <v n="15">
        <w>וַ/יִּקָּחֵ֣/נִי</w>
        <w>יְהוָ֔ה</w>
        <w>מֵ/אַחֲרֵ֖י</w>
        <w>הַ/צֹּ֑אן</w>
        <w>וַ/יֹּ֤אמֶר</w>
        <w>אֵלַ/י֙</w>
        <w>יְהוָ֔ה</w>
        <w>לֵ֥ךְ</w>
        <w>הִנָּבֵ֖א</w>
        <w>אֶל־</w>
        <w>עַמִּ֥/י</w>
        <w>יִשְׂרָאֵֽל׃</w>
      </v>
      <v n="16">
        <w>וְ/עַתָּ֖ה</w>
        <w>שְׁמַ֣ע</w>
        <w>דְּבַר־</w>
        <w>יְהוָ֑ה</w>
        <w>אַתָּ֣ה</w>
        <w>אֹמֵ֗ר</w>
        <w>לֹ֤א</w>
        <w>תִנָּבֵא֙</w>
        <w>עַל־</w>
        <w>יִשְׂרָאֵ֔ל</w>
        <w>וְ/לֹ֥א</w>
        <w>תַטִּ֖יף</w>
        <w>עַל־</w>
        <w>בֵּ֥ית</w>
        <w>יִשְׂחָֽק׃</w>
      </v>
      <v n="17">
        <w>לָ/כֵ֞ן</w>
        <w>כֹּה־</w>
        <w>אָמַ֣ר</w>
        <w>יְהוָ֗ה</w>
        <w>אִשְׁתְּ/ךָ֞</w>
        <w>בָּ/עִ֤יר</w>
        <w>תִּזְנֶה֙</w>
        <w>וּ/בָנֶ֤י/ךָ</w>
        <w>וּ/בְנֹתֶ֙י/ךָ֙</w>
        <w>בַּ/חֶ֣רֶב</w>
        <w>יִפֹּ֔לוּ</w>
        <w>וְ/אַדְמָתְ/ךָ֖</w>
        <w>בַּ/חֶ֣בֶל</w>
        <w>תְּחֻלָּ֑ק</w>
        <w>וְ/אַתָּ֗ה</w>
        <w>עַל־</w>
        <w>אֲדָמָ֤ה</w>
        <w>טְמֵאָה֙</w>
        <w>תָּמ֔וּת</w>
        <w>וְ/יִ֨שְׂרָאֵ֔ל</w>
        <w>גָּלֹ֥ה</w>
        <w>יִגְלֶ֖ה</w>
        <w>מֵ/עַ֥ל</w>
        <w>אַדְמָתֽ/וֹ׃</w>
        <samekh/>
      </v>
      <vs>17</vs>
    </c>
    <c n="8">
      <v n="1">
        <w>כֹּ֥ה</w>
        <w>הִרְאַ֖/נִי</w>
        <w>אֲדֹנָ֣/י</w>
        <w>יְהוִ֑ה</w>
        <w>וְ/הִנֵּ֖ה</w>
        <w>כְּל֥וּב</w>
        <w>קָֽיִץ׃</w>
      </v>
      <v n="2">
        <w>וַ/יֹּ֗אמֶר</w>
        <w>מָֽה־</w>
        <w>אַתָּ֤ה</w>
        <w>רֹאֶה֙</w>
        <w>עָמ֔וֹס</w>
        <w>וָ/אֹמַ֖ר</w>
        <w>כְּל֣וּב</w>
        <w>קָ֑יִץ</w>
        <w>וַ/יֹּ֨אמֶר</w>
        <w>יְהוָ֜ה</w>
        <w>אֵלַ֗/י</w>
        <w>בָּ֤א</w>
        <w>הַ/קֵּץ֙</w>
        <w>אֶל־</w>
        <w>עַמִּ֣/י</w>
        <w>יִשְׂרָאֵ֔ל</w>
        <w>לֹא־</w>
        <w>אוֹסִ֥יף</w>
        <w>ע֖וֹד</w>
        <w>עֲב֥וֹר</w>
        <w>לֽ/וֹ׃</w>
      </v>
      <v n="3">
        <w>וְ/הֵילִ֜ילוּ</w>
        <w>שִׁיר֤וֹת</w>
        <w>הֵיכָל֙</w>
        <w>בַּ/יּ֣וֹם</w>
        <w>הַ/ה֔וּא</w>
        <w>נְאֻ֖ם</w>
        <w>אֲדֹנָ֣/י</w>
        <w>יְהוִ֑ה</w>
        <w>רַ֣ב</w>
        <w>הַ/פֶּ֔גֶר</w>
        <w>בְּ/כָל־</w>
        <w>מָק֖וֹם</w>
        <w>הִשְׁלִ֥יךְ</w>
        <w>הָֽס׃</w>
        <pe/>
      </v>
      <v n="4">
        <w>שִׁמְעוּ־</w>
        <w>זֹ֕את</w>
        <w>הַ/שֹּׁאֲפִ֖ים</w>
        <w>אֶבְי֑וֹן</w>
        <w>וְ/לַ/שְׁבִּ֖ית</w>
        <k>ענוי־</k>
        <q>עֲנִיֵּי־</q>
        <w>אָֽרֶץ׃</w>
      </v>
      <v n="5">
        <w>לֵ/אמֹ֗ר</w>
        <w>מָתַ֞י</w>
        <w>יַעֲבֹ֤ר</w>
        <w>הַ/חֹ֙דֶשׁ֙</w>
        <w>וְ/נַשְׁבִּ֣ירָה</w>
        <w>שֶּׁ֔בֶר</w>
        <w>וְ/הַ/שַּׁבָּ֖ת</w>
        <w>וְ/נִפְתְּחָה־</w>
        <w>בָּ֑ר</w>
        <w>לְ/הַקְטִ֤ין</w>
        <w>אֵיפָה֙</w>
        <w>וּ/לְ/הַגְדִּ֣יל</w>
        <w>שֶׁ֔קֶל</w>
        <w>וּ/לְ/עַוֵּ֖ת</w>
        <w>מֹאזְנֵ֥י</w>
        <w>מִרְמָֽה׃</w>
      </v>
      <v n="6">
        <w>לִ/קְנ֤וֹת</w>
        <w>בַּ/כֶּ֙סֶף֙</w>
        <w>דַּלִּ֔ים</w>
        <w>וְ/אֶבְי֖וֹן</w>
        <w>בַּ/עֲב֣וּר</w>
        <w>נַעֲלָ֑יִם</w>
        <w>וּ/מַפַּ֥ל</w>
        <w>בַּ֖ר</w>
        <w>נַשְׁבִּֽיר׃</w>
      </v>
      <v n="7">
        <w>נִשְׁבַּ֥ע</w>
        <w>יְהוָ֖ה</w>
        <w>בִּ/גְא֣וֹן</w>
        <w>יַעֲקֹ֑ב</w>
        <w>אִם־</w>
        <w>אֶשְׁכַּ֥ח</w>
        <w>לָ/נֶ֖צַח</w>
        <w>כָּל־</w>
        <w>מַעֲשֵׂי/הֶֽם׃</w>
      </v>
      <v n="8">
        <w>הַ֤/עַל</w>
        <w>זֹאת֙</w>
        <w>לֹֽא־</w>
        <w>תִרְגַּ֣ז</w>
        <w>הָ/אָ֔רֶץ</w>
        <w>וְ/אָבַ֖ל</w>
        <w>כָּל־</w>
        <w>יוֹשֵׁ֣ב</w>
        <w>בָּ֑/הּ</w>
        <w>וְ/עָלְתָ֤ה</w>
        <w>כָ/אֹר֙</w>
        <w>כֻּלָּ֔/הּ</w>
        <w>וְ/נִגְרְשָׁ֥ה</w>
        <k>ו/נשקה</k>
        <q>וְ/נִשְׁקְעָ֖ה</q>
        <w>כִּ/יא֥וֹר</w>
        <w>מִצְרָֽיִם׃</w>
        <samekh/>
      </v>
      <v n="9">
        <w>וְ/הָיָ֣ה ׀</w>
        <w>בַּ/יּ֣וֹם</w>
        <w>הַ/ה֗וּא</w>
        <w>נְאֻם֙</w>
        <w>אֲדֹנָ֣/י</w>
        <w>יְהוִ֔ה</w>
        <w>וְ/הֵבֵאתִ֥י</w>
        <w>הַ/שֶּׁ֖מֶשׁ</w>
        <w>בַּֽ/צָּהֳרָ֑יִם</w>
        <w>וְ/הַחֲשַׁכְתִּ֥י</w>
        <w>לָ/אָ֖רֶץ</w>
        <w>בְּ/י֥וֹם</w>
        <w>אֽוֹר׃</w>
      </v>
      <v n="10">
        <w>וְ/הָפַכְתִּ֨י</w>
        <w>חַגֵּי/כֶ֜ם</w>
        <w>לְ/אֵ֗בֶל</w>
        <w>וְ/כָל־</w>
        <w>שִֽׁירֵי/כֶם֙</w>
        <w>לְ/קִינָ֔ה</w>
        <w>וְ/הַעֲלֵיתִ֤י</w>
        <w>עַל־</w>
        <w>כָּל־</w>
        <w>מָתְנַ֙יִם֙</w>
        <w>שָׂ֔ק</w>
        <w>וְ/עַל־</w>
        <w>כָּל־</w>
        <w>רֹ֖אשׁ</w>
        <w>קָרְחָ֑ה</w>
        <w>וְ/שַׂמְתִּ֙י/הָ֙</w>
        <w>כְּ/אֵ֣בֶל</w>
        <w>יָחִ֔יד</w>
        <w>וְ/אַחֲרִיתָ֖/הּ</w>
        <w>כְּ/י֥וֹם</w>
        <w>מָֽר׃</w>
      </v>
      <v n="11">
        <w>הִנֵּ֣ה ׀</w>
        <w>יָמִ֣ים</w>
        <w>בָּאִ֗ים</w>
        <w>נְאֻם֙</w>
        <w>אֲדֹנָ֣/י</w>
        <w>יְהוִ֔ה</w>
        <w>וְ/הִשְׁלַחְתִּ֥י</w>
        <w>רָעָ֖ב</w>
        <w>בָּ/אָ֑רֶץ</w>
        <w>לֹֽא־</w>
        <w>רָעָ֤ב</w>
        <w>לַ/לֶּ֙חֶם֙</w>
        <w>וְ/לֹֽא־</w>
        <w>צָמָ֣א</w>
        <w>לַ/מַּ֔יִם</w>
        <w>כִּ֣י</w>
        <w>אִם־</w>
        <w>לִ/שְׁמֹ֔עַ</w>
        <w>אֵ֖ת</w>
        <w>דִּבְרֵ֥י</w>
        <w>יְהוָֽה׃</w>
      </v>
      <v n="12">
        <w>וְ/נָעוּ֙</w>
        <w>מִ/יָּ֣ם</w>
        <w>עַד־</w>
        <w>יָ֔ם</w>
        <w>וּ/מִ/צָּפ֖וֹן</w>
        <w>וְ/עַד־</w>
        <w>מִזְרָ֑ח</w>
        <w>יְשֽׁוֹטְט֛וּ</w>
        <w>לְ/בַקֵּ֥שׁ</w>
        <w>אֶת־</w>
        <w>דְּבַר־</w>
        <w>יְהוָ֖ה</w>
        <w>וְ/לֹ֥א</w>
        <w>יִמְצָֽאוּ׃</w>
      </v>
      <v n="13">
        <w>בַּ/יּ֨וֹם</w>
        <w>הַ/ה֜וּא</w>
        <w>תִּ֠תְעַלַּפְנָה</w>
        <w>הַ/בְּתוּלֹ֧ת</w>
        <w>הַ/יָּפ֛וֹת</w>
        <w>וְ/הַ/בַּחוּרִ֖ים</w>
        <w>בַּ/צָּמָֽא׃</w>
      </v>
      <v n="14">
        <w>הַ/נִּשְׁבָּעִים֙</w>
        <w>בְּ/אַשְׁמַ֣ת</w>
        <w>שֹֽׁמְר֔וֹן</w>
        <w>וְ/אָמְר֗וּ</w>
        <w>חֵ֤י</w>
        <w>אֱלֹהֶ֙י/ךָ֙</w>
        <w>דָּ֔ן</w>
        <w>וְ/חֵ֖י</w>
        <w>דֶּ֣רֶךְ</w>
        <w>בְּאֵֽר־</w>
        <w>שָׁ֑בַע</w>
        <w>וְ/נָפְל֖וּ</w>
        <w>וְ/לֹא־</w>
        <w>יָק֥וּמוּ</w>
        <w>עֽוֹד׃</w>
        <samekh/>
      </v>
      <vs>14</vs>
    </c>
    <c n="9">
      <v n="1">
        <w>רָאִ֨יתִי</w>
        <w>אֶת־</w>
        <w>אֲדֹנָ֜/י</w>
        <w>נִצָּ֣ב</w>
        <w>עַֽל־</w>
        <w>הַ/מִּזְבֵּ֗חַ</w>
        <w>וַ/יֹּאמֶר֩</w>
        <w>הַ֨ךְ</w>
        <w>הַ/כַּפְתּ֜וֹר</w>
        <w>וְ/יִרְעֲשׁ֣וּ</w>
        <w>הַ/סִּפִּ֗ים</w>
        <w>וּ/בְצַ֙עַ/ם֙</w>
        <w>בְּ/רֹ֣אשׁ</w>
        <w>כֻּלָּ֔/ם</w>
        <w>וְ/אַחֲרִיתָ֖/ם</w>
        <w>בַּ/חֶ֣רֶב</w>
        <w>אֶהֱרֹ֑ג</w>
        <w>לֹֽא־</w>
        <w>יָנ֤וּס</w>
        <w>לָ/הֶם֙</w>
        <w>נָ֔ס</w>
        <w>וְ/לֹֽא־</w>
        <w>יִמָּלֵ֥ט</w>
        <w>לָ/הֶ֖ם</w>
        <w>פָּלִֽיט׃</w>
      </v>
      <v n="2">
        <w>אִם־</w>
        <w>יַחְתְּר֣וּ</w>
        <w>בִ/שְׁא֔וֹל</w>
        <w>מִ/שָּׁ֖ם</w>
        <w>יָדִ֣/י</w>
        <w>תִקָּחֵ֑/ם</w>
        <w>וְ/אִֽם־</w>
        <w>יַעֲלוּ֙</w>
        <w>הַ/שָּׁמַ֔יִם</w>
        <w>מִ/שָּׁ֖ם</w>
        <w>אוֹרִידֵֽ/ם׃</w>
      </v>
      <v n="3">
        <w>וְ/אִם־</w>
        <w>יֵחָֽבְאוּ֙</w>
        <w>בְּ/רֹ֣אשׁ</w>
        <w>הַ/כַּרְמֶ֔ל</w>
        <w>מִ/שָּׁ֥ם</w>
        <w>אֲחַפֵּ֖שׂ</w>
        <w>וּ/לְקַחְתִּ֑י/ם</w>
        <w>וְ/אִם־</w>
        <w>יִסָּ֨תְר֜וּ</w>
        <w>מִ/נֶּ֤גֶד</w>
        <w>עֵינַ/י֙</w>
        <w>בְּ/קַרְקַ֣ע</w>
        <w>הַ/יָּ֔ם</w>
        <w>מִ/שָּׁ֛ם</w>
        <w>אֲצַוֶּ֥ה</w>
        <w>אֶת־</w>
        <w>הַ/נָּחָ֖שׁ</w>
        <w>וּ/נְשָׁכָֽ/ם׃</w>
      </v>
      <v n="4">
        <w>וְ/אִם־</w>
        <w>יֵלְכ֤וּ</w>
        <w>בַ/שְּׁבִי֙</w>
        <w>לִ/פְנֵ֣י</w>
        <w>אֹֽיבֵי/הֶ֔ם
</w>
        <w>מִ/שָּׁ֛ם</w>
        <w>אֲצַוֶּ֥ה</w>
        <w>אֶת־</w>
        <w>הַ/חֶ֖רֶב</w>
        <w>וַ/הֲרָגָ֑תַ/ם</w>
        <w>וְ/שַׂמְתִּ֨י</w>
        <w>עֵינִ֧/י</w>
        <w>עֲלֵי/הֶ֛ם</w>
        <w>לְ/רָעָ֖ה</w>
        <w>וְ/לֹ֥א</w>
        <w>לְ/טוֹבָֽה׃</w>
      </v>
      <v n="5">
        <w>וַ/אדֹנָ֨/י</w>
        <w>יְהוִ֜ה</w>
        <w>הַ/צְּבָא֗וֹת</w>
        <w>הַ/נּוֹגֵ֤עַ</w>
        <w>בָּ/אָ֙רֶץ֙</w>
        <w>וַ/תָּמ֔וֹג</w>
        <w>וְ/אָבְל֖וּ</w>
        <w>כָּל־</w>
        <w>י֣וֹשְׁבֵי</w>
        <w>בָ֑/הּ</w>
        <w>וְ/עָלְתָ֤ה</w>
        <w>כַ/יְאֹר֙</w>
        <w>כֻּלָּ֔/הּ</w>
        <w>וְ/שָׁקְעָ֖ה</w>
        <w>כִּ/יאֹ֥ר</w>
        <w>מִצְרָֽיִם
<x>n</x>

</w>
      </v>
      <v n="6">
        <w>הַ/בּוֹנֶ֤ה</w>
        <w>בַ/שָּׁמַ֙יִם֙</w>
        <k>מעלות/ו</k>
        <q>מַעֲלוֹתָ֔י/ו</q>
        <w>וַ/אֲגֻדָּת֖/וֹ</w>
        <w>עַל־</w>
        <w>אֶ֣רֶץ</w>
        <w>יְסָדָ֑/הּ</w>
        <w>הַ/קֹּרֵ֣א</w>
        <w>לְ/מֵֽי־</w>
        <w>הַ/יָּ֗ם</w>
        <w>וַֽ/יִּשְׁפְּכֵ֛/ם</w>
        <w>עַל־</w>
        <w>פְּנֵ֥י</w>
        <w>הָ/אָ֖רֶץ</w>
        <w>יְהוָ֥ה</w>
        <w>שְׁמֽ/וֹ׃</w>
      </v>
      <v n="7">
        <w>הֲ/ל֣וֹא</w>
        <w>כִ/בְנֵי֩</w>
        <w>כֻשִׁיִּ֨ים</w>
        <w>אַתֶּ֥ם</w>
        <w>לִ֛/י</w>
        <w>בְּנֵ֥י</w>
        <w>יִשְׂרָאֵ֖ל</w>
        <w>נְאֻם־</w>
        <w>יְהוָ֑ה</w>
        <w>הֲ/ל֣וֹא</w>
        <w>אֶת־</w>
        <w>יִשְׂרָאֵ֗ל</w>
        <w>הֶעֱלֵ֙יתִי֙</w>
        <w>מֵ/אֶ֣רֶץ</w>
        <w>מִצְרַ֔יִם</w>
        <w>וּ/פְלִשְׁתִּיִּ֥ים</w>
        <w>מִ/כַּפְתּ֖וֹר</w>
        <w>וַ/אֲרָ֥ם</w>
        <w>מִ/קִּֽיר׃</w>
      </v>
      <v n="8">
        <w>הִנֵּ֞ה</w>
        <w>עֵינֵ֣י ׀</w>
        <w>אֲדֹנָ֣/י</w>
        <w>יְהוִ֗ה</w>
        <w>בַּ/מַּמְלָכָה֙</w>
        <w>הַֽ/חַטָּאָ֔ה</w>
        <w>וְ/הִשְׁמַדְתִּ֣י</w>
        <w>אֹתָ֔/הּ</w>
        <w>מֵ/עַ֖ל</w>
        <w>פְּנֵ֣י</w>
        <w>הָ/אֲדָמָ֑ה</w>
        <w>אֶ֗פֶס</w>
        <w>כִּ֠י</w>
        <w>לֹ֣א</w>
        <w>הַשְׁמֵ֥יד</w>
        <w>אַשְׁמִ֛יד</w>
        <w>אֶת־</w>
        <w>בֵּ֥ית</w>
        <w>יַעֲקֹ֖ב</w>
        <w>נְאֻם־</w>
        <w>יְהוָֽה׃</w>
      </v>
      <v n="9">
        <w>כִּֽי־</w>
        <w>הִנֵּ֤ה</w>
        <w>אָֽנֹכִי֙</w>
        <w>מְצַוֶּ֔ה</w>
        <w>וַ/הֲנִע֥וֹתִי</w>
        <w>בְ/כָֽל־</w>
        <w>הַ/גּוֹיִ֖ם</w>
        <w>אֶת־</w>
        <w>בֵּ֣ית</w>
        <w>יִשְׂרָאֵ֑ל</w>
        <w>כַּ/אֲשֶׁ֤ר</w>
        <w>יִנּ֙וֹעַ֙</w>
        <w>בַּ/כְּבָרָ֔ה</w>
        <w>וְ/לֹֽא־</w>
        <w>יִפּ֥וֹל</w>
        <w>צְר֖וֹר</w>
        <w>אָֽרֶץ׃</w>
      </v>
      <v n="10">
        <w>בַּ/חֶ֣רֶב</w>
        <w>יָמ֔וּתוּ</w>
        <w>כֹּ֖ל</w>
        <w>חַטָּאֵ֣י</w>
        <w>עַמִּ֑/י</w>
        <w>הָ/אֹמְרִ֗ים</w>
        <w>לֹֽא־</w>
        <w>תַגִּ֧ישׁ</w>
        <w>וְ/תַקְדִּ֛ים</w>
        <w>בַּעֲדֵ֖י/נוּ</w>
        <w>הָ/רָעָֽה׃</w>
      </v>
      <v n="11">
        <w>בַּ/יּ֣וֹם</w>
        <w>הַ/ה֔וּא</w>
        <w>אָקִ֛ים</w>
        <w>אֶת־</w>
        <w>סֻכַּ֥ת</w>
        <w>דָּוִ֖יד</w>
        <w>הַ/נֹּפֶ֑לֶת</w>
        <w>וְ/גָדַרְתִּ֣י</w>
        <w>אֶת־</w>
        <w>פִּרְצֵי/הֶ֗ן</w>
        <w>וַ/הֲרִֽסֹתָי/ו֙</w>
        <w>אָקִ֔ים</w>
        <w>וּ/בְנִיתִ֖י/הָ</w>
        <w>כִּ/ימֵ֥י</w>
        <w>עוֹלָֽם׃</w>
      </v>
      <v n="12">
        <w>לְמַ֨עַן</w>
        <w>יִֽירְשׁ֜וּ</w>
        <w>אֶת־</w>
        <w>שְׁאֵרִ֤ית</w>
        <w>אֱדוֹם֙</w>
        <w>וְ/כָל־</w>
        <w>הַ/גּוֹיִ֔ם</w>
        <w>אֲשֶׁר־</w>
        <w>נִקְרָ֥א</w>
        <w>שְׁמִ֖/י</w>
        <w>עֲלֵי/הֶ֑ם</w>
        <w>נְאֻם־</w>
        <w>יְהוָ֖ה</w>
        <w>עֹ֥שֶׂה</w>
        <w>זֹּֽאת׃</w>
        <pe/>
      </v>
      <v n="13">
        <w>הִנֵּ֨ה</w>
        <w>יָמִ֤ים</w>
        <w>בָּאִים֙</w>
        <w>נְאֻם־</w>
        <w>יְהוָ֔ה</w>
        <w>וְ/נִגַּ֤שׁ</w>
        <w>חוֹרֵשׁ֙</w>
        <w>בַּ/קֹּצֵ֔ר</w>
        <w>וְ/דֹרֵ֥ךְ</w>
        <w>עֲנָבִ֖ים</w>
        <w>בְּ/מֹשֵׁ֣ךְ</w>
        <w>הַ/זָּ֑רַע</w>
        <w>וְ/הִטִּ֤יפוּ</w>
        <w>הֶֽ/הָרִים֙</w>
        <w>עָסִ֔יס</w>
        <w>וְ/כָל־</w>
        <w>הַ/גְּבָע֖וֹת</w>
        <w>תִּתְמוֹגַֽגְנָה׃</w>
      </v>
      <v n="14">
        <w>וְ/שַׁבְתִּי֮</w>
        <w>אֶת־</w>
        <w>שְׁב֣וּת</w>
        <w>עַמִּ֣/י</w>
        <w>יִשְׂרָאֵל֒</w>
        <w>וּ/בָנ֞וּ</w>
        <w>עָרִ֤ים</w>
        <w>נְשַׁמּוֹת֙</w>
        <w>וְ/יָשָׁ֔בוּ</w>
        <w>וְ/נָטְע֣וּ</w>
        <w>כְרָמִ֔ים</w>
        <w>וְ/שָׁת֖וּ</w>
        <w>אֶת־</w>
        <w>יֵינָ֑/ם</w>
        <w>וְ/עָשׂ֣וּ</w>
        <w>גַנּ֔וֹת</w>
        <w>וְ/אָכְל֖וּ</w>
        <w>אֶת־</w>
        <w>פְּרִי/הֶֽם׃</w>
      </v>
      <v n="15">
        <w>וּ/נְטַעְתִּ֖י/ם</w>
        <w>עַל־</w>
        <w>אַדְמָתָ֑/ם</w>
        <w>וְ/לֹ֨א</w>
        <w>יִנָּתְשׁ֜וּ</w>
        <w>ע֗וֹד</w>
        <w>מֵ/עַ֤ל</w>
        <w>אַדְמָתָ/ם֙</w>
        <w>אֲשֶׁ֣ר</w>
        <w>נָתַ֣תִּי</w>
        <w>לָ/הֶ֔ם</w>
        <w>אָמַ֖ר</w>
        <w>יְהוָ֥ה</w>
        <w>אֱלֹהֶֽי/ךָ׃</w>
      </v>
      <vs>15</vs>
    </c>
    <vs>146</vs>
    <cs>9</cs>
  </book>
</tanach>
<notes>
  <note>
    <code>1</code>
    <gccode>1</gccode>
    <note>BHS has been faithful to the Leningrad Codex where there might be a question of the validity of the form and we keep the same form as BHS. </note>
  </note>
  <note>
    <code>2</code>
    <gccode>4</gccode>
    <note>Puncta extraordinaria -- a \u05c4 is used to mark such marks in the text when they are above the line and a \u05c5 when they are below the line. </note>
  </note>
  <note>
    <code>3</code>
    <gccode>5</gccode>
    <note>Large letter(s). Shown as large letters without a superscript note number. </note>
  </note>
  <note>
    <code>4</code>
    <gccode>6</gccode>
    <note>Small letter(s). Shown as small letters without a superscript note number. </note>
  </note>
  <note>
    <code>5</code>
    <gccode>7</gccode>
    <note>Suspended letter(s). Shown as suspended letters without a superscript note number. </note>
  </note>
  <note>
    <code>6</code>
    <gccode>8</gccode>
    <note>Inverted nun in the text. Shown without a superscript note number.</note>
  </note>
  <note>
    <code>7</code>
    <gccode>a</gccode>
    <note>Adaptations to a Qere which L and BHS, by their design, do not indicate. </note>
  </note>
  <note>
    <code>8</code>
    <gccode>c</gccode>
    <note>We read one or more accents in L differently than BHS. Often this notation indicates a typographical error in BHS. </note>
  </note>
  <note>
    <code>9</code>
    <gccode>k</gccode>
    <note>We read one or more consonants in L differently from BHS. </note>
  </note>
  <note>
    <code>10</code>
    <gccode>n</gccode>
    <note>Marks an anomalous form. </note>
  </note>
  <note>
    <code>11</code>
    <gccode>p</gccode>
    <note>We read punctuation in L differently from BHS. </note>
  </note>
  <note>
    <code>12</code>
    <gccode>q</gccode>
    <note>We have abandoned or added a ketib/qere relative to BHS. In doing this we agree with L against BHS. </note>
  </note>
  <note>
    <code>13</code>
    <gccode>v</gccode>
    <note>We read one or more vowels in L differently from BHS. </note>
  </note>
  <note>
    <code>14</code>
    <gccode>y</gccode>
    <note>Yathir readings in L which we have designated as Qeres when both Dothan and BHS list a Qere. </note>
  </note>
  <note>
    <code>15</code>
    <gccode>C</gccode>
    <note>We read one or more accents in L differently from BHQ. </note>
  </note>
  <note>
    <code>16</code>
    <gccode>F</gccode>
    <note>Marks a consonant with an anomalous final form that is word-medial.</note>
  </note>
  <note>
    <code>17</code>
    <gccode>K</gccode>
    <note>We read one or more consonants in L differently from BHQ. </note>
  </note>
  <note>
    <code>18</code>
    <gccode>M</gccode>
    <note>Marks a word with a final consonant that is a medial (not a final) form. </note>
  </note>
  <note>
    <code>19</code>
    <gccode>P</gccode>
    <note>We read the punctuation in L differently from BHQ. </note>
  </note>
  <note>
    <code>20</code>
    <gccode>Q</gccode>
    <note>Marks a place where we agree with BHQ against BHS in reading L. </note>
  </note>
  <note>
    <code>21</code>
    <gccode>U</gccode>
    <note>We agree with both BHS 1997 and BHQ on an unexpected reading. </note>
  </note>
  <note>
    <code>22</code>
    <gccode>V</gccode>
    <note>We read one or more vowels in L differently from BHQ. </note>
  </note>
  <note>
    <code>X</code>
    <gccode>X</gccode>
    <note>This verse does NOT occur in the Leningrad Codex. </note>
  </note>
</notes>
</Tanach>
