<?xml version="1.0" encoding="UTF-8" standalone="no"?>
<!-- Copyright C.V.Kimball 2013 --><Tanach xmlns:xsi="http://www.w3.org/2001/XMLSchema-instance" xsi:noNamespaceSchemaLocation="../XSL/Tanach.xsd">
<teiHeader>
  <fileDesc>
    <titleStmt>
      <title level="s" type="uniform">Tanach</title>
      <title level="s" type="uniformhebrew">תנ״ך</title>
      <title level="s" type="main">Unicode/XML Leningrad Codex</title>
      <title level="a" type="main">Haggai</title>
      <title level="a" type="mainhebrew">חגי</title>
      <title level="a" type="filename">Haggai</title>
      <editor>Shemu'el ben Ya'akov</editor>
      <editor>Aharon ben-Mosheh ben-Asher</editor>
      <respStmt>
        <resp>Publisher:</resp>
        <name>Christopher V. Kimball</name>
        <name type="email">mail@cvkimball.com</name>
      </respStmt>
    </titleStmt>
    <editionStmt>
      <edition>Unicode/XML Leningrad Codex (UXLC)
        <version>UXLC 1.1</version>
        <date>19 Oct 2020</date>
        <build>26.1</build>
        <buildDateTime>06 Oct 2020  10:00</buildDateTime>
      </edition>
<respStmt>
<resp>WLC2XML[28 Aug 2020] - Transcription from Michigan-Claremont encoding to Unicode with XML markings. See details in notes.</resp>
<resp>Updater[27 Sep 2020] - Changes.xml file dated 2020.02.19 . </resp>
<resp>Updater[27 Sep 2020] - Changes.xml file dated 2020.10.19 . </resp>
<resp>ScanReplace/NoteRemover[4 Sep 2020] - Removes 14 notes: 1, a, c, k, p, q, v, y, C, K, P, Q, U, V .</resp>
<resp>ScanReplace/Jerusalem[1 Sep 2020] - Places CGJ in Jerusalem VUV words.</resp>
</respStmt>
    </editionStmt>
    <extent>29214</extent>
    <publicationStmt>
      <distributor>Via web site:
        <name>Christopher V. Kimball</name>
        <name type="url">https://www.tanach.us/Tanach.xml</name>
        <name type="email">mail@cvkimball.com</name>
      </distributor>
      <availability status="free">Freely available</availability>
    </publicationStmt>
    <notesStmt>
      <note>The original text file wlc420_ps.txt was provided by the Groves Center. 
The file has the MD5 hash: d31a 6a6e 9afa bf82 272c 2efb 0522 a12e 
and was dated 25 Jan 2016. Six transcription notes (5,7,F) have been moved to the noted character (Lev 11:42.4, Judg 18:30.11, Isa 9.6.1, Ps 80:14.3, Job 38:13.5, Job 38:15.2) to produce the file wlc420_ps_td.txt for conversion to Unicode and XML by the program WLC2XML. The only other changes to the Groves Center text are: The book names in English and Hebrew of the Jewish Publication Society Tanach and book abbreviations from the New Revised Standard Version have been added. </note>
    </notesStmt>
    <sourceDesc>
      <biblItem>
        <title>Hebrew Bible</title>
        <title>Leningrad Codex</title>
        <editor>Shemu'el ben Ya'akov</editor>
        <editor>Aharon ben-Mosheh ben-Asher</editor>
        <edition>Original document</edition>
        <imprint>
          <publisher>Russian National Library (Saltykov-Shchedrin)</publisher>
          <pubPlace>St. Petersburg (Leningrad)</pubPlace>
          <date>1008</date>
        </imprint>
        <idno type="Accession">Firkovich B 19 A</idno>
      </biblItem>
      <biblItem>
        <title>The Leningrad Codex - A Facsimile Edition</title>
        <editor>Freedman, David Noel</editor>
        <editor>Beck, Astrid B.</editor>
        <edition>First</edition>
        <imprint>
          <publisher>Wm. B. Eerdmans Publishing Co.</publisher>
          <pubPlace>Grand Rapids, MI</pubPlace>
          <date>1998</date>
        </imprint>
        <idno type="IBSN">0-8028-3786-7</idno>
      </biblItem>
      <biblItem>
        <title>The Westminster Leningrad Codex</title>
        <editor>Salisbury, Stephen K.</editor>
        <edition>WLC 4.20</edition>
        <imprint>
          <publisher>The J. Alan Groves Center for Advanced Biblical Research ("Groves Center").</publisher>
          <pubPlace>2960 Church Rd.</pubPlace>
          <pubPlace>Glenside, PA 19038</pubPlace>
          <date>25 January 2016</date>
        </imprint>
        <idno type="Unknown"/>
      </biblItem>
    </sourceDesc>
  </fileDesc>
  <encodingDesc>
  </encodingDesc>
  <profileDesc>
    <creation>From the Westminster Leningrad Codex [WLC 4.20], provided by the Groves Center.</creation>
    <date>25 Jan 2016</date>
    <langUsage>
      <language ident="HE">Hebrew</language>
    </langUsage>
  </profileDesc>
</teiHeader>
<tanach>
  <book>
    <names>
      <name>Haggai</name>
      <abbrev>Hag</abbrev>
      <number>24</number>
      <filename>Haggai</filename>
      <hebrewname>חגי</hebrewname>
    </names>
    <c n="1">
      <v n="1">
        <w>בִּ/שְׁנַ֤ת</w>
        <w>שְׁתַּ֙יִם֙</w>
        <w>לְ/דָרְיָ֣וֶשׁ</w>
        <w>הַ/מֶּ֔לֶךְ</w>
        <w>בַּ/חֹ֙דֶשׁ֙</w>
        <w>הַ/שִּׁשִּׁ֔י</w>
        <w>בְּ/י֥וֹם</w>
        <w>אֶחָ֖ד</w>
        <w>לַ/חֹ֑דֶשׁ</w>
        <w>הָיָ֨ה</w>
        <w>דְבַר־</w>
        <w>יְהוָ֜ה</w>
        <w>בְּ/יַד־</w>
        <w>חַגַּ֣י</w>
        <w>הַ/נָּבִ֗יא</w>
        <w>אֶל־</w>
        <w>זְרֻבָּבֶ֤ל</w>
        <w>בֶּן־</w>
        <w>שְׁאַלְתִּיאֵל֙</w>
        <w>פַּחַ֣ת</w>
        <w>יְהוּדָ֔ה</w>
        <w>וְ/אֶל־</w>
        <w>יְהוֹשֻׁ֧עַ</w>
        <w>בֶּן־</w>
        <w>יְהוֹצָדָ֛ק</w>
        <w>הַ/כֹּהֵ֥ן</w>
        <w>הַ/גָּד֖וֹל</w>
        <w>לֵ/אמֹֽר׃</w>
      </v>
      <v n="2">
        <w>כֹּ֥ה</w>
        <w>אָמַ֛ר</w>
        <w>יְהוָ֥ה</w>
        <w>צְבָא֖וֹת</w>
        <w>לֵ/אמֹ֑ר</w>
        <w>הָ/עָ֤ם</w>
        <w>הַ/זֶּה֙</w>
        <w>אָֽמְר֔וּ</w>
        <w>לֹ֥א</w>
        <w>עֶת־</w>
        <w>בֹּ֛א</w>
        <w>עֶת־</w>
        <w>בֵּ֥ית</w>
        <w>יְהוָ֖ה</w>
        <w>לְ/הִבָּנֽוֹת׃</w>
        <pe/>
      </v>
      <v n="3">
        <w>וַֽ/יְהִי֙</w>
        <w>דְּבַר־</w>
        <w>יְהוָ֔ה</w>
        <w>בְּ/יַד־</w>
        <w>חַגַּ֥י</w>
        <w>הַ/נָּבִ֖יא</w>
        <w>לֵ/אמֹֽר׃</w>
      </v>
      <v n="4">
        <w>הַ/עֵ֤ת</w>
        <w>לָ/כֶם֙</w>
        <w>אַתֶּ֔ם</w>
        <w>לָ/שֶׁ֖בֶת</w>
        <w>בְּ/בָתֵּי/כֶ֣ם</w>
        <w>סְפוּנִ֑ים</w>
        <w>וְ/הַ/בַּ֥יִת</w>
        <w>הַ/זֶּ֖ה</w>
        <w>חָרֵֽב׃</w>
      </v>
      <v n="5">
        <w>וְ/עַתָּ֕ה</w>
        <w>כֹּ֥ה</w>
        <w>אָמַ֖ר</w>
        <w>יְהוָ֣ה</w>
        <w>צְבָא֑וֹת</w>
        <w>שִׂ֥ימוּ</w>
        <w>לְבַבְ/כֶ֖ם</w>
        <w>עַל־</w>
        <w>דַּרְכֵי/כֶֽם׃</w>
      </v>
      <v n="6">
        <w>זְרַעְתֶּ֨ם</w>
        <w>הַרְבֵּ֜ה</w>
        <w>וְ/הָבֵ֣א</w>
        <w>מְעָ֗ט</w>
        <w>אָכ֤וֹל</w>
        <w>וְ/אֵין־</w>
        <w>לְ/שָׂבְעָה֙</w>
        <w>שָׁת֣וֹ</w>
        <w>וְ/אֵין־</w>
        <w>לְ/שָׁכְרָ֔ה</w>
        <w>לָב֖וֹשׁ</w>
        <w>וְ/אֵין־</w>
        <w>לְ/חֹ֣ם</w>
        <w>ל֑/וֹ</w>
        <w>וְ/הַ֨/מִּשְׂתַּכֵּ֔ר</w>
        <w>מִשְׂתַּכֵּ֖ר</w>
        <w>אֶל־</w>
        <w>צְר֥וֹר</w>
        <w>נָקֽוּב׃</w>
        <pe/>
      </v>
      <v n="7">
        <w>כֹּ֥ה</w>
        <w>אָמַ֖ר</w>
        <w>יְהוָ֣ה</w>
        <w>צְבָא֑וֹת</w>
        <w>שִׂ֥ימוּ</w>
        <w>לְבַבְ/כֶ֖ם</w>
        <w>עַל־</w>
        <w>דַּרְכֵי/כֶֽם׃</w>
      </v>
      <v n="8">
        <w>עֲל֥וּ</w>
        <w>הָ/הָ֛ר</w>
        <w>וַ/הֲבֵאתֶ֥ם</w>
        <w>עֵ֖ץ</w>
        <w>וּ/בְנ֣וּ</w>
        <w>הַ/בָּ֑יִת</w>
        <w>וְ/אֶרְצֶה־</w>
        <w>בּ֥/וֹ</w>
        <k>ו/אכבד</k>
        <q>וְ/אֶכָּבְדָ֖ה</q>
        <w>אָמַ֥ר</w>
        <w>יְהוָֽה׃</w>
      </v>
      <v n="9">
        <w>פָּנֹ֤ה</w>
        <w>אֶל־</w>
        <w>הַרְבֵּה֙</w>
        <w>וְ/הִנֵּ֣ה</w>
        <w>לִ/מְעָ֔ט</w>
        <w>וַ/הֲבֵאתֶ֥ם</w>
        <w>הַ/בַּ֖יִת</w>
        <w>וְ/נָפַ֣חְתִּי</w>
        <w>ב֑/וֹ</w>
        <w>יַ֣עַן</w>
        <w>מֶ֗ה</w>
        <w>נְאֻם֙</w>
        <w>יְהוָ֣ה</w>
        <w>צְבָא֔וֹת</w>
        <w>יַ֗עַן</w>
        <w>בֵּיתִ/י֙</w>
        <w>אֲשֶׁר־</w>
        <w>ה֣וּא</w>
        <w>חָרֵ֔ב</w>
        <w>וְ/אַתֶּ֥ם</w>
        <w>רָצִ֖ים</w>
        <w>אִ֥ישׁ</w>
        <w>לְ/בֵיתֽ/וֹ׃</w>
      </v>
      <v n="10">
        <w>עַל־</w>
        <w>כֵּ֣ן</w>
        <w>עֲלֵי/כֶ֔ם</w>
        <w>כָּלְא֥וּ</w>
        <w>שָמַ֖יִם

<x>n</x>
</w>
        <w>מִ/טָּ֑ל</w>
        <w>וְ/הָ/אָ֖רֶץ</w>
        <w>כָּלְאָ֥ה</w>
        <w>יְבוּלָֽ/הּ׃</w>
      </v>
      <v n="11">
        <w>וָ/אֶקְרָ֨א</w>
        <w>חֹ֜רֶב</w>
        <w>עַל־</w>
        <w>הָ/אָ֣רֶץ</w>
        <w>וְ/עַל־</w>
        <w>הֶ/הָרִ֗ים</w>
        <w>וְ/עַל־</w>
        <w>הַ/דָּגָן֙</w>
        <w>וְ/עַל־</w>
        <w>הַ/תִּיר֣וֹשׁ</w>
        <w>וְ/עַל־</w>
        <w>הַ/יִּצְהָ֔ר</w>
        <w>וְ/עַ֛ל</w>
        <w>אֲשֶׁ֥ר</w>
        <w>תּוֹצִ֖יא</w>
        <w>הָ/אֲדָמָ֑ה</w>
        <w>וְ/עַל־</w>
        <w>הָֽ/אָדָם֙</w>
        <w>וְ/עַל־</w>
        <w>הַ/בְּהֵמָ֔ה</w>
        <w>וְ/עַ֖ל</w>
        <w>כָּל־</w>
        <w>יְגִ֥יעַ</w>
        <w>כַּפָּֽיִם׃</w>
        <samekh/>
      </v>
      <v n="12">
        <w>וַ/יִּשְׁמַ֣ע</w>
        <w>זְרֻבָּבֶ֣ל ׀</w>
        <w>בֶּֽן־</w>
        <w>שַׁלְתִּיאֵ֡ל</w>
        <w>וִ/יהוֹשֻׁ֣עַ</w>
        <w>בֶּן־</w>
        <w>יְהוֹצָדָק֩</w>
        <w>הַ/כֹּהֵ֨ן</w>
        <w>הַ/גָּד֜וֹל</w>
        <w>וְ/כֹ֣ל ׀</w>
        <w>שְׁאֵרִ֣ית</w>
        <w>הָ/עָ֗ם</w>
        <w>בְּ/קוֹל֙</w>
        <w>יְהוָ֣ה</w>
        <w>אֱלֹֽהֵי/הֶ֔ם</w>
        <w>וְ/עַל־</w>
        <w>דִּבְרֵי֙</w>
        <w>חַגַּ֣י</w>
        <w>הַ/נָּבִ֔יא</w>
        <w>כַּ/אֲשֶׁ֥ר</w>
        <w>שְׁלָח֖/וֹ</w>
        <w>יְהוָ֣ה</w>
        <w>אֱלֹהֵי/הֶ֑ם</w>
        <w>וַ/יִּֽירְא֥וּ</w>
        <w>הָ/עָ֖ם</w>
        <w>מִ/פְּנֵ֥י</w>
        <w>יְהוָֽה׃</w>
      </v>
      <v n="13">
        <w>וַ֠/יֹּאמֶר</w>
        <w>חַגַּ֞י</w>
        <w>מַלְאַ֧ךְ</w>
        <w>יְהוָ֛ה</w>
        <w>בְּ/מַלְאֲכ֥וּת</w>
        <w>יְהוָ֖ה</w>
        <w>לָ/עָ֣ם</w>
        <w>לֵ/אמֹ֑ר</w>
        <w>אֲנִ֥י</w>
        <w>אִתְּ/כֶ֖ם</w>
        <w>נְאֻם־</w>
        <w>יְהוָֽה׃</w>
      </v>
      <v n="14">
        <w>וַ/יָּ֣עַר</w>
        <w>יְהוָ֡ה</w>
        <w>אֶת־</w>
        <w>רוּחַ֩</w>
        <w>זְרֻבָּבֶ֨ל</w>
        <w>בֶּן־</w>
        <w>שַׁלְתִּיאֵ֜ל</w>
        <w>פַּחַ֣ת</w>
        <w>יְהוּדָ֗ה</w>
        <w>וְ/אֶת־</w>
        <w>ר֙וּחַ֙</w>
        <w>יְהוֹשֻׁ֤עַ</w>
        <w>בֶּן־</w>
        <w>יְהוֹצָדָק֙</w>
        <w>הַ/כֹּהֵ֣ן</w>
        <w>הַ/גָּד֔וֹל</w>
        <w>וְֽ/אֶת־</w>
        <w>ר֔וּחַ</w>
        <w>כֹּ֖ל</w>
        <w>שְׁאֵרִ֣ית</w>
        <w>הָ/עָ֑ם</w>
        <w>וַ/יָּבֹ֙אוּ֙</w>
        <w>וַ/יַּעֲשׂ֣וּ</w>
        <w>מְלָאכָ֔ה</w>
        <w>בְּ/בֵית־</w>
        <w>יְהוָ֥ה</w>
        <w>צְבָא֖וֹת</w>
        <w>אֱלֹהֵי/הֶֽם׃</w>
        <pe/>
      </v>
      <v n="15">
        <w>בְּ/י֨וֹם</w>
        <w>עֶשְׂרִ֧ים</w>
        <w>וְ/אַרְבָּעָ֛ה</w>
        <w>לַ/חֹ֖דֶשׁ</w>
        <w>בַּ/שִּׁשִּׁ֑י</w>
        <w>בִּ/שְׁנַ֥ת</w>
        <w>שְׁתַּ֖יִם</w>
        <w>לְ/דָרְיָ֥וֶשׁ</w>
        <w>הַ/מֶּֽלֶךְ׃</w>
      </v>
      <vs>15</vs>
    </c>
    <c n="2">
      <v n="1">
        <w>בַּ/שְּׁבִיעִ֕י</w>
        <w>בְּ/עֶשְׂרִ֥ים</w>
        <w>וְ/אֶחָ֖ד</w>
        <w>לַ/חֹ֑דֶשׁ</w>
        <w>הָיָה֙</w>
        <w>דְּבַר־</w>
        <w>יְהוָ֔ה</w>
        <w>בְּ/יַד־</w>
        <w>חַגַּ֥י</w>
        <w>הַ/נָּבִ֖יא</w>
        <w>לֵ/אמֹֽר׃</w>
      </v>
      <v n="2">
        <w>אֱמָר־</w>
        <w>נָ֗א</w>
        <w>אֶל־</w>
        <w>זְרֻבָּבֶ֤ל</w>
        <w>בֶּן־</w>
        <w>שַׁלְתִּיאֵל֙</w>
        <w>פַּחַ֣ת</w>
        <w>יְהוּדָ֔ה</w>
        <w>וְ/אֶל־</w>
        <w>יְהוֹשֻׁ֥עַ</w>
        <w>בֶּן־</w>
        <w>יְהוֹצָדָ֖ק</w>
        <w>הַ/כֹּהֵ֣ן</w>
        <w>הַ/גָּד֑וֹל</w>
        <w>וְ/אֶל־</w>
        <w>שְׁאֵרִ֥ית</w>
        <w>הָ/עָ֖ם</w>
        <w>לֵ/אמֹֽר׃</w>
      </v>
      <v n="3">
        <w>מִ֤י</w>
        <w>בָ/כֶם֙</w>
        <w>הַ/נִּשְׁאָ֔ר</w>
        <w>אֲשֶׁ֤ר</w>
        <w>רָאָה֙</w>
        <w>אֶת־</w>
        <w>הַ/בַּ֣יִת</w>
        <w>הַ/זֶּ֔ה</w>
        <w>בִּ/כְבוֹד֖/וֹ</w>
        <w>הָ/רִאשׁ֑וֹן</w>
        <w>וּ/מָ֨ה</w>
        <w>אַתֶּ֜ם</w>
        <w>רֹאִ֤ים</w>
        <w>אֹת/וֹ֙</w>
        <w>עַ֔תָּה</w>
        <w>הֲ/ל֥וֹא</w>
        <w>כָמֹ֛/הוּ</w>
        <w>כְּ/אַ֖יִן</w>
        <w>בְּ/עֵינֵי/כֶֽם׃</w>
      </v>
      <v n="4">
        <w>וְ/עַתָּ֣ה</w>
        <w>חֲזַ֣ק</w>
        <w>זְרֻבָּבֶ֣ל ׀</w>
        <w>נְאֻם־</w>
        <w>יְהוָ֡ה</w>
        <w>וַ/חֲזַ֣ק</w>
        <w>יְהוֹשֻׁ֣עַ</w>
        <w>בֶּן־</w>
        <w>יְהוֹצָדָק֩</w>
        <w>הַ/כֹּהֵ֨ן</w>
        <w>הַ/גָּד֜וֹל</w>
        <w>וַ/חֲזַ֨ק</w>
        <w>כָּל־</w>
        <w>עַ֥ם</w>
        <w>הָ/אָ֛רֶץ</w>
        <w>נְאֻם־</w>
        <w>יְהוָ֖ה</w>
        <w>וַֽ/עֲשׂ֑וּ</w>
        <w>כִּֽי־</w>
        <w>אֲנִ֣י</w>
        <w>אִתְּ/כֶ֔ם</w>
        <w>נְאֻ֖ם</w>
        <w>יְהוָ֥ה</w>
        <w>צְבָאֽוֹת׃</w>
      </v>
      <v n="5">
        <w>אֶֽת־</w>
        <w>הַ/דָּבָ֞ר</w>
        <w>אֲשֶׁר־</w>
        <w>כָּרַ֤תִּי</w>
        <w>אִתְּ/כֶם֙</w>
        <w>בְּ/צֵאתְ/כֶ֣ם</w>
        <w>מִ/מִּצְרַ֔יִם</w>
        <w>וְ/רוּחִ֖/י</w>
        <w>עֹמֶ֣דֶת</w>
        <w>בְּ/תוֹכְ/כֶ֑ם</w>
        <w>אַל־</w>
        <w>תִּירָֽאוּ׃</w>
        <samekh/>
      </v>
      <v n="6">
        <w>כִּ֣י</w>
        <w>כֹ֤ה</w>
        <w>אָמַר֙</w>
        <w>יְהוָ֣ה</w>
        <w>צְבָא֔וֹת</w>
        <w>ע֥וֹד</w>
        <w>אַחַ֖ת</w>
        <w>מְעַ֣ט</w>
        <w>הִ֑יא</w>
        <w>וַ/אֲנִ֗י</w>
        <w>מַרְעִישׁ֙</w>
        <w>אֶת־</w>
        <w>הַ/שָּׁמַ֣יִם</w>
        <w>וְ/אֶת־</w>
        <w>הָ/אָ֔רֶץ</w>
        <w>וְ/אֶת־</w>
        <w>הַ/יָּ֖ם</w>
        <w>וְ/אֶת־</w>
        <w>הֶ/חָרָבָֽה׃</w>
      </v>
      <v n="7">
        <w>וְ/הִרְעַשְׁתִּי֙</w>
        <w>אֶת־</w>
        <w>כָּל־</w>
        <w>הַ/גּוֹיִ֔ם</w>
        <w>וּ/בָ֖אוּ</w>
        <w>חֶמְדַּ֣ת</w>
        <w>כָּל־</w>
        <w>הַ/גּוֹיִ֑ם</w>
        <w>וּ/מִלֵּאתִ֞י</w>
        <w>אֶת־</w>
        <w>הַ/בַּ֤יִת</w>
        <w>הַ/זֶּה֙</w>
        <w>כָּב֔וֹד</w>
        <w>אָמַ֖ר</w>
        <w>יְהוָ֥ה</w>
        <w>צְבָאֽוֹת׃</w>
      </v>
      <v n="8">
        <w>לִ֥/י</w>
        <w>הַ/כֶּ֖סֶף</w>
        <w>וְ/לִ֣/י</w>
        <w>הַ/זָּהָ֑ב</w>
        <w>נְאֻ֖ם</w>
        <w>יְהוָ֥ה</w>
        <w>צְבָאֽוֹת׃</w>
      </v>
      <v n="9">
        <w>גָּד֣וֹל</w>
        <w>יִֽהְיֶ֡ה</w>
        <w>כְּבוֹד֩</w>
        <w>הַ/בַּ֨יִת</w>
        <w>הַ/זֶּ֤ה</w>
        <w>הָ/אַֽחֲרוֹן֙</w>
        <w>מִן־</w>
        <w>הָ֣/רִאשׁ֔וֹן</w>
        <w>אָמַ֖ר</w>
        <w>יְהוָ֣ה</w>
        <w>צְבָא֑וֹת</w>
        <w>וּ/בַ/מָּק֤וֹם</w>
        <w>הַ/זֶּה֙</w>
        <w>אֶתֵּ֣ן</w>
        <w>שָׁל֔וֹם</w>
        <w>נְאֻ֖ם</w>
        <w>יְהוָ֥ה</w>
        <w>צְבָאֽוֹת׃</w>
        <pe/>
      </v>
      <v n="10">
        <w>בְּ/עֶשְׂרִ֤ים</w>
        <w>וְ/אַרְבָּעָה֙</w>
        <w>לַ/תְּשִׁיעִ֔י</w>
        <w>בִּ/שְׁנַ֥ת</w>
        <w>שְׁתַּ֖יִם</w>
        <w>לְ/דָרְיָ֑וֶשׁ</w>
        <w>הָיָה֙</w>
        <w>דְּבַר־</w>
        <w>יְהוָ֔ה</w>
        <w>אֶל־</w>
        <w>חַגַּ֥י</w>
        <w>הַ/נָּבִ֖יא</w>
        <w>לֵ/אמֹֽר׃</w>
      </v>
      <v n="11">
        <w>כֹּ֥ה</w>
        <w>אָמַ֖ר</w>
        <w>יְהוָ֣ה</w>
        <w>צְבָא֑וֹת</w>
        <w>שְׁאַל־</w>
        <w>נָ֧א</w>
        <w>אֶת־</w>
        <w>הַ/כֹּהֲנִ֛ים</w>
        <w>תּוֹרָ֖ה</w>
        <w>לֵ/אמֹֽר׃</w>
      </v>
      <v n="12">
        <w>הֵ֣ן ׀</w>
        <w>יִשָּׂא־</w>
        <w>אִ֨ישׁ</w>
        <w>בְּשַׂר־</w>
        <w>קֹ֜דֶשׁ</w>
        <w>בִּ/כְנַ֣ף</w>
        <w>בִּגְד֗/וֹ</w>
        <w>וְ/נָגַ֣ע</w>
        <w>בִּ֠/כְנָפ/וֹ</w>
        <w>אֶל־</w>
        <w>הַ/לֶּ֨חֶם</w>
        <w>וְ/אֶל־</w>
        <w>הַ/נָּזִ֜יד</w>
        <w>וְ/אֶל־</w>
        <w>הַ/יַּ֧יִן</w>
        <w>וְ/אֶל־</w>
        <w>שֶׁ֛מֶן</w>
        <w>וְ/אֶל־</w>
        <w>כָּל־</w>
        <w>מַאֲכָ֖ל</w>
        <w>הֲ/יִקְדָּ֑שׁ</w>
        <w>וַ/יַּעֲנ֧וּ</w>
        <w>הַ/כֹּהֲנִ֛ים</w>
        <w>וַ/יֹּאמְר֖וּ</w>
        <w>לֹֽא׃</w>
      </v>
      <v n="13">
        <w>וַ/יֹּ֣אמֶר</w>
        <w>חַגַּ֔י</w>
        <w>אִם־</w>
        <w>יִגַּ֧ע</w>
        <w>טְמֵא־</w>
        <w>נֶ֛פֶשׁ</w>
        <w>בְּ/כָל־</w>
        <w>אֵ֖לֶּה</w>
        <w>הֲ/יִטְמָ֑א</w>
        <w>וַ/יַּעֲנ֧וּ</w>
        <w>הַ/כֹּהֲנִ֛ים</w>
        <w>וַ/יֹּאמְר֖וּ</w>
        <w>יִטְמָֽא׃</w>
      </v>
      <v n="14">
        <w>וַ/יַּ֨עַן</w>
        <w>חַגַּ֜י</w>
        <w>וַ/יֹּ֗אמֶר</w>
        <w>כֵּ֣ן</w>
        <w>הָֽ/עָם־</w>
        <w>הַ֠/זֶּה</w>
        <w>וְ/כֵן־</w>
        <w>הַ/גּ֨וֹי</w>
        <w>הַ/זֶּ֤ה</w>
        <w>לְ/פָנַ/י֙</w>
        <w>נְאֻם־</w>
        <w>יְהוָ֔ה</w>
        <w>וְ/כֵ֖ן</w>
        <w>כָּל־</w>
        <w>מַעֲשֵׂ֣ה</w>
        <w>יְדֵי/הֶ֑ם</w>
        <w>וַ/אֲשֶׁ֥ר</w>
        <w>יַקְרִ֛יבוּ</w>
        <w>שָׁ֖ם</w>
        <w>טָמֵ֥א</w>
        <w>הֽוּא׃</w>
      </v>
      <v n="15">
        <w>וְ/עַתָּה֙</w>
        <w>שִֽׂימוּ־</w>
        <w>נָ֣א</w>
        <w>לְבַבְ/כֶ֔ם</w>
        <w>מִן־</w>
        <w>הַ/יּ֥וֹם</w>
        <w>הַ/זֶּ֖ה</w>
        <w>וָ/מָ֑עְלָ/ה</w>
        <w>מִ/טֶּ֧רֶם</w>
        <w>שֽׂוּם־</w>
        <w>אֶ֛בֶן</w>
        <w>אֶל־</w>
        <w>אֶ֖בֶן</w>
        <w>בְּ/הֵיכַ֥ל</w>
        <w>יְהוָֽה׃</w>
      </v>
      <v n="16">
        <w>מִֽ/הְיוֹתָ֥/ם</w>
        <w>בָּא֙</w>
        <w>אֶל־</w>
        <w>עֲרֵמַ֣ת</w>
        <w>עֶשְׂרִ֔ים</w>
        <w>וְ/הָיְתָ֖ה</w>
        <w>עֲשָׂרָ֑ה</w>
        <w>בָּ֣א</w>
        <w>אֶל־</w>
        <w>הַ/יֶּ֗קֶב</w>
        <w>לַ/חְשֹׂף֙</w>
        <w>חֲמִשִּׁ֣ים</w>
        <w>פּוּרָ֔ה</w>
        <w>וְ/הָיְתָ֖ה</w>
        <w>עֶשְׂרִֽים׃</w>
      </v>
      <v n="17">
        <w>הִכֵּ֨יתִי</w>
        <w>אֶתְ/כֶ֜ם</w>
        <w>בַּ/שִּׁדָּפ֤וֹן</w>
        <w>וּ/בַ/יֵּֽרָקוֹן֙</w>
        <w>וּ/בַ/בָּרָ֔ד</w>
        <w>אֵ֖ת</w>
        <w>כָּל־</w>
        <w>מַעֲשֵׂ֣ה</w>
        <w>יְדֵי/כֶ֑ם</w>
        <w>וְ/אֵין־</w>
        <w>אֶתְ/כֶ֥ם</w>
        <w>אֵלַ֖/י</w>
        <w>נְאֻם־</w>
        <w>יְהוָֽה׃</w>
      </v>
      <v n="18">
        <w>שִׂימוּ־</w>
        <w>נָ֣א</w>
        <w>לְבַבְ/כֶ֔ם</w>
        <w>מִן־</w>
        <w>הַ/יּ֥וֹם</w>
        <w>הַ/זֶּ֖ה</w>
        <w>וָ/מָ֑עְלָ/ה</w>
        <w>מִ/יּוֹם֩</w>
        <w>עֶשְׂרִ֨ים</w>
        <w>וְ/אַרְבָּעָ֜ה</w>
        <w>לַ/תְּשִׁיעִ֗י</w>
        <w>לְ/מִן־</w>
        <w>הַ/יּ֛וֹם</w>
        <w>אֲשֶׁר־</w>
        <w>יֻסַּ֥ד</w>
        <w>הֵֽיכַל־</w>
        <w>יְהוָ֖ה</w>
        <w>שִׂ֥ימוּ</w>
        <w>לְבַבְ/כֶֽם׃</w>
      </v>
      <v n="19">
        <w>הַ/ע֤וֹד</w>
        <w>הַ/זֶּ֙רַע֙</w>
        <w>בַּ/מְּגוּרָ֔ה</w>
        <w>וְ/עַד־</w>
        <w>הַ/גֶּ֨פֶן</w>
        <w>וְ/הַ/תְּאֵנָ֧ה</w>
        <w>וְ/הָ/רִמּ֛וֹן</w>
        <w>וְ/עֵ֥ץ</w>
        <w>הַ/זַּ֖יִת</w>
        <w>לֹ֣א</w>
        <w>נָשָׂ֑א</w>
        <w>מִן־</w>
        <w>הַ/יּ֥וֹם</w>
        <w>הַ/זֶּ֖ה</w>
        <w>אֲבָרֵֽךְ׃</w>
        <samekh/>
      </v>
      <v n="20">
        <w>וַ/יְהִ֨י</w>
        <w>דְבַר־</w>
        <w>יְהוָ֤ה ׀</w>
        <w>שֵׁנִית֙</w>
        <w>אֶל־</w>
        <w>חַגַּ֔י</w>
        <w>בְּ/עֶשְׂרִ֧ים</w>
        <w>וְ/אַרְבָּעָ֛ה</w>
        <w>לַ/חֹ֖דֶשׁ</w>
        <w>לֵ/אמֹֽר׃</w>
      </v>
      <v n="21">
        <w>אֱמֹ֕ר</w>
        <w>אֶל־</w>
        <w>זְרֻבָּבֶ֥ל</w>
        <w>פַּֽחַת־</w>
        <w>יְהוּדָ֖ה</w>
        <w>לֵ/אמֹ֑ר</w>
        <w>אֲנִ֣י</w>
        <w>מַרְעִ֔ישׁ</w>
        <w>אֶת־</w>
        <w>הַ/שָּׁמַ֖יִם</w>
        <w>וְ/אֶת־</w>
        <w>הָ/אָֽרֶץ׃</w>
      </v>
      <v n="22">
        <w>וְ/הָֽפַכְתִּי֙</w>
        <w>כִּסֵּ֣א</w>
        <w>מַמְלָכ֔וֹת</w>
        <w>וְ/הִ֨שְׁמַדְתִּ֔י</w>
        <w>חֹ֖זֶק</w>
        <w>מַמְלְכ֣וֹת</w>
        <w>הַ/גּוֹיִ֑ם</w>
        <w>וְ/הָפַכְתִּ֤י</w>
        <w>מֶרְכָּבָה֙</w>
        <w>וְ/רֹ֣כְבֶ֔י/הָ</w>
        <w>וְ/יָרְד֤וּ</w>
        <w>סוּסִים֙</w>
        <w>וְ/רֹ֣כְבֵי/הֶ֔ם</w>
        <w>אִ֖ישׁ</w>
        <w>בְּ/חֶ֥רֶב</w>
        <w>אָחִֽי/ו׃</w>
      </v>
      <v n="23">
        <w>בַּ/יּ֣וֹם</w>
        <w>הַ/ה֣וּא</w>
        <w>נְאֻם־</w>
        <w>יְהוָ֣ה</w>
        <w>צְבָא֡וֹת</w>
        <w>אֶ֠קָּחֲ/ךָ</w>
        <w>זְרֻבָּבֶ֨ל</w>
        <w>בֶּן־</w>
        <w>שְׁאַלְתִּיאֵ֤ל</w>
        <w>עַבְדִּ/י֙</w>
        <w>נְאֻם־</w>
        <w>יְהוָ֔ה</w>
        <w>וְ/שַׂמְתִּ֖י/ךָ</w>
        <w>כַּֽ/חוֹתָ֑ם</w>
        <w>כִּֽי־</w>
        <w>בְ/ךָ֣</w>
        <w>בָחַ֔רְתִּי</w>
        <w>נְאֻ֖ם</w>
        <w>יְהוָ֥ה</w>
        <w>צְבָאֽוֹת׃</w>
      </v>
      <vs>23</vs>
    </c>
    <vs>38</vs>
    <cs>2</cs>
  </book>
</tanach>
<notes>
  <note>
    <code>1</code>
    <gccode>1</gccode>
    <note>BHS has been faithful to the Leningrad Codex where there might be a question of the validity of the form and we keep the same form as BHS. </note>
  </note>
  <note>
    <code>2</code>
    <gccode>4</gccode>
    <note>Puncta extraordinaria -- a \u05c4 is used to mark such marks in the text when they are above the line and a \u05c5 when they are below the line. </note>
  </note>
  <note>
    <code>3</code>
    <gccode>5</gccode>
    <note>Large letter(s). Shown as large letters without a superscript note number. </note>
  </note>
  <note>
    <code>4</code>
    <gccode>6</gccode>
    <note>Small letter(s). Shown as small letters without a superscript note number. </note>
  </note>
  <note>
    <code>5</code>
    <gccode>7</gccode>
    <note>Suspended letter(s). Shown as suspended letters without a superscript note number. </note>
  </note>
  <note>
    <code>6</code>
    <gccode>8</gccode>
    <note>Inverted nun in the text. Shown without a superscript note number.</note>
  </note>
  <note>
    <code>7</code>
    <gccode>a</gccode>
    <note>Adaptations to a Qere which L and BHS, by their design, do not indicate. </note>
  </note>
  <note>
    <code>8</code>
    <gccode>c</gccode>
    <note>We read one or more accents in L differently than BHS. Often this notation indicates a typographical error in BHS. </note>
  </note>
  <note>
    <code>9</code>
    <gccode>k</gccode>
    <note>We read one or more consonants in L differently from BHS. </note>
  </note>
  <note>
    <code>10</code>
    <gccode>n</gccode>
    <note>Marks an anomalous form. </note>
  </note>
  <note>
    <code>11</code>
    <gccode>p</gccode>
    <note>We read punctuation in L differently from BHS. </note>
  </note>
  <note>
    <code>12</code>
    <gccode>q</gccode>
    <note>We have abandoned or added a ketib/qere relative to BHS. In doing this we agree with L against BHS. </note>
  </note>
  <note>
    <code>13</code>
    <gccode>v</gccode>
    <note>We read one or more vowels in L differently from BHS. </note>
  </note>
  <note>
    <code>14</code>
    <gccode>y</gccode>
    <note>Yathir readings in L which we have designated as Qeres when both Dothan and BHS list a Qere. </note>
  </note>
  <note>
    <code>15</code>
    <gccode>C</gccode>
    <note>We read one or more accents in L differently from BHQ. </note>
  </note>
  <note>
    <code>16</code>
    <gccode>F</gccode>
    <note>Marks a consonant with an anomalous final form that is word-medial.</note>
  </note>
  <note>
    <code>17</code>
    <gccode>K</gccode>
    <note>We read one or more consonants in L differently from BHQ. </note>
  </note>
  <note>
    <code>18</code>
    <gccode>M</gccode>
    <note>Marks a word with a final consonant that is a medial (not a final) form. </note>
  </note>
  <note>
    <code>19</code>
    <gccode>P</gccode>
    <note>We read the punctuation in L differently from BHQ. </note>
  </note>
  <note>
    <code>20</code>
    <gccode>Q</gccode>
    <note>Marks a place where we agree with BHQ against BHS in reading L. </note>
  </note>
  <note>
    <code>21</code>
    <gccode>U</gccode>
    <note>We agree with both BHS 1997 and BHQ on an unexpected reading. </note>
  </note>
  <note>
    <code>22</code>
    <gccode>V</gccode>
    <note>We read one or more vowels in L differently from BHQ. </note>
  </note>
  <note>
    <code>X</code>
    <gccode>X</gccode>
    <note>This verse does NOT occur in the Leningrad Codex. </note>
  </note>
</notes>
</Tanach>
