<?xml version="1.0" encoding="UTF-8" standalone="no"?>
<!-- Copyright C.V.Kimball 2013 --><Tanach xmlns:xsi="http://www.w3.org/2001/XMLSchema-instance" xsi:noNamespaceSchemaLocation="../XSL/Tanach.xsd">
<teiHeader>
  <fileDesc>
    <titleStmt>
      <title level="s" type="uniform">Tanach</title>
      <title level="s" type="uniformhebrew">תנ״ך</title>
      <title level="s" type="main">Unicode/XML Leningrad Codex</title>
      <title level="a" type="main">Hosea</title>
      <title level="a" type="mainhebrew">הושע</title>
      <title level="a" type="filename">Hosea</title>
      <editor>Shemu'el ben Ya'akov</editor>
      <editor>Aharon ben-Mosheh ben-Asher</editor>
      <respStmt>
        <resp>Publisher:</resp>
        <name>Christopher V. Kimball</name>
        <name type="email">mail@cvkimball.com</name>
      </respStmt>
    </titleStmt>
    <editionStmt>
      <edition>Unicode/XML Leningrad Codex (UXLC)
        <version>UXLC 1.1</version>
        <date>19 Oct 2020</date>
        <build>26.1</build>
        <buildDateTime>06 Oct 2020  10:00</buildDateTime>
      </edition>
<respStmt>
<resp>WLC2XML[28 Aug 2020] - Transcription from Michigan-Claremont encoding to Unicode with XML markings. See details in notes.</resp>
<resp>Updater[27 Sep 2020] - Changes.xml file dated 2020.02.19 . </resp>
<resp>Updater[27 Sep 2020] - Changes.xml file dated 2020.10.19 . </resp>
<resp>ScanReplace/NoteRemover[4 Sep 2020] - Removes 14 notes: 1, a, c, k, p, q, v, y, C, K, P, Q, U, V .</resp>
<resp>ScanReplace/Jerusalem[1 Sep 2020] - Places CGJ in Jerusalem VUV words.</resp>
</respStmt>
    </editionStmt>
    <extent>93937</extent>
    <publicationStmt>
      <distributor>Via web site:
        <name>Christopher V. Kimball</name>
        <name type="url">https://www.tanach.us/Tanach.xml</name>
        <name type="email">mail@cvkimball.com</name>
      </distributor>
      <availability status="free">Freely available</availability>
    </publicationStmt>
    <notesStmt>
      <note>The original text file wlc420_ps.txt was provided by the Groves Center. 
The file has the MD5 hash: d31a 6a6e 9afa bf82 272c 2efb 0522 a12e 
and was dated 25 Jan 2016. Six transcription notes (5,7,F) have been moved to the noted character (Lev 11:42.4, Judg 18:30.11, Isa 9.6.1, Ps 80:14.3, Job 38:13.5, Job 38:15.2) to produce the file wlc420_ps_td.txt for conversion to Unicode and XML by the program WLC2XML. The only other changes to the Groves Center text are: The book names in English and Hebrew of the Jewish Publication Society Tanach and book abbreviations from the New Revised Standard Version have been added. </note>
    </notesStmt>
    <sourceDesc>
      <biblItem>
        <title>Hebrew Bible</title>
        <title>Leningrad Codex</title>
        <editor>Shemu'el ben Ya'akov</editor>
        <editor>Aharon ben-Mosheh ben-Asher</editor>
        <edition>Original document</edition>
        <imprint>
          <publisher>Russian National Library (Saltykov-Shchedrin)</publisher>
          <pubPlace>St. Petersburg (Leningrad)</pubPlace>
          <date>1008</date>
        </imprint>
        <idno type="Accession">Firkovich B 19 A</idno>
      </biblItem>
      <biblItem>
        <title>The Leningrad Codex - A Facsimile Edition</title>
        <editor>Freedman, David Noel</editor>
        <editor>Beck, Astrid B.</editor>
        <edition>First</edition>
        <imprint>
          <publisher>Wm. B. Eerdmans Publishing Co.</publisher>
          <pubPlace>Grand Rapids, MI</pubPlace>
          <date>1998</date>
        </imprint>
        <idno type="IBSN">0-8028-3786-7</idno>
      </biblItem>
      <biblItem>
        <title>The Westminster Leningrad Codex</title>
        <editor>Salisbury, Stephen K.</editor>
        <edition>WLC 4.20</edition>
        <imprint>
          <publisher>The J. Alan Groves Center for Advanced Biblical Research ("Groves Center").</publisher>
          <pubPlace>2960 Church Rd.</pubPlace>
          <pubPlace>Glenside, PA 19038</pubPlace>
          <date>25 January 2016</date>
        </imprint>
        <idno type="Unknown"/>
      </biblItem>
    </sourceDesc>
  </fileDesc>
  <encodingDesc>
  </encodingDesc>
  <profileDesc>
    <creation>From the Westminster Leningrad Codex [WLC 4.20], provided by the Groves Center.</creation>
    <date>25 Jan 2016</date>
    <langUsage>
      <language ident="HE">Hebrew</language>
    </langUsage>
  </profileDesc>
</teiHeader>
<tanach>
  <book>
    <names>
      <name>Hosea</name>
      <abbrev>Hos</abbrev>
      <number>15</number>
      <filename>Hosea</filename>
      <hebrewname>הושע</hebrewname>
    </names>
    <c n="1">
      <v n="1">
        <w>דְּבַר־</w>
        <w>יְהוָ֣ה ׀</w>
        <w>אֲשֶׁ֣ר</w>
        <w>הָיָ֗ה</w>
        <w>אֶל־</w>
        <w>הוֹשֵׁ֙עַ֙</w>
        <w>בֶּן־</w>
        <w>בְּאֵרִ֔י</w>
        <w>בִּ/ימֵ֨י</w>
        <w>עֻזִּיָּ֥ה</w>
        <w>יוֹתָ֛ם</w>
        <w>אָחָ֥ז</w>
        <w>יְחִזְקִיָּ֖ה</w>
        <w>מַלְכֵ֣י</w>
        <w>יְהוּדָ֑ה</w>
        <w>וּ/בִ/ימֵ֛י</w>
        <w>יָרָבְעָ֥ם</w>
        <w>בֶּן־</w>
        <w>יוֹאָ֖שׁ</w>
        <w>מֶ֥לֶךְ</w>
        <w>יִשְׂרָאֵֽל׃</w>
      </v>
      <v n="2">
        <w>תְּחִלַּ֥ת</w>
        <w>דִּבֶּר־</w>
        <w>יְהוָ֖ה</w>
        <w>בְּ/הוֹשֵׁ֑עַ</w>
        <pe/>
        <w>וַ/יֹּ֨אמֶר</w>
        <w>יְהוָ֜ה</w>
        <w>אֶל־</w>
        <w>הוֹשֵׁ֗עַ</w>
        <w>לֵ֣ךְ</w>
        <w>קַח־</w>
        <w>לְ/ךָ֞</w>
        <w>אֵ֤שֶׁת</w>
        <w>זְנוּנִים֙</w>
        <w>וְ/יַלְדֵ֣י</w>
        <w>זְנוּנִ֔ים</w>
        <w>כִּֽי־</w>
        <w>זָנֹ֤ה</w>
        <w>תִזְנֶה֙</w>
        <w>הָ/אָ֔רֶץ</w>
        <w>מֵֽ/אַחֲרֵ֖י</w>
        <w>יְהוָֽה׃</w>
      </v>
      <v n="3">
        <w>וַ/יֵּ֙לֶךְ֙</w>
        <w>וַ/יִּקַּ֔ח</w>
        <w>אֶת־</w>
        <w>גֹּ֖מֶר</w>
        <w>בַּת־</w>
        <w>דִּבְלָ֑יִם</w>
        <w>וַ/תַּ֥הַר</w>
        <w>וַ/תֵּֽלֶד־</w>
        <w>ל֖/וֹ</w>
        <w>בֵּֽן׃</w>
      </v>
      <v n="4">
        <w>וַ/יֹּ֤אמֶר</w>
        <w>יְהוָה֙</w>
        <w>אֵלָ֔י/ו</w>
        <w>קְרָ֥א</w>
        <w>שְׁמ֖/וֹ</w>
        <w>יִזְרְעֶ֑אל</w>
        <w>כִּי־</w>
        <w>ע֣וֹד</w>
        <w>מְעַ֗ט</w>
        <w>וּ/פָ֨קַדְתִּ֜י</w>
        <w>אֶת־</w>
        <w>דְּמֵ֤י</w>
        <w>יִזְרְעֶאל֙</w>
        <w>עַל־</w>
        <w>בֵּ֣ית</w>
        <w>יֵה֔וּא</w>
        <w>וְ/הִ֨שְׁבַּתִּ֔י</w>
        <w>מַמְלְכ֖וּת</w>
        <w>בֵּ֥ית</w>
        <w>יִשְׂרָאֵֽל׃</w>
      </v>
      <v n="5">
        <w>וְ/הָיָ֖ה</w>
        <w>בַּ/יּ֣וֹם</w>
        <w>הַ/ה֑וּא</w>
        <w>וְ/שָֽׁבַרְתִּי֙</w>
        <w>אֶת־</w>
        <w>קֶ֣שֶׁת</w>
        <w>יִשְׂרָאֵ֔ל</w>
        <w>בְּ/עֵ֖מֶק</w>
        <w>יִזְרְעֶֽאל׃</w>
      </v>
      <v n="6">
        <w>וַ/תַּ֤הַר</w>
        <w>עוֹד֙</w>
        <w>וַ/תֵּ֣לֶד</w>
        <w>בַּ֔ת</w>
        <w>וַ/יֹּ֣אמֶר</w>
        <w>ל֔/וֹ</w>
        <w>קְרָ֥א</w>
        <w>שְׁמָ֖/הּ</w>
        <w>לֹ֣א</w>
        <w>רֻחָ֑מָה</w>
        <w>כִּי֩</w>
        <w>לֹ֨א</w>
        <w>אוֹסִ֜יף</w>
        <w>ע֗וֹד</w>
        <w>אֲרַחֵם֙</w>
        <w>אֶת־</w>
        <w>בֵּ֣ית</w>
        <w>יִשְׂרָאֵ֔ל</w>
        <w>כִּֽי־</w>
        <w>נָשֹׂ֥א</w>
        <w>אֶשָּׂ֖א</w>
        <w>לָ/הֶֽם׃</w>
      </v>
      <v n="7">
        <w>וְ/אֶת־</w>
        <w>בֵּ֤ית</w>
        <w>יְהוּדָה֙</w>
        <w>אֲרַחֵ֔ם</w>
        <w>וְ/הֽוֹשַׁעְתִּ֖י/ם</w>
        <w>בַּ/יהוָ֣ה</w>
        <w>אֱלֹֽהֵי/הֶ֑ם</w>
        <w>וְ/לֹ֣א</w>
        <w>אֽוֹשִׁיעֵ֗/ם</w>
        <w>בְּ/קֶ֤שֶׁת</w>
        <w>וּ/בְ/חֶ֙רֶב֙</w>
        <w>וּ/בְ/מִלְחָמָ֔ה</w>
        <w>בְּ/סוּסִ֖ים</w>
        <w>וּ/בְ/פָרָשִֽׁים׃</w>
      </v>
      <v n="8">
        <w>וַ/תִּגְמֹ֖ל</w>
        <w>אֶת־</w>
        <w>לֹ֣א</w>
        <w>רֻחָ֑מָה</w>
        <w>וַ/תַּ֖הַר</w>
        <w>וַ/תֵּ֥לֶד</w>
        <w>בֵּֽן׃</w>
      </v>
      <v n="9">
        <w>וַ/יֹּ֕אמֶר</w>
        <w>קְרָ֥א</w>
        <w>שְׁמ֖/וֹ</w>
        <w>לֹ֣א</w>
        <w>עַמִּ֑י</w>
        <w>כִּ֤י</w>
        <w>אַתֶּם֙</w>
        <w>לֹ֣א</w>
        <w>עַמִּ֔/י</w>
        <w>וְ/אָנֹכִ֖י</w>
        <w>לֹֽא־</w>
        <w>אֶהְיֶ֥ה</w>
        <w>לָ/כֶֽם׃</w>
        <samekh/>
      </v>
      <vs>9</vs>
    </c>
    <c n="2">
      <v n="1">
        <w>וְֽ֠/הָיָה</w>
        <w>מִסְפַּ֤ר</w>
        <w>בְּנֵֽי־</w>
        <w>יִשְׂרָאֵל֙</w>
        <w>כְּ/ח֣וֹל</w>
        <w>הַ/יָּ֔ם</w>
        <w>אֲשֶׁ֥ר</w>
        <w>לֹֽא־</w>
        <w>יִמַּ֖ד</w>
        <w>וְ/לֹ֣א</w>
        <w>יִסָּפֵ֑ר</w>
        <w>וְֽ֠/הָיָה</w>
        <w>בִּ/מְק֞וֹם</w>
        <w>אֲשֶׁר־</w>
        <w>יֵאָמֵ֤ר</w>
        <w>לָ/הֶם֙</w>
        <w>לֹֽא־</w>
        <w>עַמִּ֣/י</w>
        <w>אַתֶּ֔ם</w>
        <w>יֵאָמֵ֥ר</w>
        <w>לָ/הֶ֖ם</w>
        <w>בְּנֵ֥י</w>
        <w>אֵֽל־</w>
        <w>חָֽי׃</w>
      </v>
      <v n="2">
        <w>וְ֠/נִקְבְּצוּ</w>
        <w>בְּנֵֽי־</w>
        <w>יְהוּדָ֤ה</w>
        <w>וּ/בְנֵֽי־</w>
        <w>יִשְׂרָאֵל֙</w>
        <w>יַחְדָּ֔ו</w>
        <w>וְ/שָׂמ֥וּ</w>
        <w>לָ/הֶ֛ם</w>
        <w>רֹ֥אשׁ</w>
        <w>אֶחָ֖ד</w>
        <w>וְ/עָל֣וּ</w>
        <w>מִן־</w>
        <w>הָ/אָ֑רֶץ</w>
        <w>כִּ֥י</w>
        <w>גָד֖וֹל</w>
        <w>י֥וֹם</w>
        <w>יִזְרְעֶֽאל׃</w>
      </v>
      <v n="3">
        <w>אִמְר֥וּ</w>
        <w>לַ/אֲחֵי/כֶ֖ם</w>
        <w>עַמִּ֑/י</w>
        <w>וְ/לַ/אֲחֽוֹתֵי/כֶ֖ם</w>
        <w>רֻחָֽמָה׃</w>
      </v>
      <v n="4">
        <w>רִ֤יבוּ</w>
        <w>בְ/אִמְּ/כֶם֙</w>
        <w>רִ֔יבוּ</w>
        <w>כִּֽי־</w>
        <w>הִיא֙</w>
        <w>לֹ֣א</w>
        <w>אִשְׁתִּ֔/י</w>
        <w>וְ/אָנֹכִ֖י</w>
        <w>לֹ֣א</w>
        <w>אִישָׁ֑/הּ</w>
        <w>וְ/תָסֵ֤ר</w>
        <w>זְנוּנֶ֙י/הָ֙</w>
        <w>מִ/פָּנֶ֔י/ה
</w>
        <w>וְ/נַאֲפוּפֶ֖י/הָ</w>
        <w>מִ/בֵּ֥ין</w>
        <w>שָׁדֶֽי/הָ׃</w>
      </v>
      <v n="5">
        <w>פֶּן־</w>
        <w>אַפְשִׁיטֶ֣/נָּה</w>
        <w>עֲרֻמָּ֔ה</w>
        <w>וְ/הִ֨צַּגְתִּ֔י/הָ</w>
        <w>כְּ/י֖וֹם</w>
        <w>הִוָּֽלְדָ֑/הּ</w>
        <w>וְ/שַׂמְתִּ֣י/הָ</w>
        <w>כַ/מִּדְבָּ֗ר</w>
        <w>וְ/שַׁתִּ֙/הָ֙</w>
        <w>כְּ/אֶ֣רֶץ</w>
        <w>צִיָּ֔ה</w>
        <w>וַ/הֲמִתִּ֖י/הָ</w>
        <w>בַּ/צָּמָֽא׃</w>
      </v>
      <v n="6">
        <w>וְ/אֶת־</w>
        <w>בָּנֶ֖י/הָ</w>
        <w>לֹ֣א</w>
        <w>אֲרַחֵ֑ם</w>
        <w>כִּֽי־</w>
        <w>בְנֵ֥י</w>
        <w>זְנוּנִ֖ים</w>
        <w>הֵֽמָּה׃</w>
      </v>
      <v n="7">
        <w>כִּ֤י</w>
        <w>זָֽנְתָה֙</w>
        <w>אִמָּ֔/ם</w>
        <w>הֹבִ֖ישָׁה</w>
        <w>הֽוֹרָתָ֑/ם</w>
        <w>כִּ֣י</w>
        <w>אָמְרָ֗ה</w>
        <w>אֵלְכָ֞ה</w>
        <w>אַחֲרֵ֤י</w>
        <w>מְאַהֲבַ/י֙</w>
        <w>נֹתְנֵ֤י</w>
        <w>לַחְמִ/י֙</w>
        <w>וּ/מֵימַ֔/י</w>
        <w>צַמְרִ֣/י</w>
        <w>וּ/פִשְׁתִּ֔/י</w>
        <w>שַׁמְנִ֖/י</w>
        <w>וְ/שִׁקּוּיָֽ/י׃</w>
      </v>
      <v n="8">
        <w>לָ/כֵ֛ן</w>
        <w>הִנְ/נִי־</w>
        <w>שָׂ֥ךְ</w>
        <w>אֶת־</w>
        <w>דַּרְכֵּ֖/ךְ</w>
        <w>בַּ/סִּירִ֑ים</w>
        <w>וְ/גָֽדַרְתִּי֙</w>
        <w>אֶת־</w>
        <w>גְּדֵרָ֔/הּ</w>
        <w>וּ/נְתִיבוֹתֶ֖י/הָ</w>
        <w>לֹ֥א</w>
        <w>תִמְצָֽא׃</w>
      </v>
      <v n="9">
        <w>וְ/רִדְּפָ֤ה</w>
        <w>אֶת־</w>
        <w>מְאַהֲבֶ֙י/הָ֙</w>
        <w>וְ/לֹֽא־</w>
        <w>תַשִּׂ֣יג</w>
        <w>אֹתָ֔/ם</w>
        <w>וּ/בִקְשָׁ֖תַ/ם</w>
        <w>וְ/לֹ֣א</w>
        <w>תִמְצָ֑א</w>
        <w>וְ/אָמְרָ֗ה</w>
        <w>אֵלְכָ֤ה</w>
        <w>וְ/אָשׁ֙וּבָה֙</w>
        <w>אֶל־</w>
        <w>אִישִׁ֣/י</w>
        <w>הָֽ/רִאשׁ֔וֹן</w>
        <w>כִּ֣י</w>
        <w>ט֥וֹב</w>
        <w>לִ֛/י</w>
        <w>אָ֖ז</w>
        <w>מֵ/עָֽתָּה׃</w>
      </v>
      <v n="10">
        <w>וְ/הִיא֙</w>
        <w>לֹ֣א</w>
        <w>יָֽדְעָ֔ה</w>
        <w>כִּ֤י</w>
        <w>אָֽנֹכִי֙</w>
        <w>נָתַ֣תִּי</w>
        <w>לָ֔/הּ</w>
        <w>הַ/דָּגָ֖ן</w>
        <w>וְ/הַ/תִּיר֣וֹשׁ</w>
        <w>וְ/הַ/יִּצְהָ֑ר</w>
        <w>וְ/כֶ֨סֶף</w>
        <w>הִרְבֵּ֥יתִי</w>
        <w>לָ֛/הּ</w>
        <w>וְ/זָהָ֖ב</w>
        <w>עָשׂ֥וּ</w>
        <w>לַ/בָּֽעַל׃</w>
      </v>
      <v n="11">
        <w>לָ/כֵ֣ן</w>
        <w>אָשׁ֔וּב</w>
        <w>וְ/לָקַחְתִּ֤י</w>
        <w>דְגָנִ/י֙</w>
        <w>בְּ/עִתּ֔/וֹ</w>
        <w>וְ/תִירוֹשִׁ֖/י</w>
        <w>בְּ/מֽוֹעֲד֑/וֹ</w>
        <w>וְ/הִצַּלְתִּי֙</w>
        <w>צַמְרִ֣/י</w>
        <w>וּ/פִשְׁתִּ֔/י</w>
        <w>לְ/כַסּ֖וֹת</w>
        <w>אֶת־</w>
        <w>עֶרְוָתָֽ/הּ׃</w>
      </v>
      <v n="12">
        <w>וְ/עַתָּ֛ה</w>
        <w>אֲגַלֶּ֥ה</w>
        <w>אֶת־</w>
        <w>נַבְלֻתָ֖/הּ</w>
        <w>לְ/עֵינֵ֣י</w>
        <w>מְאַהֲבֶ֑י/הָ</w>
        <w>וְ/אִ֖ישׁ</w>
        <w>לֹֽא־</w>
        <w>יַצִּילֶ֥/נָּה</w>
        <w>מִ/יָּדִֽ/י׃</w>
      </v>
      <v n="13">
        <w>וְ/הִשְׁבַּתִּי֙</w>
        <w>כָּל־</w>
        <w>מְשׂוֹשָׂ֔/הּ</w>
        <w>חַגָּ֖/הּ</w>
        <w>חָדְשָׁ֣/הּ</w>
        <w>וְ/שַׁבַּתָּ֑/הּ</w>
        <w>וְ/כֹ֖ל</w>
        <w>מוֹעֲדָֽ/הּ׃</w>
      </v>
      <v n="14">
        <w>וַ/הֲשִׁמֹּתִ֗י</w>
        <w>גַּפְנָ/הּ֙</w>
        <w>וּ/תְאֵ֣נָתָ֔/הּ</w>
        <w>אֲשֶׁ֣ר</w>
        <w>אָמְרָ֗ה</w>
        <w>אֶתְנָ֥ה</w>
        <w>הֵ֙מָּה֙</w>
        <w>לִ֔/י</w>
        <w>אֲשֶׁ֥ר</w>
        <w>נָֽתְנוּ־</w>
        <w>לִ֖/י</w>
        <w>מְאַֽהֲבָ֑/י</w>
        <w>וְ/שַׂמְתִּ֣י/ם</w>
        <w>לְ/יַ֔עַר</w>
        <w>וַ/אֲכָלָ֖תַ/ם</w>
        <w>חַיַּ֥ת</w>
        <w>הַ/שָּׂדֶֽה׃</w>
      </v>
      <v n="15">
        <w>וּ/פָקַדְתִּ֣י</w>
        <w>עָלֶ֗י/הָ</w>
        <w>אֶת־</w>
        <w>יְמֵ֤י</w>
        <w>הַ/בְּעָלִים֙</w>
        <w>אֲשֶׁ֣ר</w>
        <w>תַּקְטִ֣יר</w>
        <w>לָ/הֶ֔ם</w>
        <w>וַ/תַּ֤עַד</w>
        <w>נִזְמָ/הּ֙</w>
        <w>וְ/חֶלְיָתָ֔/הּ</w>
        <w>וַ/תֵּ֖לֶךְ</w>
        <w>אַחֲרֵ֣י</w>
        <w>מְאַהֲבֶ֑י/הָ</w>
        <w>וְ/אֹתִ֥/י</w>
        <w>שָׁכְחָ֖ה</w>
        <w>נְאֻם־</w>
        <w>יְהוָֽה׃</w>
        <pe/>
      </v>
      <v n="16">
        <w>לָ/כֵ֗ן</w>
        <w>הִנֵּ֤ה</w>
        <w>אָֽנֹכִי֙</w>
        <w>מְפַתֶּ֔י/הָ</w>
        <w>וְ/הֹֽלַכְתִּ֖י/הָ</w>
        <w>הַ/מִּדְבָּ֑ר</w>
        <w>וְ/דִבַּרְתִּ֖י</w>
        <w>עַל
<x>n</x>

</w>
        <w>לִבָּֽ/הּ׃</w>
      </v>
      <v n="17">
        <w>וְ/נָתַ֨תִּי</w>
        <w>לָ֤/הּ</w>
        <w>אֶת־</w>
        <w>כְּרָמֶ֙י/הָ֙</w>
        <w>מִ/שָּׁ֔ם</w>
        <w>וְ/אֶת־</w>
        <w>עֵ֥מֶק</w>
        <w>עָכ֖וֹר</w>
        <w>לְ/פֶ֣תַח</w>
        <w>תִּקְוָ֑ה</w>
        <w>וְ/עָ֤נְתָה</w>
        <w>שָּׁ֙מָּ/ה֙</w>
        <w>כִּ/ימֵ֣י</w>
        <w>נְעוּרֶ֔י/הָ</w>
        <w>וִּ/כְ/י֖וֹם
</w>
        <w>עֲלֹתָ֥/הּ</w>
        <w>מֵ/אֶֽרֶץ־</w>
        <w>מִצְרָֽיִם׃</w>
        <samekh/>
      </v>
      <v n="18">
        <w>וְ/הָיָ֤ה</w>
        <w>בַ/יּוֹם־</w>
        <w>הַ/הוּא֙</w>
        <w>נְאֻם־</w>
        <w>יְהוָ֔ה</w>
        <w>תִּקְרְאִ֖י</w>
        <w>אִישִׁ֑/י</w>
        <w>וְ/לֹֽא־</w>
        <w>תִקְרְאִי־</w>
        <w>לִ֥/י</w>
        <w>ע֖וֹד</w>
        <w>בַּעְלִֽ/י׃</w>
      </v>
      <v n="19">
        <w>וַ/הֲסִרֹתִ֛י</w>
        <w>אֶת־</w>
        <w>שְׁמ֥וֹת</w>
        <w>הַ/בְּעָלִ֖ים</w>
        <w>מִ/פִּ֑י/הָ</w>
        <w>וְ/לֹֽא־</w>
        <w>יִזָּכְר֥וּ</w>
        <w>ע֖וֹד</w>
        <w>בִּ/שְׁמָֽ/ם׃</w>
      </v>
      <v n="20">
        <w>וְ/כָרַתִּ֨י</w>
        <w>לָ/הֶ֤ם</w>
        <w>בְּרִית֙</w>
        <w>בַּ/יּ֣וֹם</w>
        <w>הַ/ה֔וּא</w>
        <w>עִם־</w>
        <w>חַיַּ֤ת</w>
        <w>הַ/שָּׂדֶה֙</w>
        <w>וְ/עִם־</w>
        <w>ע֣וֹף</w>
        <w>הַ/שָּׁמַ֔יִם</w>
        <w>וְ/רֶ֖מֶשׂ</w>
        <w>הָֽ/אֲדָמָ֑ה</w>
        <w>וְ/קֶ֨שֶׁת</w>
        <w>וְ/חֶ֤רֶב</w>
        <w>וּ/מִלְחָמָה֙</w>
        <w>אֶשְׁבּ֣וֹר</w>
        <w>מִן־</w>
        <w>הָ/אָ֔רֶץ</w>
        <w>וְ/הִשְׁכַּבְתִּ֖י/ם</w>
        <w>לָ/בֶֽטַח׃</w>
      </v>
      <v n="21">
        <w>וְ/אֵרַשְׂתִּ֥י/ךְ</w>
        <w>לִ֖/י</w>
        <w>לְ/עוֹלָ֑ם</w>
        <w>וְ/אֵרַשְׂתִּ֥י/ךְ</w>
        <w>לִ/י֙</w>
        <w>בְּ/צֶ֣דֶק</w>
        <w>וּ/בְ/מִשְׁפָּ֔ט</w>
        <w>וּ/בְ/חֶ֖סֶד</w>
        <w>וּֽ/בְ/רַחֲמִֽים׃</w>
      </v>
      <v n="22">
        <w>וְ/אֵרַשְׂתִּ֥י/ךְ</w>
        <w>לִ֖/י</w>
        <w>בֶּ/אֱמוּנָ֑ה</w>
        <w>וְ/יָדַ֖עַתְּ</w>
        <w>אֶת־</w>
        <w>יְהוָֽה׃</w>
        <samekh/>
      </v>
      <v n="23">
        <w>וְ/הָיָ֣ה ׀</w>
        <w>בַּ/יּ֣וֹם</w>
        <w>הַ/ה֗וּא</w>
        <w>אֶֽעֱנֶה֙</w>
        <w>נְאֻם־</w>
        <w>יְהוָ֔ה</w>
        <w>אֶעֱנֶ֖ה</w>
        <w>אֶת־</w>
        <w>הַ/שָּׁמָ֑יִם</w>
        <w>וְ/הֵ֖ם</w>
        <w>יַעֲנ֥וּ</w>
        <w>אֶת־</w>
        <w>הָ/אָֽרֶץ׃</w>
      </v>
      <v n="24">
        <w>וְ/הָ/אָ֣רֶץ</w>
        <w>תַּעֲנֶ֔ה</w>
        <w>אֶת־</w>
        <w>הַ/דָּגָ֖ן</w>
        <w>וְ/אֶת־</w>
        <w>הַ/תִּיר֣וֹשׁ</w>
        <w>וְ/אֶת־</w>
        <w>הַ/יִּצְהָ֑ר</w>
        <w>וְ/הֵ֖ם</w>
        <w>יַעֲנ֥וּ</w>
        <w>אֶֽת־</w>
        <w>יִזְרְעֶֽאל׃</w>
      </v>
      <v n="25">
        <w>וּ/זְרַעְתִּ֤י/הָ</w>
        <w>לִּ/י֙</w>
        <w>בָּ/אָ֔רֶץ</w>
        <w>וְ/רִֽחַמְתִּ֖י</w>
        <w>אֶת־</w>
        <w>לֹ֣א</w>
        <w>רֻחָ֑מָה</w>
        <w>וְ/אָמַרְתִּ֤י</w>
        <w>לְ/לֹֽא־</w>
        <w>עַמִּי֙</w>
        <w>עַמִּ/י־</w>
        <w>אַ֔תָּה</w>
        <w>וְ/ה֖וּא</w>
        <w>יֹאמַ֥ר</w>
        <w>אֱלֹהָֽ/י׃</w>
        <pe/>
      </v>
      <vs>25</vs>
    </c>
    <c n="3">
      <v n="1">
        <w>וַ/יֹּ֨אמֶר</w>
        <w>יְהוָ֜ה</w>
        <w>אֵלַ֗/י</w>
        <w>ע֚וֹד</w>
        <w>לֵ֣ךְ</w>
        <w>אֱ‍ֽהַב־</w>
        <w>אִשָּׁ֔ה</w>
        <w>אֲהֻ֥בַת</w>
        <w>רֵ֖עַ</w>
        <w>וּ/מְנָאָ֑פֶת</w>
        <w>כְּ/אַהֲבַ֤ת</w>
        <w>יְהוָה֙</w>
        <w>אֶת־</w>
        <w>בְּנֵ֣י</w>
        <w>יִשְׂרָאֵ֔ל</w>
        <w>וְ/הֵ֗ם</w>
        <w>פֹּנִים֙</w>
        <w>אֶל־</w>
        <w>אֱלֹהִ֣ים</w>
        <w>אֲחֵרִ֔ים</w>
        <w>וְ/אֹהֲבֵ֖י</w>
        <w>אֲשִׁישֵׁ֥י</w>
        <w>עֲנָבִֽים׃</w>
      </v>
      <v n="2">
        <w>וָ/אֶכְּרֶ֣/הָ</w>
        <w>לִּ֔/י</w>
        <w>בַּ/חֲמִשָּׁ֥ה</w>
        <w>עָשָׂ֖ר</w>
        <w>כָּ֑סֶף</w>
        <w>וְ/חֹ֥מֶר</w>
        <w>שְׂעֹרִ֖ים</w>
        <w>וְ/לֵ֥תֶךְ</w>
        <w>שְׂעֹרִֽים׃</w>
      </v>
      <v n="3">
        <w>וָ/אֹמַ֣ר</w>
        <w>אֵלֶ֗י/הָ</w>
        <w>יָמִ֤ים</w>
        <w>רַבִּים֙</w>
        <w>תֵּ֣שְׁבִי</w>
        <w>לִ֔/י</w>
        <w>לֹ֣א</w>
        <w>תִזְנִ֔י</w>
        <w>וְ/לֹ֥א</w>
        <w>תִֽהְיִ֖י</w>
        <w>לְ/אִ֑ישׁ</w>
        <w>וְ/גַם־</w>
        <w>אֲנִ֖י</w>
        <w>אֵלָֽיִ/ךְ׃</w>
      </v>
      <v n="4">
        <w>כִּ֣י ׀</w>
        <w>יָמִ֣ים</w>
        <w>רַבִּ֗ים</w>
        <w>יֵֽשְׁבוּ֙</w>
        <w>בְּנֵ֣י</w>
        <w>יִשְׂרָאֵ֔ל</w>
        <w>אֵ֥ין</w>
        <w>מֶ֙לֶךְ֙</w>
        <w>וְ/אֵ֣ין</w>
        <w>שָׂ֔ר</w>
        <w>וְ/אֵ֥ין</w>
        <w>זֶ֖בַח</w>
        <w>וְ/אֵ֣ין</w>
        <w>מַצֵּבָ֑ה</w>
        <w>וְ/אֵ֥ין</w>
        <w>אֵפ֖וֹד</w>
        <w>וּ/תְרָפִֽים׃</w>
      </v>
      <v n="5">
        <w>אַחַ֗ר</w>
        <w>יָשֻׁ֙בוּ֙</w>
        <w>בְּנֵ֣י</w>
        <w>יִשְׂרָאֵ֔ל</w>
        <w>וּ/בִקְשׁוּ֙</w>
        <w>אֶת־</w>
        <w>יְהוָ֣ה</w>
        <w>אֱלֹהֵי/הֶ֔ם</w>
        <w>וְ/אֵ֖ת</w>
        <w>דָּוִ֣ד</w>
        <w>מַלְכָּ֑/ם</w>
        <w>וּ/פָחֲד֧וּ</w>
        <w>אֶל־</w>
        <w>יְהוָ֛ה</w>
        <w>וְ/אֶל־</w>
        <w>טוּב֖/וֹ</w>
        <w>בְּ/אַחֲרִ֥ית</w>
        <w>הַ/יָּמִֽים׃</w>
        <pe/>
      </v>
      <vs>5</vs>
    </c>
    <c n="4">
      <v n="1">
        <w>שִׁמְע֥וּ</w>
        <w>דְבַר־</w>
        <w>יְהוָ֖ה</w>
        <w>בְּנֵ֣י</w>
        <w>יִשְׂרָאֵ֑ל</w>
        <w>כִּ֣י</w>
        <w>רִ֤יב</w>
        <w>לַֽ/יהוָה֙</w>
        <w>עִם־</w>
        <w>יוֹשְׁבֵ֣י</w>
        <w>הָ/אָ֔רֶץ</w>
        <w>כִּ֠י</w>
        <w>אֵין־</w>
        <w>אֱמֶ֧ת</w>
        <w>וְֽ/אֵין־</w>
        <w>חֶ֛סֶד</w>
        <w>וְ/אֵֽין־</w>
        <w>דַּ֥עַת</w>
        <w>אֱלֹהִ֖ים</w>
        <w>בָּ/אָֽרֶץ׃</w>
      </v>
      <v n="2">
        <w>אָלֹ֣ה</w>
        <w>וְ/כַחֵ֔שׁ</w>
        <w>וְ/רָצֹ֥חַ</w>
        <w>וְ/גָנֹ֖ב</w>
        <w>וְ/נָאֹ֑ף</w>
        <w>פָּרָ֕צוּ</w>
        <w>וְ/דָמִ֥ים</w>
        <w>בְּ/דָמִ֖ים</w>
        <w>נָגָֽעוּ׃</w>
      </v>
      <v n="3">
        <w>עַל־</w>
        <w>כֵּ֣ן ׀</w>
        <w>תֶּאֱבַ֣ל</w>
        <w>הָ/אָ֗רֶץ</w>
        <w>וְ/אֻמְלַל֙</w>
        <w>כָּל־</w>
        <w>יוֹשֵׁ֣ב</w>
        <w>בָּ֔/הּ</w>
        <w>בְּ/חַיַּ֥ת</w>
        <w>הַ/שָּׂדֶ֖ה</w>
        <w>וּ/בְ/ע֣וֹף</w>
        <w>הַ/שָּׁמָ֑יִם</w>
        <w>וְ/גַם־</w>
        <w>דְּגֵ֥י</w>
        <w>הַ/יָּ֖ם</w>
        <w>יֵאָסֵֽפוּ׃</w>
      </v>
      <v n="4">
        <w>אַ֥ךְ</w>
        <w>אִ֛ישׁ</w>
        <w>אַל־</w>
        <w>יָרֵ֖ב</w>
        <w>וְ/אַל־</w>
        <w>יוֹכַ֣ח</w>
        <w>אִ֑ישׁ</w>
        <w>וְ/עַמְּ/ךָ֖</w>
        <w>כִּ/מְרִיבֵ֥י</w>
        <w>כֹהֵֽן׃</w>
      </v>
      <v n="5">
        <w>וְ/כָשַׁלְתָּ֣</w>
        <w>הַ/יּ֔וֹם</w>
        <w>וְ/כָשַׁ֧ל</w>
        <w>גַּם־</w>
        <w>נָבִ֛יא</w>
        <w>עִמְּ/ךָ֖</w>
        <w>לָ֑יְלָה</w>
        <w>וְ/דָמִ֖יתִי</w>
        <w>אִמֶּֽ/ךָ׃</w>
      </v>
      <v n="6">
        <w>נִדְמ֥וּ</w>
        <w>עַמִּ֖/י</w>
        <w>מִ/בְּלִ֣י</w>
        <w>הַ/דָּ֑עַת</w>
        <w>כִּֽי־</w>
        <w>אַתָּ֞ה</w>
        <w>הַ/דַּ֣עַת</w>
        <w>מָאַ֗סְתָּ</w>
        <w>וְ/אֶמְאָֽסְא/ךָ֙</w>
        <w>מִ/כַּהֵ֣ן</w>
        <w>לִ֔/י</w>
        <w>וַ/תִּשְׁכַּח֙</w>
        <w>תּוֹרַ֣ת</w>
        <w>אֱלֹהֶ֔י/ךָ</w>
        <w>אֶשְׁכַּ֥ח</w>
        <w>בָּנֶ֖י/ךָ</w>
        <w>גַּם־</w>
        <w>אָֽנִי׃</w>
      </v>
      <v n="7">
        <w>כְּ/רֻבָּ֖/ם</w>
        <w>כֵּ֣ן</w>
        <w>חָֽטְאוּ־</w>
        <w>לִ֑/י</w>
        <w>כְּבוֹדָ֖/ם</w>
        <w>בְּ/קָל֥וֹן</w>
        <w>אָמִֽיר׃</w>
      </v>
      <v n="8">
        <w>חַטַּ֥את</w>
        <w>עַמִּ֖/י</w>
        <w>יֹאכֵ֑לוּ</w>
        <w>וְ/אֶל־</w>
        <w>עֲוֺנָ֖/ם</w>
        <w>יִשְׂא֥וּ</w>
        <w>נַפְשֽׁ/וֹ׃</w>
      </v>
      <v n="9">
        <w>וְ/הָיָ֥ה</w>
        <w>כָ/עָ֖ם</w>
        <w>כַּ/כֹּהֵ֑ן</w>
        <w>וּ/פָקַדְתִּ֤י</w>
        <w>עָלָי/ו֙</w>
        <w>דְּרָכָ֔י/ו</w>
        <w>וּ/מַעֲלָלָ֖י/ו</w>
        <w>אָשִׁ֥יב</w>
        <w>לֽ/וֹ׃</w>
      </v>
      <v n="10">
        <w>וְ/אָֽכְלוּ֙</w>
        <w>וְ/לֹ֣א</w>
        <w>יִשְׂבָּ֔עוּ</w>
        <w>הִזְנ֖וּ</w>
        <w>וְ/לֹ֣א</w>
        <w>יִפְרֹ֑צוּ</w>
        <w>כִּֽי־</w>
        <w>אֶת־</w>
        <w>יְהוָ֥ה</w>
        <w>עָזְב֖וּ</w>
        <w>לִ/שְׁמֹֽר׃</w>
      </v>
      <v n="11">
        <w>זְנ֛וּת</w>
        <w>וְ/יַ֥יִן</w>
        <w>וְ/תִיר֖וֹשׁ</w>
        <w>יִֽקַּֽח־</w>
        <w>לֵֽב׃</w>
      </v>
      <v n="12">
        <w>עַמִּ/י֙</w>
        <w>בְּ/עֵצ֣/וֹ</w>
        <w>יִשְׁאָ֔ל</w>
        <w>וּ/מַקְל֖/וֹ</w>
        <w>יַגִּ֣יד</w>
        <w>ל֑/וֹ</w>
        <w>כִּ֣י</w>
        <w>ר֤וּחַ</w>
        <w>זְנוּנִים֙</w>
        <w>הִתְעָ֔ה</w>
        <w>וַ/יִּזְנ֖וּ</w>
        <w>מִ/תַּ֥חַת</w>
        <w>אֱלֹהֵי/הֶֽם׃</w>
      </v>
      <v n="13">
        <w>עַל־</w>
        <w>רָאשֵׁ֨י</w>
        <w>הֶ/הָרִ֜ים</w>
        <w>יְזַבֵּ֗חוּ</w>
        <w>וְ/עַל־</w>
        <w>הַ/גְּבָעוֹת֙</w>
        <w>יְקַטֵּ֔רוּ</w>
        <w>תַּ֣חַת</w>
        <w>אַלּ֧וֹן</w>
        <w>וְ/לִבְנֶ֛ה</w>
        <w>וְ/אֵלָ֖ה</w>
        <w>כִּ֣י</w>
        <w>ט֣וֹב</w>
        <w>צִלָּ֑/הּ</w>
        <w>עַל־</w>
        <w>כֵּ֗ן</w>
        <w>תִּזְנֶ֙ינָה֙</w>
        <w>בְּנ֣וֹתֵי/כֶ֔ם</w>
        <w>וְ/כַלּוֹתֵי/כֶ֖ם</w>
        <w>תְּנָאַֽפְנָה׃</w>
      </v>
      <v n="14">
        <w>לֹֽא־</w>
        <w>אֶפְק֨וֹד</w>
        <w>עַל־</w>
        <w>בְּנוֹתֵי/כֶ֜ם</w>
        <w>כִּ֣י</w>
        <w>תִזְנֶ֗ינָה</w>
        <w>וְ/עַל־</w>
        <w>כַּלּֽוֹתֵי/כֶם֙</w>
        <w>כִּ֣י</w>
        <w>תְנָאַ֔פְנָה</w>
        <w>כִּי־</w>
        <w>הֵם֙</w>
        <w>עִם־</w>
        <w>הַ/זֹּנ֣וֹת</w>
        <w>יְפָרֵ֔דוּ</w>
        <w>וְ/עִם־</w>
        <w>הַ/קְּדֵשׁ֖וֹת</w>
        <w>יְזַבֵּ֑חוּ</w>
        <w>וְ/עָ֥ם</w>
        <w>לֹֽא־</w>
        <w>יָבִ֖ין</w>
        <w>יִלָּבֵֽט׃</w>
      </v>
      <v n="15">
        <w>אִם־</w>
        <w>זֹנֶ֤ה</w>
        <w>אַתָּה֙</w>
        <w>יִשְׂרָאֵ֔ל</w>
        <w>אַל־</w>
        <w>יֶאְשַׁ֖ם</w>
        <w>יְהוּדָ֑ה</w>
        <w>וְ/אַל־</w>
        <w>תָּבֹ֣אוּ</w>
        <w>הַ/גִּלְגָּ֗ל</w>
        <w>וְ/אַֽל־</w>
        <w>תַּעֲלוּ֙</w>
        <w>בֵּ֣ית</w>
        <w>אָ֔וֶן</w>
        <w>וְ/אַל־</w>
        <w>תִּשָּׁבְע֖וּ</w>
        <w>חַי־</w>
        <w>יְהוָֽה׃</w>
      </v>
      <v n="16">
        <w>כִּ֚י</w>
        <w>כְּ/פָרָ֣ה</w>
        <w>סֹֽרֵרָ֔ה</w>
        <w>סָרַ֖ר</w>
        <w>יִשְׂרָאֵ֑ל</w>
        <w>עַתָּה֙</w>
        <w>יִרְעֵ֣/ם</w>
        <w>יְהוָ֔ה</w>
        <w>כְּ/כֶ֖בֶשׂ</w>
        <w>בַּ/מֶּרְחָֽב׃</w>
      </v>
      <v n="17">
        <w>חֲב֧וּר</w>
        <w>עֲצַבִּ֛ים</w>
        <w>אֶפְרָ֖יִם</w>
        <w>הַֽנַּֽח־</w>
        <w>לֽ/וֹ׃</w>
      </v>
      <v n="18">
        <w>סָ֖ר</w>
        <w>סָבְאָ֑/ם</w>
        <w>הַזְנֵ֣ה</w>
        <w>הִזְנ֔וּ</w>
        <w>אָהֲב֥וּ</w>
        <w>הֵב֛וּ</w>
        <w>קָל֖וֹן</w>
        <w>מָגִנֶּֽי/הָ׃</w>
      </v>
      <v n="19">
        <w>צָרַ֥ר</w>
        <w>ר֛וּחַ</w>
        <w>אוֹתָ֖/הּ</w>
        <w>בִּ/כְנָפֶ֑י/הָ</w>
        <w>וְ/יֵבֹ֖שׁוּ</w>
        <w>מִ/זִּבְחוֹתָֽ/ם
<x>n</x>

</w>
        <samekh/>
      </v>
      <vs>19</vs>
    </c>
    <c n="5">
      <v n="1">
        <w>שִׁמְעוּ־</w>
        <w>זֹ֨את</w>
        <w>הַ/כֹּהֲנִ֜ים</w>
        <w>וְ/הַקְשִׁ֣יבוּ ׀</w>
        <w>בֵּ֣ית</w>
        <w>יִשְׂרָאֵ֗ל</w>
        <w>וּ/בֵ֤ית</w>
        <w>הַ/מֶּ֙לֶךְ֙</w>
        <w>הַאֲזִ֔ינוּ</w>
        <w>כִּ֥י</w>
        <w>לָ/כֶ֖ם</w>
        <w>הַ/מִּשְׁפָּ֑ט</w>
        <w>כִּֽי־</w>
        <w>פַח֙</w>
        <w>הֱיִיתֶ֣ם</w>
        <w>לְ/מִצְפָּ֔ה</w>
        <w>וְ/רֶ֖שֶׁת</w>
        <w>פְּרוּשָׂ֥ה</w>
        <w>עַל־</w>
        <w>תָּבֽוֹר׃</w>
      </v>
      <v n="2">
        <w>וְ/שַׁחֲטָ֥ה</w>
        <w>שֵׂטִ֖ים</w>
        <w>הֶעְמִ֑יקוּ</w>
        <w>וַ/אֲנִ֖י</w>
        <w>מוּסָ֥ר</w>
        <w>לְ/כֻלָּֽ/ם׃</w>
      </v>
      <v n="3">
        <w>אֲנִי֙</w>
        <w>יָדַ֣עְתִּי</w>
        <w>אֶפְרַ֔יִם</w>
        <w>וְ/יִשְׂרָאֵ֖ל</w>
        <w>לֹֽא־</w>
        <w>נִכְחַ֣ד</w>
        <w>מִמֶּ֑/נִּי</w>
        <w>כִּ֤י</w>
        <w>עַתָּה֙</w>
        <w>הִזְנֵ֣יתָ</w>
        <w>אֶפְרַ֔יִם</w>
        <w>נִטְמָ֖א</w>
        <w>יִשְׂרָאֵֽל׃</w>
      </v>
      <v n="4">
        <w>לֹ֤א</w>
        <w>יִתְּנוּ֙</w>
        <w>מַ֣עַלְלֵי/הֶ֔ם</w>
        <w>לָ/שׁ֖וּב</w>
        <w>אֶל־</w>
        <w>אֱלֹֽהֵי/הֶ֑ם</w>
        <w>כִּ֣י</w>
        <w>ר֤וּחַ</w>
        <w>זְנוּנִים֙</w>
        <w>בְּ/קִרְבָּ֔/ם</w>
        <w>וְ/אֶת־</w>
        <w>יְהוָ֖ה</w>
        <w>לֹ֥א</w>
        <w>יָדָֽעוּ׃</w>
      </v>
      <v n="5">
        <w>וְ/עָנָ֥ה</w>
        <w>גְאֽוֹן־</w>
        <w>יִשְׂרָאֵ֖ל</w>
        <w>בְּ/פָנָ֑י/ו</w>
        <w>וְ/יִשְׂרָאֵ֣ל</w>
        <w>וְ/אֶפְרַ֗יִם</w>
        <w>יִכָּֽשְׁלוּ֙</w>
        <w>בַּ/עֲוֺנָ֔/ם</w>
        <w>כָּשַׁ֥ל</w>
        <w>גַּם־</w>
        <w>יְהוּדָ֖ה</w>
        <w>עִמָּֽ/ם׃</w>
      </v>
      <v n="6">
        <w>בְּ/צֹאנָ֣/ם</w>
        <w>וּ/בִ/בְקָרָ֗/ם</w>
        <w>יֵֽלְכ֛וּ</w>
        <w>לְ/בַקֵּ֥שׁ</w>
        <w>אֶת־</w>
        <w>יְהוָ֖ה</w>
        <w>וְ/לֹ֣א</w>
        <w>יִמְצָ֑אוּ</w>
        <w>חָלַ֖ץ</w>
        <w>מֵ/הֶֽם׃</w>
      </v>
      <v n="7">
        <w>בַּ/יהוָ֣ה</w>
        <w>בָּגָ֔דוּ</w>
        <w>כִּֽי־</w>
        <w>בָנִ֥ים</w>
        <w>זָרִ֖ים</w>
        <w>יָלָ֑דוּ</w>
        <w>עַתָּ֛ה</w>
        <w>יֹאכְלֵ֥/ם</w>
        <w>חֹ֖דֶשׁ</w>
        <w>אֶת־</w>
        <w>חֶלְקֵי/הֶֽם׃</w>
        <samekh/>
      </v>
      <v n="8">
        <w>תִּקְע֤וּ</w>
        <w>שׁוֹפָר֙</w>
        <w>בַּ/גִּבְעָ֔ה</w>
        <w>חֲצֹצְרָ֖ה</w>
        <w>בָּ/רָמָ֑ה</w>
        <w>הָרִ֙יעוּ֙</w>
        <w>בֵּ֣ית</w>
        <w>אָ֔וֶן</w>
        <w>אַחֲרֶ֖י/ךָ</w>
        <w>בִּנְיָמִֽין׃</w>
      </v>
      <v n="9">
        <w>אֶפְרַ֙יִם֙</w>
        <w>לְ/שַׁמָּ֣ה</w>
        <w>תִֽהְיֶ֔ה</w>
        <w>בְּ/י֖וֹם</w>
        <w>תּֽוֹכֵחָ֑ה</w>
        <w>בְּ/שִׁבְטֵי֙</w>
        <w>יִשְׂרָאֵ֔ל</w>
        <w>הוֹדַ֖עְתִּי</w>
        <w>נֶאֱמָנָֽה׃</w>
      </v>
      <v n="10">
        <w>הָיוּ֙</w>
        <w>שָׂרֵ֣י</w>
        <w>יְהוּדָ֔ה</w>
        <w>כְּ/מַסִּיגֵ֖י</w>
        <w>גְּב֑וּל</w>
        <w>עֲלֵי/הֶ֕ם</w>
        <w>אֶשְׁפּ֥וֹךְ</w>
        <w>כַּ/מַּ֖יִם</w>
        <w>עֶבְרָתִֽ/י׃</w>
      </v>
      <v n="11">
        <w>עָשׁ֥וּק</w>
        <w>אֶפְרַ֖יִם</w>
        <w>רְצ֣וּץ</w>
        <w>מִשְׁפָּ֑ט</w>
        <w>כִּ֣י</w>
        <w>הוֹאִ֔יל</w>
        <w>הָלַ֖ךְ</w>
        <w>אַחֲרֵי־</w>
        <w>צָֽו׃</w>
      </v>
      <v n="12">
        <w>וַ/אֲנִ֥י</w>
        <w>כָ/עָ֖שׁ</w>
        <w>לְ/אֶפְרָ֑יִם</w>
        <w>וְ/כָ/רָקָ֖ב</w>
        <w>לְ/בֵ֥ית</w>
        <w>יְהוּדָֽה׃</w>
      </v>
      <v n="13">
        <w>וַ/יַּ֨רְא</w>
        <w>אֶפְרַ֜יִם</w>
        <w>אֶת־</w>
        <w>חָלְי֗/וֹ</w>
        <w>וִֽ/יהוּדָה֙</w>
        <w>אֶת־</w>
        <w>מְזֹר֔/וֹ</w>
        <w>וַ/יֵּ֤לֶךְ</w>
        <w>אֶפְרַ֙יִם֙</w>
        <w>אֶל־</w>
        <w>אַשּׁ֔וּר</w>
        <w>וַ/יִּשְׁלַ֖ח</w>
        <w>אֶל־</w>
        <w>מֶ֣לֶךְ</w>
        <w>יָרֵ֑ב</w>
        <w>וְ/ה֗וּא</w>
        <w>לֹ֤א</w>
        <w>יוּכַל֙</w>
        <w>לִ/רְפֹּ֣א</w>
        <w>לָ/כֶ֔ם</w>
        <w>וְ/לֹֽא־</w>
        <w>יִגְהֶ֥ה</w>
        <w>מִ/כֶּ֖ם</w>
        <w>מָזֽוֹר׃</w>
      </v>
      <v n="14">
        <w>כִּ֣י</w>
        <w>אָנֹכִ֤י</w>
        <w>כַ/שַּׁ֙חַל֙</w>
        <w>לְ/אֶפְרַ֔יִם</w>
        <w>וְ/כַ/כְּפִ֖יר</w>
        <w>לְ/בֵ֣ית</w>
        <w>יְהוּדָ֑ה</w>
        <w>אֲנִ֨י</w>
        <w>אֲנִ֤י</w>
        <w>אֶטְרֹף֙</w>
        <w>וְ/אֵלֵ֔ךְ</w>
        <w>אֶשָּׂ֖א</w>
        <w>וְ/אֵ֥ין</w>
        <w>מַצִּֽיל׃</w>
      </v>
      <v n="15">
        <w>אֵלֵ֤ךְ</w>
        <w>אָשׁ֙וּבָה֙</w>
        <w>אֶל־</w>
        <w>מְקוֹמִ֔/י</w>
        <w>עַ֥ד</w>
        <w>אֲשֶֽׁר־</w>
        <w>יֶאְשְׁמ֖וּ</w>
        <w>וּ/בִקְשׁ֣וּ</w>
        <w>פָנָ֑/י</w>
        <w>בַּ/צַּ֥ר</w>
        <w>לָ/הֶ֖ם</w>
        <w>יְשַׁחֲרֻֽ/נְנִי׃</w>
      </v>
      <vs>15</vs>
    </c>
    <c n="6">
      <v n="1">
        <w>לְכוּ֙</w>
        <w>וְ/נָשׁ֣וּבָה</w>
        <w>אֶל־</w>
        <w>יְהוָ֔ה</w>
        <w>כִּ֛י</w>
        <w>ה֥וּא</w>
        <w>טָרָ֖ף</w>
        <w>וְ/יִרְפָּאֵ֑/נוּ</w>
        <w>יַ֖ךְ</w>
        <w>וְ/יַחְבְּשֵֽׁ/נוּ׃</w>
      </v>
      <v n="2">
        <w>יְחַיֵּ֖/נוּ</w>
        <w>מִ/יֹּמָ֑יִם</w>
        <w>בַּ/יּוֹם֙</w>
        <w>הַ/שְּׁלִישִׁ֔י</w>
        <w>יְקִמֵ֖/נוּ</w>
        <w>וְ/נִחְיֶ֥ה</w>
        <w>לְ/פָנָֽי/ו׃</w>
      </v>
      <v n="3">
        <w>וְ/נֵדְעָ֣ה</w>
        <w>נִרְדְּפָ֗ה</w>
        <w>לָ/דַ֙עַת֙</w>
        <w>אֶת־</w>
        <w>יְהוָ֔ה</w>
        <w>כְּ/שַׁ֖חַר</w>
        <w>נָכ֣וֹן</w>
        <w>מֽוֹצָא֑/וֹ</w>
        <w>וְ/יָב֤וֹא</w>
        <w>כַ/גֶּ֙שֶׁם֙</w>
        <w>לָ֔/נוּ</w>
        <w>כְּ/מַלְק֖וֹשׁ</w>
        <w>י֥וֹרֶה</w>
        <w>אָֽרֶץ׃</w>
      </v>
      <v n="4">
        <w>מָ֤ה</w>
        <w>אֶֽעֱשֶׂה־</w>
        <w>לְּ/ךָ֙</w>
        <w>אֶפְרַ֔יִם</w>
        <w>מָ֥ה</w>
        <w>אֶעֱשֶׂה־</w>
        <w>לְּ/ךָ֖</w>
        <w>יְהוּדָ֑ה</w>
        <w>וְ/חַסְדְּ/כֶם֙</w>
        <w>כַּֽ/עֲנַן־</w>
        <w>בֹּ֔קֶר</w>
        <w>וְ/כַ/טַּ֖ל</w>
        <w>מַשְׁכִּ֥ים</w>
        <w>הֹלֵֽךְ׃</w>
      </v>
      <v n="5">
        <w>עַל־</w>
        <w>כֵּ֗ן</w>
        <w>חָצַ֙בְתִּי֙</w>
        <w>בַּ/נְּבִיאִ֔ים</w>
        <w>הֲרַגְתִּ֖י/ם</w>
        <w>בְּ/אִמְרֵי־</w>
        <w>פִ֑/י</w>
        <w>וּ/מִשְׁפָּטֶ֖י/ךָ</w>
        <w>א֥וֹר</w>
        <w>יֵצֵֽא׃</w>
      </v>
      <v n="6">
        <w>כִּ֛י</w>
        <w>חֶ֥סֶד</w>
        <w>חָפַ֖צְתִּי</w>
        <w>וְ/לֹא־</w>
        <w>זָ֑בַח</w>
        <w>וְ/דַ֥עַת</w>
        <w>אֱלֹהִ֖ים</w>
        <w>מֵ/עֹלֽוֹת׃</w>
      </v>
      <v n="7">
        <w>וְ/הֵ֕מָּה</w>
        <w>כְּ/אָדָ֖ם</w>
        <w>עָבְר֣וּ</w>
        <w>בְרִ֑ית</w>
        <w>שָׁ֖ם</w>
        <w>בָּ֥גְדוּ</w>
        <w>בִֽ/י׃</w>
      </v>
      <v n="8">
        <w>גִּלְעָ֕ד</w>
        <w>קִרְיַ֖ת</w>
        <w>פֹּ֣עֲלֵי</w>
        <w>אָ֑וֶן</w>
        <w>עֲקֻבָּ֖ה</w>
        <w>מִ/דָּֽם׃</w>
      </v>
      <v n="9">
        <w>וּ/כְ/חַכֵּ֨י</w>
        <w>אִ֜ישׁ</w>
        <w>גְּדוּדִ֗ים</w>
        <w>חֶ֚בֶר</w>
        <w>כֹּֽהֲנִ֔ים</w>
        <w>דֶּ֖רֶךְ</w>
        <w>יְרַצְּחוּ־</w>
        <w>שֶׁ֑כְמָ/ה</w>
        <w>כִּ֥י</w>
        <w>זִמָּ֖ה</w>
        <w>עָשֽׂוּ׃</w>
      </v>
      <v n="10">
        <w>בְּ/בֵית֙</w>
        <w>יִשְׂרָאֵ֔ל</w>
        <w>רָאִ֖יתִי</w>
        <k>שעריריה</k>
        <q>שַׁעֲרֽוּרִיָּ֑ה</q>
        <w>שָׁ֚ם</w>
        <w>זְנ֣וּת</w>
        <w>לְ/אֶפְרַ֔יִם</w>
        <w>נִטְמָ֖א</w>
        <w>יִשְׂרָאֵֽל׃</w>
      </v>
      <v n="11">
        <w>גַּם־</w>
        <w>יְהוּדָ֕ה</w>
        <w>שָׁ֥ת</w>
        <w>קָצִ֖יר</w>
        <w>לָ֑/ךְ</w>
        <w>בְּ/שׁוּבִ֖/י</w>
        <w>שְׁב֥וּת</w>
        <w>עַמִּֽ/י׃</w>
        <pe/>
      </v>
      <vs>11</vs>
    </c>
    <c n="7">
      <v n="1">
        <w>כְּ/רָפְאִ֣/י</w>
        <w>לְ/יִשְׂרָאֵ֗ל</w>
        <w>וְ/נִגְלָ֞ה</w>
        <w>עֲוֺ֤ן</w>
        <w>אֶפְרַ֙יִם֙</w>
        <w>וְ/רָע֣וֹת</w>
        <w>שֹֽׁמְר֔וֹן</w>
        <w>כִּ֥י</w>
        <w>פָעֲל֖וּ</w>
        <w>שָׁ֑קֶר</w>
        <w>וְ/גַנָּ֣ב</w>
        <w>יָב֔וֹא</w>
        <w>פָּשַׁ֥ט</w>
        <w>גְּד֖וּד</w>
        <w>בַּ/חֽוּץ׃</w>
      </v>
      <v n="2">
        <w>וּ/בַל־</w>
        <w>יֹֽאמְרוּ֙</w>
        <w>לִ/לְבָבָ֔/ם</w>
        <w>כָּל־</w>
        <w>רָעָתָ֖/ם</w>
        <w>זָכָ֑רְתִּי</w>
        <w>עַתָּה֙</w>
        <w>סְבָב֣וּ/ם</w>
        <w>מַֽעַלְלֵי/הֶ֔ם</w>
        <w>נֶ֥גֶד</w>
        <w>פָּנַ֖/י</w>
        <w>הָיֽוּ׃</w>
      </v>
      <v n="3">
        <w>בְּ/רָעָתָ֖/ם</w>
        <w>יְשַׂמְּחוּ־</w>
        <w>מֶ֑לֶךְ</w>
        <w>וּ/בְ/כַחֲשֵׁי/הֶ֖ם</w>
        <w>שָׂרִֽים׃</w>
      </v>
      <v n="4">
        <w>כֻּלָּ/ם֙</w>
        <w>מְנָ֣אֲפִ֔ים</w>
        <w>כְּמ֣וֹ</w>
        <w>תַנּ֔וּר</w>
        <w>בֹּעֵ֖רָה</w>
        <w>מֵֽ/אֹפֶ֑ה</w>
        <w>יִשְׁבּ֣וֹת</w>
        <w>מֵעִ֔יר</w>
        <w>מִ/לּ֥וּשׁ</w>
        <w>בָּצֵ֖ק</w>
        <w>עַד־</w>
        <w>חֻמְצָתֽ/וֹ׃</w>
      </v>
      <v n="5">
        <w>י֣וֹם</w>
        <w>מַלְכֵּ֔/נוּ</w>
        <w>הֶחֱל֥וּ</w>
        <w>שָׂרִ֖ים</w>
        <w>חֲמַ֣ת</w>
        <w>מִ/יָּ֑יִן</w>
        <w>מָשַׁ֥ךְ</w>
        <w>יָד֖/וֹ</w>
        <w>אֶת־</w>
        <w>לֹצְצִֽים׃</w>
      </v>
      <v n="6">
        <w>כִּֽי־</w>
        <w>קֵרְב֧וּ</w>
        <w>כַ/תַּנּ֛וּר</w>
        <w>לִבָּ֖/ם</w>
        <w>בְּ/אָרְבָּ֑/ם</w>
        <w>כָּל־</w>
        <w>הַ/לַּ֙יְלָה֙</w>
        <w>יָשֵׁ֣ן</w>
        <w>אֹֽפֵ/הֶ֔ם</w>
        <w>בֹּ֕קֶר</w>
        <w>ה֥וּא</w>
        <w>בֹעֵ֖ר</w>
        <w>כְּ/אֵ֥שׁ</w>
        <w>לֶהָבָֽה׃</w>
      </v>
      <v n="7">
        <w>כֻּלָּ֤/ם</w>
        <w>יֵחַ֙מּוּ֙</w>
        <w>כַּ/תַּנּ֔וּר</w>
        <w>וְ/אָכְל֖וּ</w>
        <w>אֶת־</w>
        <w>שֹֽׁפְטֵי/הֶ֑ם</w>
        <w>כָּל־</w>
        <w>מַלְכֵי/הֶ֣ם</w>
        <w>נָפָ֔לוּ</w>
        <w>אֵין־</w>
        <w>קֹרֵ֥א</w>
        <w>בָ/הֶ֖ם</w>
        <w>אֵלָֽ/י׃</w>
      </v>
      <v n="8">
        <w>אֶפְרַ֕יִם</w>
        <w>בָּ/עַמִּ֖ים</w>
        <w>ה֣וּא</w>
        <w>יִתְבּוֹלָ֑ל</w>
        <w>אֶפְרַ֛יִם</w>
        <w>הָיָ֥ה</w>
        <w>עֻגָ֖ה</w>
        <w>בְּלִ֥י</w>
        <w>הֲפוּכָֽה׃</w>
      </v>
      <v n="9">
        <w>אָכְל֤וּ</w>
        <w>זָרִים֙</w>
        <w>כֹּח֔/וֹ</w>
        <w>וְ/ה֖וּא</w>
        <w>לֹ֣א</w>
        <w>יָדָ֑ע</w>
        <w>גַּם־</w>
        <w>שֵׂיבָה֙</w>
        <w>זָ֣רְקָה</w>
        <w>בּ֔/וֹ</w>
        <w>וְ/ה֖וּא</w>
        <w>לֹ֥א</w>
        <w>יָדָֽע׃</w>
      </v>
      <v n="10">
        <w>וְ/עָנָ֥ה</w>
        <w>גְאֽוֹן־</w>
        <w>יִשְׂרָאֵ֖ל</w>
        <w>בְּ/פָנָ֑י/ו</w>
        <w>וְ/לֹֽא־</w>
        <w>שָׁ֙בוּ֙</w>
        <w>אֶל־</w>
        <w>יְהוָ֣ה</w>
        <w>אֱלֹֽהֵי/הֶ֔ם</w>
        <w>וְ/לֹ֥א</w>
        <w>בִקְשֻׁ֖/הוּ</w>
        <w>בְּ/כָל־</w>
        <w>זֹֽאת׃</w>
      </v>
      <v n="11">
        <w>וַ/יְהִ֣י</w>
        <w>אֶפְרַ֔יִם</w>
        <w>כְּ/יוֹנָ֥ה</w>
        <w>פוֹתָ֖ה</w>
        <w>אֵ֣ין</w>
        <w>לֵ֑ב</w>
        <w>מִצְרַ֥יִם</w>
        <w>קָרָ֖אוּ</w>
        <w>אַשּׁ֥וּר</w>
        <w>הָלָֽכוּ׃</w>
      </v>
      <v n="12">
        <w>כַּ/אֲשֶׁ֣ר</w>
        <w>יֵלֵ֗כוּ</w>
        <w>אֶפְר֤וֹשׂ</w>
        <w>עֲלֵי/הֶם֙</w>
        <w>רִשְׁתִּ֔/י</w>
        <w>כְּ/ע֥וֹף</w>
        <w>הַ/שָּׁמַ֖יִם</w>
        <w>אֽוֹרִידֵ֑/ם</w>
        <w>אַיְסִרֵ֕/ם</w>
        <w>כְּ/שֵׁ֖מַע</w>
        <w>לַ/עֲדָתָֽ/ם׃</w>
        <samekh/>
      </v>
      <v n="13">
        <w>א֤וֹי</w>
        <w>לָ/הֶם֙</w>
        <w>כִּֽי־</w>
        <w>נָדְד֣וּ</w>
        <w>מִמֶּ֔/נִּי</w>
        <w>שֹׁ֥ד</w>
        <w>לָ/הֶ֖ם</w>
        <w>כִּֽי־</w>
        <w>פָ֣שְׁעוּ</w>
        <w>בִ֑/י</w>
        <w>וְ/אָנֹכִ֣י</w>
        <w>אֶפְדֵּ֔/ם</w>
        <w>וְ/הֵ֕מָּה</w>
        <w>דִּבְּר֥וּ</w>
        <w>עָלַ֖/י</w>
        <w>כְּזָבִֽים׃</w>
      </v>
      <v n="14">
        <w>וְ/לֹֽא־</w>
        <w>זָעֲק֤וּ</w>
        <w>אֵלַ/י֙</w>
        <w>בְּ/לִבָּ֔/ם</w>
        <w>כִּ֥י</w>
        <w>יְיֵלִ֖ילוּ</w>
        <w>עַל־</w>
        <w>מִשְׁכְּבוֹתָ֑/ם</w>
        <w>עַל־</w>
        <w>דָּגָ֧ן</w>
        <w>וְ/תִיר֛וֹשׁ</w>
        <w>יִתְגּוֹרָ֖רוּ</w>
        <w>יָס֥וּרוּ</w>
        <w>בִֽ/י׃</w>
      </v>
      <v n="15">
        <w>וַ/אֲנִ֣י</w>
        <w>יִסַּ֔רְתִּי</w>
        <w>חִזַּ֖קְתִּי</w>
        <w>זְרֽוֹעֹתָ֑/ם</w>
        <w>וְ/אֵלַ֖/י</w>
        <w>יְחַשְּׁבוּ־</w>
        <w>רָֽע׃</w>
      </v>
      <v n="16">
        <w>יָשׁ֣וּבוּ ׀</w>
        <w>לֹ֣א</w>
        <w>עָ֗ל</w>
        <w>הָיוּ֙</w>
        <w>כְּ/קֶ֣שֶׁת</w>
        <w>רְמִיָּ֔ה</w>
        <w>יִפְּל֥וּ</w>
        <w>בַ/חֶ֛רֶב</w>
        <w>שָׂרֵי/הֶ֖ם</w>
        <w>מִ/זַּ֣עַם</w>
        <w>לְשׁוֹנָ֑/ם</w>
        <w>ז֥וֹ</w>
        <w>לַעְגָּ֖/ם</w>
        <w>בְּ/אֶ֥רֶץ</w>
        <w>מִצְרָֽיִם׃</w>
      </v>
      <vs>16</vs>
    </c>
    <c n="8">
      <v n="1">
        <w>אֶל־</w>
        <w>חִכְּ/ךָ֣</w>
        <w>שֹׁפָ֔ר</w>
        <w>כַּ/נֶּ֖שֶׁר</w>
        <w>עַל־</w>
        <w>בֵּ֣ית</w>
        <w>יְהוָ֑ה</w>
        <w>יַ֚עַן</w>
        <w>עָבְר֣וּ</w>
        <w>בְרִיתִ֔/י</w>
        <w>וְ/עַל־</w>
        <w>תּוֹרָתִ֖/י</w>
        <w>פָּשָֽׁעוּ׃</w>
      </v>
      <v n="2">
        <w>לִ֖/י</w>
        <w>יִזְעָ֑קוּ</w>
        <w>אֱלֹהַ֥/י</w>
        <w>יְֽדַעֲנ֖וּ/ךָ</w>
        <w>יִשְׂרָאֵֽל׃</w>
      </v>
      <v n="3">
        <w>זָנַ֥ח</w>
        <w>יִשְׂרָאֵ֖ל</w>
        <w>ט֑וֹב</w>
        <w>אוֹיֵ֖ב</w>
        <w>יִרְדְּֽפ/וֹ׃
</w>
      </v>
      <v n="4">
        <w>הֵ֤ם</w>
        <w>הִמְלִיכוּ֙</w>
        <w>וְ/לֹ֣א</w>
        <w>מִמֶּ֔/נִּי</w>
        <w>הֵשִׂ֖ירוּ</w>
        <w>וְ/לֹ֣א</w>
        <w>יָדָ֑עְתִּי</w>
        <w>כַּסְפָּ֣/ם</w>
        <w>וּ/זְהָבָ֗/ם</w>
        <w>עָשׂ֤וּ</w>
        <w>לָ/הֶם֙</w>
        <w>עֲצַבִּ֔ים</w>
        <w>לְמַ֖עַן</w>
        <w>יִכָּרֵֽת׃</w>
      </v>
      <v n="5">
        <w>זָנַח֙</w>
        <w>עֶגְלֵ֣/ךְ</w>
        <w>שֹֽׁמְר֔וֹן</w>
        <w>חָרָ֥ה</w>
        <w>אַפִּ֖/י</w>
        <w>בָּ֑/ם</w>
        <w>עַד־</w>
        <w>מָתַ֕י</w>
        <w>לֹ֥א</w>
        <w>יוּכְל֖וּ</w>
        <w>נִקָּיֹֽן׃</w>
      </v>
      <v n="6">
        <w>כִּ֤י</w>
        <w>מִ/יִּשְׂרָאֵל֙</w>
        <w>וְ/ה֔וּא</w>
        <w>חָרָ֣שׁ</w>
        <w>עָשָׂ֔/הוּ</w>
        <w>וְ/לֹ֥א</w>
        <w>אֱלֹהִ֖ים</w>
        <w>ה֑וּא</w>
        <w>כִּֽי־</w>
        <w>שְׁבָבִ֣ים</w>
        <w>יִֽהְיֶ֔ה</w>
        <w>עֵ֖גֶל</w>
        <w>שֹׁמְרֽוֹן׃</w>
      </v>
      <v n="7">
        <w>כִּ֛י</w>
        <w>ר֥וּחַ</w>
        <w>יִזְרָ֖עוּ</w>
        <w>וְ/סוּפָ֣תָ/ה</w>
        <w>יִקְצֹ֑רוּ</w>
        <w>קָמָ֣ה</w>
        <w>אֵֽין־</w>
        <w>ל֗/וֹ</w>
        <w>צֶ֚מַח</w>
        <w>בְּלִ֣י</w>
        <w>יַֽעֲשֶׂה־</w>
        <w>קֶּ֔מַח</w>
        <w>אוּלַ֣י</w>
        <w>יַֽעֲשֶׂ֔ה</w>
        <w>זָרִ֖ים</w>
        <w>יִבְלָעֻֽ/הוּ׃</w>
      </v>
      <v n="8">
        <w>נִבְלַ֖ע</w>
        <w>יִשְׂרָאֵ֑ל</w>
        <w>עַתָּה֙</w>
        <w>הָי֣וּ</w>
        <w>בַ/גּוֹיִ֔ם</w>
        <w>כִּ/כְלִ֖י</w>
        <w>אֵֽין־</w>
        <w>חֵ֥פֶץ</w>
        <w>בּֽ/וֹ׃</w>
      </v>
      <v n="9">
        <w>כִּֽי־</w>
        <w>הֵ֙מָּה֙</w>
        <w>עָל֣וּ</w>
        <w>אַשּׁ֔וּר</w>
        <w>פֶּ֖רֶא</w>
        <w>בּוֹדֵ֣ד</w>
        <w>ל֑/וֹ</w>
        <w>אֶפְרַ֖יִם</w>
        <w>הִתְנ֥וּ</w>
        <w>אֲהָבִֽים
<x>n</x>

</w>
      </v>
      <v n="10">
        <w>גַּ֛ם</w>
        <w>כִּֽי־</w>
        <w>יִתְנ֥וּ</w>
        <w>בַ/גּוֹיִ֖ם</w>
        <w>עַתָּ֣ה</w>
        <w>אֲקַבְּצֵ֑/ם</w>
        <w>וַ/יָּחֵ֣לּוּ</w>
        <w>מְּעָ֔ט</w>
        <w>מִ/מַּשָּׂ֖א</w>
        <w>מֶ֥לֶךְ</w>
        <w>שָׂרִֽים׃</w>
      </v>
      <v n="11">
        <w>כִּֽי־</w>
        <w>הִרְבָּ֥ה</w>
        <w>אֶפְרַ֛יִם</w>
        <w>מִזְבְּחֹ֖ת</w>
        <w>לַ/חֲטֹ֑א</w>
        <w>הָיוּ־</w>
        <w>ל֥/וֹ</w>
        <w>מִזְבְּח֖וֹת</w>
        <w>לַ/חֲטֹֽא׃</w>
      </v>
      <v n="12">
        <k>אכתוב־</k>
        <q>אֶ֨כְתָּב־</q>
        <w>ל֔/וֹ</w>
        <k>רבו</k>
        <q>רֻבֵּ֖י</q>
        <w>תּֽוֹרָתִ֑/י</w>
        <w>כְּמוֹ־</w>
        <w>זָ֖ר</w>
        <w>נֶחְשָֽׁבוּ׃</w>
      </v>
      <v n="13">
        <w>זִבְחֵ֣י</w>
        <w>הַבְהָבַ֗/י</w>
        <w>יִזְבְּח֤וּ</w>
        <w>בָשָׂר֙</w>
        <w>וַ/יֹּאכֵ֔לוּ</w>
        <w>יְהוָ֖ה</w>
        <w>לֹ֣א</w>
        <w>רָצָ֑/ם</w>
        <w>עַתָּ֞ה</w>
        <w>יִזְכֹּ֤ר</w>
        <w>עֲוֺנָ/ם֙</w>
        <w>וְ/יִפְקֹ֣ד</w>
        <w>חַטֹּאותָ֔/ם</w>
        <w>הֵ֖מָּה</w>
        <w>מִצְרַ֥יִם</w>
        <w>יָשֽׁוּבוּ׃</w>
      </v>
      <v n="14">
        <w>וַ/יִּשְׁכַּ֨ח</w>
        <w>יִשְׂרָאֵ֜ל</w>
        <w>אֶת־</w>
        <w>עֹשֵׂ֗/הוּ</w>
        <w>וַ/יִּ֙בֶן֙</w>
        <w>הֵֽיכָל֔וֹת</w>
        <w>וִֽ/יהוּדָ֕ה</w>
        <w>הִרְבָּ֖ה</w>
        <w>עָרִ֣ים</w>
        <w>בְּצֻר֑וֹת</w>
        <w>וְ/שִׁלַּחְתִּי־</w>
        <w>אֵ֣שׁ</w>
        <w>בְּ/עָרָ֔י/ו</w>
        <w>וְ/אָכְלָ֖ה</w>
        <w>אַרְמְנֹתֶֽי/הָ׃</w>
        <samekh/>
      </v>
      <vs>14</vs>
    </c>
    <c n="9">
      <v n="1">
        <w>אַל־</w>
        <w>תִּשְׂמַ֨ח</w>
        <w>יִשְׂרָאֵ֤ל ׀</w>
        <w>אֶל־</w>
        <w>גִּיל֙</w>
        <w>כָּֽ/עַמִּ֔ים</w>
        <w>כִּ֥י</w>
        <w>זָנִ֖יתָ</w>
        <w>מֵ/עַ֣ל</w>
        <w>אֱלֹהֶ֑י/ךָ</w>
        <w>אָהַ֣בְתָּ</w>
        <w>אֶתְנָ֔ן</w>
        <w>עַ֖ל</w>
        <w>כָּל־</w>
        <w>גָּרְנ֥וֹת</w>
        <w>דָּגָֽן׃</w>
      </v>
      <v n="2">
        <w>גֹּ֥רֶן</w>
        <w>וָ/יֶ֖קֶב</w>
        <w>לֹ֣א</w>
        <w>יִרְעֵ֑/ם</w>
        <w>וְ/תִיר֖וֹשׁ</w>
        <w>יְכַ֥חֶשׁ</w>
        <w>בָּֽ/הּ׃</w>
      </v>
      <v n="3">
        <w>לֹ֥א</w>
        <w>יֵשְׁב֖וּ</w>
        <w>בְּ/אֶ֣רֶץ</w>
        <w>יְהוָ֑ה</w>
        <w>וְ/שָׁ֤ב</w>
        <w>אֶפְרַ֙יִם֙</w>
        <w>מִצְרַ֔יִם</w>
        <w>וּ/בְ/אַשּׁ֖וּר</w>
        <w>טָמֵ֥א</w>
        <w>יֹאכֵֽלוּ׃</w>
      </v>
      <v n="4">
        <w>לֹא־</w>
        <w>יִסְּכ֨וּ</w>
        <w>לַ/יהוָ֥ה ׀</w>
        <w>יַיִן֮</w>
        <w>וְ/לֹ֣א</w>
        <w>יֶֽעֶרְבוּ־</w>
        <w>ל/וֹ֒</w>
        <w>זִבְחֵי/הֶ֗ם</w>
        <w>כְּ/לֶ֤חֶם</w>
        <w>אוֹנִים֙</w>
        <w>לָ/הֶ֔ם</w>
        <w>כָּל־</w>
        <w>אֹכְלָ֖י/ו</w>
        <w>יִטַמָּ֑אוּ
</w>
        <w>כִּֽי־</w>
        <w>לַחְמָ֣/ם</w>
        <w>לְ/נַפְשָׁ֔/ם</w>
        <w>לֹ֥א</w>
        <w>יָב֖וֹא</w>
        <w>בֵּ֥ית</w>
        <w>יְהוָֽה׃</w>
      </v>
      <v n="5">
        <w>מַֽה־</w>
        <w>תַּעֲשׂ֖וּ</w>
        <w>לְ/י֣וֹם</w>
        <w>מוֹעֵ֑ד</w>
        <w>וּ/לְ/י֖וֹם</w>
        <w>חַג־</w>
        <w>יְהוָֽה׃</w>
      </v>
      <v n="6">
        <w>כִּֽי־</w>
        <w>הִנֵּ֤ה</w>
        <w>הָֽלְכוּ֙</w>
        <w>מִ/שֹּׁ֔ד</w>
        <w>מִצְרַ֥יִם</w>
        <w>תְּקַבְּצֵ֖/ם</w>
        <w>מֹ֣ף</w>
        <w>תְּקַבְּרֵ֑/ם</w>
        <w>מַחְמַ֣ד</w>
        <w>לְ/כַסְפָּ֗/ם</w>
        <w>קִמּוֹשׂ֙</w>
        <w>יִֽירָשֵׁ֔/ם</w>
        <w>ח֖וֹחַ</w>
        <w>בְּ/אָהֳלֵי/הֶֽם׃</w>
      </v>
      <v n="7">
        <w>בָּ֣אוּ ׀</w>
        <w>יְמֵ֣י</w>
        <w>הַ/פְּקֻדָּ֗ה</w>
        <w>בָּ֚אוּ</w>
        <w>יְמֵ֣י</w>
        <w>הַ/שִׁלֻּ֔ם
</w>
        <w>יֵדְע֖וּ</w>
        <w>יִשְׂרָאֵ֑ל</w>
        <w>אֱוִ֣יל</w>
        <w>הַ/נָּבִ֗יא</w>
        <w>מְשֻׁגָּע֙</w>
        <w>אִ֣ישׁ</w>
        <w>הָ/ר֔וּחַ</w>
        <w>עַ֚ל</w>
        <w>רֹ֣ב</w>
        <w>עֲוֺנְ/ךָ֔</w>
        <w>וְ/רַבָּ֖ה</w>
        <w>מַשְׂטֵמָֽה׃</w>
      </v>
      <v n="8">
        <w>צֹפֶ֥ה</w>
        <w>אֶפְרַ֖יִם</w>
        <w>עִם־</w>
        <w>אֱלֹהָ֑/י</w>
        <w>נָבִ֞יא</w>
        <w>פַּ֤ח</w>
        <w>יָקוֹשׁ֙</w>
        <w>עַל־</w>
        <w>כָּל־</w>
        <w>דְּרָכָ֔י/ו</w>
        <w>מַשְׂטֵמָ֖ה</w>
        <w>בְּ/בֵ֥ית</w>
        <w>אֱלֹהָֽי/ו׃</w>
      </v>
      <v n="9">
        <w>הֶעְמִֽיקוּ־</w>
        <w>שִׁחֵ֖תוּ</w>
        <w>כִּ/ימֵ֣י</w>
        <w>הַ/גִּבְעָ֑ה</w>
        <w>יִזְכּ֣וֹר</w>
        <w>עֲוֺנָ֔/ם</w>
        <w>יִפְק֖וֹד</w>
        <w>חַטֹּאותָֽ/ם׃</w>
        <samekh/>
      </v>
      <v n="10">
        <w>כַּ/עֲנָבִ֣ים</w>
        <w>בַּ/מִּדְבָּ֗ר</w>
        <w>מָצָ֙אתִי֙</w>
        <w>יִשְׂרָאֵ֔ל</w>
        <w>כְּ/בִכּוּרָ֤ה</w>
        <w>בִ/תְאֵנָה֙</w>
        <w>בְּ/רֵ֣אשִׁיתָ֔/הּ</w>
        <w>רָאִ֖יתִי</w>
        <w>אֲבֽוֹתֵי/כֶ֑ם</w>
        <w>הֵ֜מָּה</w>
        <w>בָּ֣אוּ</w>
        <w>בַֽעַל־</w>
        <w>פְּע֗וֹר</w>
        <w>וַ/יִּנָּֽזְרוּ֙</w>
        <w>לַ/בֹּ֔שֶׁת</w>
        <w>וַ/יִּהְי֥וּ</w>
        <w>שִׁקּוּצִ֖ים</w>
        <w>כְּ/אָהֳבָֽ/ם׃</w>
      </v>
      <v n="11">
        <w>אֶפְרַ֕יִם</w>
        <w>כָּ/ע֖וֹף</w>
        <w>יִתְעוֹפֵ֣ף</w>
        <w>כְּבוֹדָ֑/ם</w>
        <w>מִ/לֵּדָ֥ה</w>
        <w>וּ/מִ/בֶּ֖טֶן</w>
        <w>וּ/מֵ/הֵרָיֽוֹן׃</w>
      </v>
      <v n="12">
        <w>כִּ֤י</w>
        <w>אִם־</w>
        <w>יְגַדְּלוּ֙</w>
        <w>אֶת־</w>
        <w>בְּנֵי/הֶ֔ם</w>
        <w>וְ/שִׁכַּלְתִּ֖י/ם</w>
        <w>מֵֽ/אָדָ֑ם</w>
        <w>כִּֽי־</w>
        <w>גַם־</w>
        <w>א֥וֹי</w>
        <w>לָ/הֶ֖ם</w>
        <w>בְּ/שׂוּרִ֥/י</w>
        <w>מֵ/הֶֽם׃</w>
      </v>
      <v n="13">
        <w>אֶפְרַ֛יִם</w>
        <w>כַּ/אֲשֶׁר־</w>
        <w>רָאִ֥יתִי</w>
        <w>לְ/צ֖וֹר</w>
        <w>שְׁתוּלָ֣ה</w>
        <w>בְ/נָוֶ֑ה</w>
        <w>וְ/אֶפְרַ֕יִם</w>
        <w>לְ/הוֹצִ֥יא</w>
        <w>אֶל־</w>
        <w>הֹרֵ֖ג</w>
        <w>בָּנָֽי/ו׃</w>
      </v>
      <v n="14">
        <w>תֵּן־</w>
        <w>לָ/הֶ֥ם</w>
        <w>יְהוָ֖ה</w>
        <w>מַה־</w>
        <w>תִּתֵּ֑ן</w>
        <w>תֵּן־</w>
        <w>לָ/הֶם֙</w>
        <w>רֶ֣חֶם</w>
        <w>מַשְׁכִּ֔יל</w>
        <w>וְ/שָׁדַ֖יִם</w>
        <w>צֹמְקִֽים׃</w>
      </v>
      <v n="15">
        <w>כָּל־</w>
        <w>רָעָתָ֤/ם</w>
        <w>בַּ/גִּלְגָּל֙</w>
        <w>כִּֽי־</w>
        <w>שָׁ֣ם</w>
        <w>שְׂנֵאתִ֔י/ם</w>
        <w>עַ֚ל</w>
        <w>רֹ֣עַ</w>
        <w>מַֽעַלְלֵי/הֶ֔ם</w>
        <w>מִ/בֵּיתִ֖/י</w>
        <w>אֲגָרְשֵׁ֑/ם</w>
        <w>לֹ֤א</w>
        <w>אוֹסֵף֙</w>
        <w>אַהֲבָתָ֔/ם</w>
        <w>כָּל־</w>
        <w>שָׂרֵי/הֶ֖ם</w>
        <w>סֹרְרִֽים׃</w>
      </v>
      <v n="16">
        <w>הֻכָּ֣ה</w>
        <w>אֶפְרַ֔יִם</w>
        <w>שָׁרְשָׁ֥/ם</w>
        <w>יָבֵ֖שׁ</w>
        <w>פְּרִ֣י</w>
        <k>בלי־</k>
        <q>בַֽל־</q>
        <w>יַעֲשׂ֑וּ/ן</w>
        <w>גַּ֚ם</w>
        <w>כִּ֣י</w>
        <w>יֵֽלֵד֔וּ/ן</w>
        <w>וְ/הֵמַתִּ֖י</w>
        <w>מַחֲמַדֵּ֥י</w>
        <w>בִטְנָֽ/ם׃</w>
        <samekh/>
      </v>
      <v n="17">
        <w>יִמְאָסֵ֣/ם</w>
        <w>אֱלֹהַ֔/י</w>
        <w>כִּ֛י</w>
        <w>לֹ֥א</w>
        <w>שָׁמְע֖וּ</w>
        <w>ל֑/וֹ</w>
        <w>וְ/יִהְי֥וּ</w>
        <w>נֹדְדִ֖ים</w>
        <w>בַּ/גּוֹיִֽם׃</w>
        <samekh/>
      </v>
      <vs>17</vs>
    </c>
    <c n="10">
      <v n="1">
        <w>גֶּ֤פֶן</w>
        <w>בּוֹקֵק֙</w>
        <w>יִשְׂרָאֵ֔ל</w>
        <w>פְּרִ֖י</w>
        <w>יְשַׁוֶּה־</w>
        <w>לּ֑/וֹ</w>
        <w>כְּ/רֹ֣ב</w>
        <w>לְ/פִרְי֗/וֹ</w>
        <w>הִרְבָּה֙</w>
        <w>לַֽ/מִּזְבְּח֔וֹת</w>
        <w>כְּ/ט֣וֹב</w>
        <w>לְ/אַרְצ֔/וֹ</w>
        <w>הֵיטִ֖יבוּ</w>
        <w>מַצֵּבֽוֹת׃</w>
      </v>
      <v n="2">
        <w>חָלַ֥ק</w>
        <w>לִבָּ֖/ם</w>
        <w>עַתָּ֣ה</w>
        <w>יֶאְשָׁ֑מוּ</w>
        <w>ה֚וּא</w>
        <w>יַעֲרֹ֣ף</w>
        <w>מִזְבְּחוֹתָ֔/ם</w>
        <w>יְשֹׁדֵ֖ד</w>
        <w>מַצֵּבוֹתָֽ/ם׃</w>
      </v>
      <v n="3">
        <w>כִּ֤י</w>
        <w>עַתָּה֙</w>
        <w>יֹֽאמְר֔וּ</w>
        <w>אֵ֥ין</w>
        <w>מֶ֖לֶךְ</w>
        <w>לָ֑/נוּ</w>
        <w>כִּ֣י</w>
        <w>לֹ֤א</w>
        <w>יָרֵ֙אנוּ֙</w>
        <w>אֶת־</w>
        <w>יְהֹוָ֔ה

</w>
        <w>וְ/הַ/מֶּ֖לֶךְ</w>
        <w>מַה־</w>
        <w>יַּֽעֲשֶׂה־</w>
        <w>לָּֽ/נוּ׃</w>
      </v>
      <v n="4">
        <w>דִּבְּר֣וּ</w>
        <w>דְבָרִ֔ים</w>
        <w>אָל֥וֹת</w>
        <w>שָׁ֖וְא</w>
        <w>כָּרֹ֣ת</w>
        <w>בְּרִ֑ית</w>
        <w>וּ/פָרַ֤ח</w>
        <w>כָּ/רֹאשׁ֙</w>
        <w>מִשְׁפָּ֔ט</w>
        <w>עַ֖ל</w>
        <w>תַּלְמֵ֥י</w>
        <w>שָׂדָֽי׃</w>
      </v>
      <v n="5">
        <w>לְ/עֶגְלוֹת֙</w>
        <w>בֵּ֣ית</w>
        <w>אָ֔וֶן</w>
        <w>יָג֖וּרוּ</w>
        <w>שְׁכַ֣ן</w>
        <w>שֹֽׁמְר֑וֹן</w>
        <w>כִּי־</w>
        <w>אָבַ֨ל</w>
        <w>עָלָ֜י/ו</w>
        <w>עַמּ֗/וֹ</w>
        <w>וּ/כְמָרָי/ו֙</w>
        <w>עָלָ֣י/ו</w>
        <w>יָגִ֔ילוּ</w>
        <w>עַל־</w>
        <w>כְּבוֹד֖/וֹ</w>
        <w>כִּֽי־</w>
        <w>גָלָ֥ה</w>
        <w>מִמֶּֽ/נּוּ׃</w>
      </v>
      <v n="6">
        <w>גַּם־</w>
        <w>אוֹת/וֹ֙</w>
        <w>לְ/אַשּׁ֣וּר</w>
        <w>יוּבָ֔ל</w>
        <w>מִנְחָ֖ה</w>
        <w>לְ/מֶ֣לֶךְ</w>
        <w>יָרֵ֑ב</w>
        <w>בָּשְׁנָה֙</w>
        <w>אֶפְרַ֣יִם</w>
        <w>יִקָּ֔ח</w>
        <w>וְ/יֵב֥וֹשׁ</w>
        <w>יִשְׂרָאֵ֖ל</w>
        <w>מֵ/עֲצָתֽ/וֹ׃</w>
      </v>
      <v n="7">
        <w>נִדְמֶ֥ה</w>
        <w>שֹׁמְר֖וֹן</w>
        <w>מַלְכָּ֑/הּ</w>
        <w>כְּ/קֶ֖צֶף</w>
        <w>עַל־</w>
        <w>פְּנֵי־</w>
        <w>מָֽיִם׃</w>
      </v>
      <v n="8">
        <w>וְ/נִשְׁמְד֞וּ</w>
        <w>בָּמ֣וֹת</w>
        <w>אָ֗וֶן</w>
        <w>חַטַּאת֙</w>
        <w>יִשְׂרָאֵ֔ל</w>
        <w>ק֣וֹץ</w>
        <w>וְ/דַרְדַּ֔ר</w>
        <w>יַעֲלֶ֖ה</w>
        <w>עַל־</w>
        <w>מִזְבְּחוֹתָ֑/ם</w>
        <w>וְ/אָמְר֤וּ</w>
        <w>לֶֽ/הָרִים֙</w>
        <w>כַּסּ֔וּ/נוּ</w>
        <w>וְ/לַ/גְּבָע֖וֹת</w>
        <w>נִפְל֥וּ</w>
        <w>עָלֵֽי/נוּ׃</w>
        <samekh/>
      </v>
      <v n="9">
        <w>מִ/ימֵי֙</w>
        <w>הַ/גִּבְעָ֔ה</w>
        <w>חָטָ֖אתָ</w>
        <w>יִשְׂרָאֵ֑ל</w>
        <w>שָׁ֣ם</w>
        <w>עָמָ֔דוּ</w>
        <w>לֹֽא־</w>
        <w>תַשִּׂיגֵ֧/ם</w>
        <w>בַּ/גִּבְעָ֛ה</w>
        <w>מִלְחָמָ֖ה</w>
        <w>עַל־</w>
        <w>בְּנֵ֥י</w>
        <w>עַֽלְוָֽה׃</w>
      </v>
      <v n="10">
        <w>בְּ/אַוָּתִ֖/י</w>
        <w>וְ/אֶסֳּרֵ֑/ם</w>
        <w>וְ/אֻסְּפ֤וּ</w>
        <w>עֲלֵי/הֶם֙</w>
        <w>עַמִּ֔ים</w>
        <w>בְּ/אָסְרָ֖/ם</w>
        <w>לִ/שְׁתֵּ֥י</w>
        <k>עינת/ם</k>
        <q>עוֹנֹתָֽ/ם׃</q>
      </v>
      <v n="11">
        <w>וְ/אֶפְרַ֜יִם</w>
        <w>עֶגְלָ֤ה</w>
        <w>מְלֻמָּדָה֙</w>
        <w>אֹהַ֣בְתִּי</w>
        <w>לָ/ד֔וּשׁ</w>
        <w>וַ/אֲנִ֣י</w>
        <w>עָבַ֔רְתִּי</w>
        <w>עַל־</w>
        <w>ט֖וּב</w>
        <w>צַוָּארָ֑/הּ</w>
        <w>אַרְכִּ֤יב</w>
        <w>אֶפְרַ֙יִם֙</w>
        <w>יַחֲר֣וֹשׁ</w>
        <w>יְהוּדָ֔ה</w>
        <w>יְשַׂדֶּד־</w>
        <w>ל֖/וֹ</w>
        <w>יַעֲקֹֽב׃</w>
      </v>
      <v n="12">
        <w>זִרְע֨וּ</w>
        <w>לָ/כֶ֤ם</w>
        <w>לִ/צְדָקָה֙</w>
        <w>קִצְר֣וּ</w>
        <w>לְ/פִי־</w>
        <w>חֶ֔סֶד</w>
        <w>נִ֥ירוּ</w>
        <w>לָ/כֶ֖ם</w>
        <w>נִ֑יר</w>
        <w>וְ/עֵת֙</w>
        <w>לִ/דְר֣וֹשׁ</w>
        <w>אֶת־</w>
        <w>יְהוָ֔ה</w>
        <w>עַד־</w>
        <w>יָב֕וֹא</w>
        <w>וְ/יֹרֶ֥ה</w>
        <w>צֶ֖דֶק</w>
        <w>לָ/כֶֽם׃</w>
      </v>
      <v n="13">
        <w>חֲרַשְׁתֶּם־</w>
        <w>רֶ֛שַׁע</w>
        <w>עַוְלָ֥תָ/ה</w>
        <w>קְצַרְתֶּ֖ם</w>
        <w>אֲכַלְתֶּ֣ם</w>
        <w>פְּרִי־</w>
        <w>כָ֑חַשׁ</w>
        <w>כִּֽי־</w>
        <w>בָטַ֥חְתָּ</w>
        <w>בְ/דַרְכְּ/ךָ֖</w>
        <w>בְּ/רֹ֥ב</w>
        <w>גִּבּוֹרֶֽי/ךָ׃</w>
      </v>
      <v n="14">
        <w>וְ/קָ֣אם</w>
        <w>שָׁאוֹן֮</w>
        <w>בְּ/עַמֶּ/ךָ֒</w>
        <w>וְ/כָל־</w>
        <w>מִבְצָרֶ֣י/ךָ</w>
        <w>יוּשַּׁ֔ד</w>
        <w>כְּ/שֹׁ֧ד</w>
        <w>שַֽׁלְמַ֛ן</w>
        <w>בֵּ֥ית</w>
        <w>אַֽרְבֵ֖אל</w>
        <w>בְּ/י֣וֹם</w>
        <w>מִלְחָמָ֑ה</w>
        <w>אֵ֥ם</w>
        <w>עַל־</w>
        <w>בָּנִ֖ים</w>
        <w>רֻטָּֽשָׁה׃</w>
      </v>
      <v n="15">
        <w>כָּ֗כָה</w>
        <w>עָשָׂ֤ה</w>
        <w>לָ/כֶם֙</w>
        <w>בֵּֽית־</w>
        <w>אֵ֔ל</w>
        <w>מִ/פְּנֵ֖י</w>
        <w>רָעַ֣ת</w>
        <w>רָֽעַתְ/כֶ֑ם</w>
        <w>בַּ/שַּׁ֕חַר</w>
        <w>נִדְמֹ֥ה</w>
        <w>נִדְמָ֖ה</w>
        <w>מֶ֥לֶךְ</w>
        <w>יִשְׂרָאֵֽל׃</w>
      </v>
      <vs>15</vs>
    </c>
    <c n="11">
      <v n="1">
        <w>כִּ֛י</w>
        <w>נַ֥עַר</w>
        <w>יִשְׂרָאֵ֖ל</w>
        <w>וָ/אֹהֲבֵ֑/הוּ</w>
        <w>וּ/מִ/מִּצְרַ֖יִם</w>
        <w>קָרָ֥אתִי</w>
        <w>לִ/בְנִֽ/י׃</w>
      </v>
      <v n="2">
        <w>קָרְא֖וּ</w>
        <w>לָ/הֶ֑ם</w>
        <w>כֵּ֚ן</w>
        <w>הָלְכ֣וּ</w>
        <w>מִ/פְּנֵי/הֶ֔ם</w>
        <w>לַ/בְּעָלִ֣ים</w>
        <w>יְזַבֵּ֔חוּ</w>
        <w>וְ/לַ/פְּסִלִ֖ים</w>
        <w>יְקַטֵּרֽוּ/ן׃</w>
      </v>
      <v n="3">
        <w>וְ/אָנֹכִ֤י</w>
        <w>תִרְגַּ֙לְתִּי֙</w>
        <w>לְ/אֶפְרַ֔יִם</w>
        <w>קָחָ֖/ם</w>
        <w>עַל־</w>
        <w>זְרֽוֹעֹתָ֑י/ו</w>
        <w>וְ/לֹ֥א</w>
        <w>יָדְע֖וּ</w>
        <w>כִּ֥י</w>
        <w>רְפָאתִֽי/ם׃</w>
      </v>
      <v n="4">
        <w>בְּ/חַבְלֵ֨י</w>
        <w>אָדָ֤ם</w>
        <w>אֶמְשְׁכֵ/ם֙</w>
        <w>בַּ/עֲבֹת֣וֹת</w>
        <w>אַהֲבָ֔ה</w>
        <w>וָ/אֶהְיֶ֥ה</w>
        <w>לָ/הֶ֛ם</w>
        <w>כִּ/מְרִ֥ימֵי</w>
        <w>עֹ֖ל</w>
        <w>עַ֣ל</w>
        <w>לְחֵי/הֶ֑ם</w>
        <w>וְ/אַ֥ט</w>
        <w>אֵלָ֖י/ו</w>
        <w>אוֹכִֽיל׃</w>
      </v>
      <v n="5">
        <w>לֹ֤א</w>
        <w>יָשׁוּב֙</w>
        <w>אֶל־</w>
        <w>אֶ֣רֶץ</w>
        <w>מִצְרַ֔יִם</w>
        <w>וְ/אַשּׁ֖וּר</w>
        <w>ה֣וּא</w>
        <w>מַלְכּ֑/וֹ</w>
        <w>כִּ֥י</w>
        <w>מֵאֲנ֖וּ</w>
        <w>לָ/שֽׁוּב׃</w>
      </v>
      <v n="6">
        <w>וְ/חָלָ֥ה</w>
        <w>חֶ֙רֶב֙</w>
        <w>בְּ/עָרָ֔י/ו</w>
        <w>וְ/כִלְּתָ֥ה</w>
        <w>בַדָּ֖י/ו</w>
        <w>וְ/אָכָ֑לָה</w>
        <w>מִֽ/מֹּעֲצ֖וֹתֵי/הֶֽם׃</w>
      </v>
      <v n="7">
        <w>וְ/עַמִּ֥/י</w>
        <w>תְלוּאִ֖ים</w>
        <w>לִ/מְשֽׁוּבָתִ֑/י</w>
        <w>וְ/אֶל־</w>
        <w>עַל֙</w>
        <w>יִקְרָאֻ֔/הוּ</w>
        <w>יַ֖חַד</w>
        <w>לֹ֥א</w>
        <w>יְרוֹמֵם׃
</w>
      </v>
      <v n="8">
        <w>אֵ֞יךְ</w>
        <w>אֶתֶּנְ/ךָ֣</w>
        <w>אֶפְרַ֗יִם</w>
        <w>אֲמַגֶּנְ/ךָ֙</w>
        <w>יִשְׂרָאֵ֔ל</w>
        <w>אֵ֚יךְ</w>
        <w>אֶתֶּנְ/ךָ֣</w>
        <w>כְ/אַדְמָ֔ה</w>
        <w>אֲשִֽׂימְ/ךָ֖</w>
        <w>כִּ/צְבֹאיִ֑ם</w>
        <w>נֶהְפַּ֤ךְ</w>
        <w>עָלַ/י֙</w>
        <w>לִבִּ֔/י</w>
        <w>יַ֖חַד</w>
        <w>נִכְמְר֥וּ</w>
        <w>נִחוּמָֽ/י׃</w>
      </v>
      <v n="9">
        <w>לֹ֤א</w>
        <w>אֶֽעֱשֶׂה֙</w>
        <w>חֲר֣וֹן</w>
        <w>אַפִּ֔/י</w>
        <w>לֹ֥א</w>
        <w>אָשׁ֖וּב</w>
        <w>לְ/שַׁחֵ֣ת</w>
        <w>אֶפְרָ֑יִם</w>
        <w>כִּ֣י</w>
        <w>אֵ֤ל</w>
        <w>אָֽנֹכִי֙</w>
        <w>וְ/לֹא־</w>
        <w>אִ֔ישׁ</w>
        <w>בְּ/קִרְבְּ/ךָ֣</w>
        <w>קָד֔וֹשׁ</w>
        <w>וְ/לֹ֥א</w>
        <w>אָב֖וֹא</w>
        <w>בְּ/עִֽיר׃</w>
      </v>
      <v n="10">
        <w>אַחֲרֵ֧י</w>
        <w>יְהוָ֛ה</w>
        <w>יֵלְכ֖וּ</w>
        <w>כְּ/אַרְיֵ֣ה</w>
        <w>יִשְׁאָ֑ג</w>
        <w>כִּֽי־</w>
        <w>ה֣וּא</w>
        <w>יִשְׁאַ֔ג</w>
        <w>וְ/יֶחֶרְד֥וּ</w>
        <w>בָנִ֖ים</w>
        <w>מִ/יָּֽם׃</w>
      </v>
      <v n="11">
        <w>יֶחֶרְד֤וּ</w>
        <w>כְ/צִפּוֹר֙</w>
        <w>מִ/מִּצְרַ֔יִם</w>
        <w>וּ/כְ/יוֹנָ֖ה</w>
        <w>מֵ/אֶ֣רֶץ</w>
        <w>אַשּׁ֑וּר</w>
        <w>וְ/הוֹשַׁבְתִּ֥י/ם</w>
        <w>עַל־</w>
        <w>בָּתֵּי/הֶ֖ם</w>
        <w>נְאֻם־</w>
        <w>יְהוָֽה׃</w>
        <samekh/>
      </v>
      <vs>11</vs>
    </c>
    <c n="12">
      <v n="1">
        <w>סְבָבֻ֤/נִי</w>
        <w>בְ/כַ֙חַשׁ֙</w>
        <w>אֶפְרַ֔יִם</w>
        <w>וּ/בְ/מִרְמָ֖ה</w>
        <w>בֵּ֣ית</w>
        <w>יִשְׂרָאֵ֑ל</w>
        <w>וִֽ/יהוּדָ֗ה</w>
        <w>עֹ֥ד</w>
        <w>רָד֙</w>
        <w>עִם־</w>
        <w>אֵ֔ל</w>
        <w>וְ/עִם־</w>
        <w>קְדוֹשִׁ֖ים</w>
        <w>נֶאֱמָֽן׃</w>
      </v>
      <v n="2">
        <w>אֶפְרַ֜יִם</w>
        <w>רֹעֶ֥ה</w>
        <w>ר֙וּחַ֙</w>
        <w>וְ/רֹדֵ֣ף</w>
        <w>קָדִ֔ים</w>
        <w>כָּל־</w>
        <w>הַ/יּ֕וֹם</w>
        <w>כָּזָ֥ב</w>
        <w>וָ/שֹׁ֖ד</w>
        <w>יַרְבֶּ֑ה</w>
        <w>וּ/בְרִית֙</w>
        <w>עִם־</w>
        <w>אַשּׁ֣וּר</w>
        <w>יִכְרֹ֔תוּ</w>
        <w>וְ/שֶׁ֖מֶן</w>
        <w>לְ/מִצְרַ֥יִם</w>
        <w>יוּבָֽל׃</w>
      </v>
      <v n="3">
        <w>וְ/רִ֥יב</w>
        <w>לַֽ/יהוָ֖ה</w>
        <w>עִם־</w>
        <w>יְהוּדָ֑ה</w>
        <w>וְ/לִ/פְקֹ֤ד</w>
        <w>עַֽל־</w>
        <w>יַעֲקֹב֙</w>
        <w>כִּ/דְרָכָ֔י/ו</w>
        <w>כְּ/מַעֲלָלָ֖י/ו</w>
        <w>יָשִׁ֥יב</w>
        <w>לֽ/וֹ׃</w>
      </v>
      <v n="4">
        <w>בַּ/בֶּ֖טֶן</w>
        <w>עָקַ֣ב</w>
        <w>אֶת־</w>
        <w>אָחִ֑י/ו</w>
        <w>וּ/בְ/אוֹנ֖/וֹ</w>
        <w>שָׂרָ֥ה</w>
        <w>אֶת־</w>
        <w>אֱלֹהִֽים׃</w>
      </v>
      <v n="5">
        <w>וָ/יָּ֤שַׂר</w>
        <w>אֶל־</w>
        <w>מַלְאָךְ֙</w>
        <w>וַ/יֻּכָ֔ל</w>
        <w>בָּכָ֖ה</w>
        <w>וַ/יִּתְחַנֶּן־</w>
        <w>ל֑/וֹ</w>
        <w>בֵּֽית־</w>
        <w>אֵל֙</w>
        <w>יִמְצָאֶ֔/נּוּ</w>
        <w>וְ/שָׁ֖ם</w>
        <w>יְדַבֵּ֥ר</w>
        <w>עִמָּֽ/נוּ׃</w>
      </v>
      <v n="6">
        <w>וַֽ/יהוָ֖ה</w>
        <w>אֱלֹהֵ֣י</w>
        <w>הַ/צְּבָא֑וֹת</w>
        <w>יְהוָ֖ה</w>
        <w>זִכְרֽ/וֹ׃</w>
      </v>
      <v n="7">
        <w>וְ/אַתָּ֖ה</w>
        <w>בֵּ/אלֹהֶ֣י/ךָ</w>
        <w>תָשׁ֑וּב</w>
        <w>חֶ֤סֶד</w>
        <w>וּ/מִשְׁפָּט֙</w>
        <w>שְׁמֹ֔ר</w>
        <w>וְ/קַוֵּ֥ה</w>
        <w>אֶל־</w>
        <w>אֱלֹהֶ֖י/ךָ</w>
        <w>תָּמִֽיד׃</w>
      </v>
      <v n="8">
        <w>כְּנַ֗עַן</w>
        <w>בְּ/יָד֛/וֹ</w>
        <w>מֹאזְנֵ֥י</w>
        <w>מִרְמָ֖ה</w>
        <w>לַ/עֲשֹׁ֥ק</w>
        <w>אָהֵֽב׃</w>
      </v>
      <v n="9">
        <w>וַ/יֹּ֣אמֶר</w>
        <w>אֶפְרַ֔יִם</w>
        <w>אַ֣ךְ</w>
        <w>עָשַׁ֔רְתִּי</w>
        <w>מָצָ֥אתִי</w>
        <w>א֖וֹן</w>
        <w>לִ֑/י</w>
        <w>כָּל־</w>
        <w>יְגִיעַ֕/י</w>
        <w>לֹ֥א</w>
        <w>יִמְצְאוּ־</w>
        <w>לִ֖/י</w>
        <w>עָוֺ֥ן</w>
        <w>אֲשֶׁר־</w>
        <w>חֵֽטְא׃</w>
      </v>
      <v n="10">
        <w>וְ/אָנֹכִ֛י</w>
        <w>יְהוָ֥ה</w>
        <w>אֱלֹהֶ֖י/ךָ</w>
        <w>מֵ/אֶ֣רֶץ</w>
        <w>מִצְרָ֑יִם</w>
        <w>עֹ֛ד</w>
        <w>אוֹשִֽׁיבְ/ךָ֥</w>
        <w>בָ/אֳהָלִ֖ים</w>
        <w>כִּ/ימֵ֥י</w>
        <w>מוֹעֵֽד׃</w>
      </v>
      <v n="11">
        <w>וְ/דִבַּ֙רְתִּי֙</w>
        <w>עַל־</w>
        <w>הַ/נְּבִיאִ֔ים</w>
        <w>וְ/אָנֹכִ֖י</w>
        <w>חָז֣וֹן</w>
        <w>הִרְבֵּ֑יתִי</w>
        <w>וּ/בְ/יַ֥ד</w>
        <w>הַ/נְּבִיאִ֖ים</w>
        <w>אֲדַמֶּֽה׃</w>
      </v>
      <v n="12">
        <w>אִם־</w>
        <w>גִּלְעָ֥ד</w>
        <w>אָ֙וֶן֙</w>
        <w>אַךְ־</w>
        <w>שָׁ֣וְא</w>
        <w>הָי֔וּ</w>
        <w>בַּ/גִּלְגָּ֖ל</w>
        <w>שְׁוָרִ֣ים</w>
        <w>זִבֵּ֑חוּ</w>
        <w>גַּ֤ם</w>
        <w>מִזְבְּחוֹתָ/ם֙</w>
        <w>כְּ/גַלִּ֔ים</w>
        <w>עַ֖ל</w>
        <w>תַּלְמֵ֥י</w>
        <w>שָׂדָֽי׃</w>
      </v>
      <v n="13">
        <w>וַ/יִּבְרַ֥ח</w>
        <w>יַעֲקֹ֖ב</w>
        <w>שְׂדֵ֣ה</w>
        <w>אֲרָ֑ם</w>
        <w>וַ/יַּעֲבֹ֤ד</w>
        <w>יִשְׂרָאֵל֙</w>
        <w>בְּ/אִשָּׁ֔ה</w>
        <w>וּ/בְ/אִשָּׁ֖ה</w>
        <w>שָׁמָֽר׃</w>
      </v>
      <v n="14">
        <w>וּ/בְ/נָבִ֕יא</w>
        <w>הֶעֱלָ֧ה</w>
        <w>יְהוָ֛ה</w>
        <w>אֶת־</w>
        <w>יִשְׂרָאֵ֖ל</w>
        <w>מִ/מִּצְרָ֑יִם</w>
        <w>וּ/בְ/נָבִ֖יא</w>
        <w>נִשְׁמָֽר׃</w>
      </v>
      <v n="15">
        <w>הִכְעִ֥יס</w>
        <w>אֶפְרַ֖יִם</w>
        <w>תַּמְרוּרִ֑ים</w>
        <w>וְ/דָמָי/ו֙</w>
        <w>עָלָ֣י/ו</w>
        <w>יִטּ֔וֹשׁ</w>
        <w>וְ/חֶ֨רְפָּת֔/וֹ</w>
        <w>יָשִׁ֥יב</w>
        <w>ל֖/וֹ</w>
        <w>אֲדֹנָֽי/ו׃</w>
      </v>
      <vs>15</vs>
    </c>
    <c n="13">
      <v n="1">
        <w>כְּ/דַבֵּ֤ר</w>
        <w>אֶפְרַ֙יִם֙</w>
        <w>רְתֵ֔ת</w>
        <w>נָשָׂ֥א</w>
        <w>ה֖וּא</w>
        <w>בְּ/יִשְׂרָאֵ֑ל</w>
        <w>וַ/יֶּאְשַׁ֥ם</w>
        <w>בַּ/בַּ֖עַל</w>
        <w>וַ/יָּמֹֽת׃</w>
      </v>
      <v n="2">
        <w>וְ/עַתָּ֣ה ׀</w>
        <w>יוֹסִ֣פוּ</w>
        <w>לַ/חֲטֹ֗א</w>
        <w>וַ/יַּעְשׂ֣וּ</w>
        <w>לָ/הֶם֩</w>
        <w>מַסֵּכָ֨ה</w>
        <w>מִ/כַּסְפָּ֤/ם</w>
        <w>כִּ/תְבוּנָ/ם֙</w>
        <w>עֲצַבִּ֔ים</w>
        <w>מַעֲשֵׂ֥ה</w>
        <w>חָרָשִׁ֖ים</w>
        <w>כֻּלֹּ֑/ה</w>
        <w>לָ/הֶם֙</w>
        <w>הֵ֣ם</w>
        <w>אֹמְרִ֔ים</w>
        <w>זֹבְחֵ֣י</w>
        <w>אָדָ֔ם</w>
        <w>עֲגָלִ֖ים</w>
        <w>יִשָּׁקֽוּ/ן׃</w>
      </v>
      <v n="3">
        <w>לָ/כֵ֗ן</w>
        <w>יִֽהְיוּ֙</w>
        <w>כַּ/עֲנַן־</w>
        <w>בֹּ֔קֶר</w>
        <w>וְ/כַ/טַּ֖ל</w>
        <w>מַשְׁכִּ֣ים</w>
        <w>הֹלֵ֑ךְ</w>
        <w>כְּ/מֹץ֙</w>
        <w>יְסֹעֵ֣ר</w>
        <w>מִ/גֹּ֔רֶן</w>
        <w>וּ/כְ/עָשָׁ֖ן</w>
        <w>מֵ/אֲרֻבָּֽה׃</w>
      </v>
      <v n="4">
        <w>וְ/אָנֹכִ֛י</w>
        <w>יְהוָ֥ה</w>
        <w>אֱלֹהֶ֖י/ךָ</w>
        <w>מֵ/אֶ֣רֶץ</w>
        <w>מִצְרָ֑יִם</w>
        <w>וֵ/אלֹהִ֤ים</w>
        <w>זֽוּלָתִ/י֙</w>
        <w>לֹ֣א</w>
        <w>תֵדָ֔ע</w>
        <w>וּ/מוֹשִׁ֥יעַ</w>
        <w>אַ֖יִן</w>
        <w>בִּלְתִּֽ/י׃</w>
      </v>
      <v n="5">
        <w>אֲנִ֥י</w>
        <w>יְדַעְתִּ֖י/ךָ</w>
        <w>בַּ/מִּדְבָּ֑ר</w>
        <w>בְּ/אֶ֖רֶץ</w>
        <w>תַּלְאֻבֽוֹת׃</w>
      </v>
      <v n="6">
        <w>כְּ/מַרְעִיתָ/ם֙</w>
        <w>וַ/יִּשְׂבָּ֔עוּ</w>
        <w>שָׂבְע֖וּ</w>
        <w>וַ/יָּ֣רָם</w>
        <w>לִבָּ֑/ם</w>
        <w>עַל־</w>
        <w>כֵּ֖ן</w>
        <w>שְׁכֵחֽוּ/נִי׃</w>
      </v>
      <v n="7">
        <w>וָ/אֱהִ֥י</w>
        <w>לָ/הֶ֖ם</w>
        <w>כְּמוֹ־</w>
        <w>שָׁ֑חַל</w>
        <w>כְּ/נָמֵ֖ר</w>
        <w>עַל־</w>
        <w>דֶּ֥רֶךְ</w>
        <w>אָשֽׁוּר׃</w>
      </v>
      <v n="8">
        <w>אֶפְגְּשֵׁ/ם֙</w>
        <w>כְּ/דֹ֣ב</w>
        <w>שַׁכּ֔וּל</w>
        <w>וְ/אֶקְרַ֖ע</w>
        <w>סְג֣וֹר</w>
        <w>לִבָּ֑/ם</w>
        <w>וְ/אֹכְלֵ֥/ם</w>
        <w>שָׁם֙</w>
        <w>כְּ/לָבִ֔יא</w>
        <w>חַיַּ֥ת</w>
        <w>הַ/שָּׂדֶ֖ה</w>
        <w>תְּבַקְּעֵֽ/ם׃</w>
      </v>
      <v n="9">
        <w>שִֽׁחֶתְ/ךָ֥</w>
        <w>יִשְׂרָאֵ֖ל</w>
        <w>כִּֽי־</w>
        <w>בִ֥/י</w>
        <w>בְ/עֶזְרֶֽ/ךָ׃</w>
      </v>
      <v n="10">
        <w>אֱהִ֤י</w>
        <w>מַלְכְּ/ךָ֙</w>
        <w>אֵפ֔וֹא</w>
        <w>וְ/יוֹשִֽׁיעֲ/ךָ֖</w>
        <w>בְּ/כָל־</w>
        <w>עָרֶ֑י/ךָ</w>
        <w>וְ/שֹׁ֣פְטֶ֔י/ךָ</w>
        <w>אֲשֶׁ֣ר</w>
        <w>אָמַ֔רְתָּ</w>
        <w>תְּנָ/ה־</w>
        <w>לִּ֖/י</w>
        <w>מֶ֥לֶךְ</w>
        <w>וְ/שָׂרִֽים׃</w>
      </v>
      <v n="11">
        <w>אֶֽתֶּן־</w>
        <w>לְ/ךָ֥</w>
        <w>מֶ֙לֶךְ֙</w>
        <w>בְּ/אַפִּ֔/י</w>
        <w>וְ/אֶקַּ֖ח</w>
        <w>בְּ/עֶבְרָתִֽ/י׃</w>
        <samekh/>
      </v>
      <v n="12">
        <w>צָרוּר֙</w>
        <w>עֲוֺ֣ן</w>
        <w>אֶפְרָ֔יִם</w>
        <w>צְפוּנָ֖ה</w>
        <w>חַטָּאתֽ/וֹ׃</w>
      </v>
      <v n="13">
        <w>חֶבְלֵ֥י</w>
        <w>יֽוֹלֵדָ֖ה</w>
        <w>יָבֹ֣אוּ</w>
        <w>ל֑/וֹ</w>
        <w>הוּא־</w>
        <w>בֵן֙</w>
        <w>לֹ֣א</w>
        <w>חָכָ֔ם</w>
        <w>כִּֽי־</w>
        <w>עֵ֥ת</w>
        <w>לֹֽא־</w>
        <w>יַעֲמֹ֖ד</w>
        <w>בְּ/מִשְׁבַּ֥ר</w>
        <w>בָּנִֽים׃</w>
      </v>
      <v n="14">
        <w>מִ/יַּ֤ד</w>
        <w>שְׁאוֹל֙</w>
        <w>אֶפְדֵּ֔/ם</w>
        <w>מִ/מָּ֖וֶת</w>
        <w>אֶגְאָלֵ֑/ם</w>
        <w>אֱהִ֨י</w>
        <w>דְבָרֶי/ךָ֜
</w>
        <w>מָ֗וֶת</w>
        <w>אֱהִ֤י</w>
        <w>קָֽטָבְ/ךָ֙</w>
        <w>שְׁא֔וֹל</w>
        <w>נֹ֖חַם</w>
        <w>יִסָּתֵ֥ר</w>
        <w>מֵ/עֵינָֽ/י׃</w>
      </v>
      <v n="15">
        <w>כִּ֣י</w>
        <w>ה֔וּא</w>
        <w>בֵּ֥ן
</w>
        <w>אַחִ֖ים</w>
        <w>יַפְרִ֑יא</w>
        <w>יָב֣וֹא</w>
        <w>קָדִים֩</w>
        <w>ר֨וּחַ</w>
        <w>יְהוָ֜ה</w>
        <w>מִ/מִּדְבָּ֣ר</w>
        <w>עֹלֶ֗ה</w>
        <w>וְ/יֵב֤וֹשׁ</w>
        <w>מְקוֹר/וֹ֙</w>
        <w>וְ/יֶחֱרַ֣ב</w>
        <w>מַעְיָנ֔/וֹ</w>
        <w>ה֣וּא</w>
        <w>יִשְׁסֶ֔ה</w>
        <w>אוֹצַ֖ר</w>
        <w>כָּל־</w>
        <w>כְּלִ֥י</w>
        <w>חֶמְדָּֽה׃</w>
      </v>
      <vs>15</vs>
    </c>
    <c n="14">
      <v n="1">
        <w>תֶּאְשַׁם֙</w>
        <w>שֹֽׁמְר֔וֹן</w>
        <w>כִּ֥י</w>
        <w>מָרְתָ֖ה</w>
        <w>בֵּֽ/אלֹהֶ֑י/הָ</w>
        <w>בַּ/חֶ֣רֶב</w>
        <w>יִפֹּ֔לוּ</w>
        <w>עֹלְלֵי/הֶ֣ם</w>
        <w>יְרֻטָּ֔שׁוּ</w>
        <w>וְ/הָרִיּוֹתָ֖י/ו</w>
        <w>יְבֻקָּֽעוּ׃</w>
        <pe/>
      </v>
      <v n="2">
        <w>שׁ֚וּבָ/ה</w>
        <w>יִשְׂרָאֵ֔ל</w>
        <w>עַ֖ד</w>
        <w>יְהוָ֣ה</w>
        <w>אֱלֹהֶ֑י/ךָ</w>
        <w>כִּ֥י</w>
        <w>כָשַׁ֖לְתָּ</w>
        <w>בַּ/עֲוֺנֶֽ/ךָ׃</w>
      </v>
      <v n="3">
        <w>קְח֤וּ</w>
        <w>עִמָּ/כֶם֙</w>
        <w>דְּבָרִ֔ים</w>
        <w>וְ/שׁ֖וּבוּ</w>
        <w>אֶל־</w>
        <w>יְהוָ֑ה</w>
        <w>אִמְר֣וּ</w>
        <w>אֵלָ֗י/ו</w>
        <w>כָּל־</w>
        <w>תִּשָּׂ֤א</w>
        <w>עָוֺן֙</w>
        <w>וְ/קַח־</w>
        <w>ט֔וֹב</w>
        <w>וּֽ/נְשַׁלְּמָ֥ה</w>
        <w>פָרִ֖ים</w>
        <w>שְׂפָתֵֽי/נוּ׃</w>
      </v>
      <v n="4">
        <w>אַשּׁ֣וּר ׀</w>
        <w>לֹ֣א</w>
        <w>יוֹשִׁיעֵ֗/נוּ</w>
        <w>עַל־</w>
        <w>סוּס֙</w>
        <w>לֹ֣א</w>
        <w>נִרְכָּ֔ב</w>
        <w>וְ/לֹא־</w>
        <w>נֹ֥אמַר</w>
        <w>ע֛וֹד</w>
        <w>אֱלֹהֵ֖י/נוּ</w>
        <w>לְ/מַעֲשֵׂ֣ה</w>
        <w>יָדֵ֑י/נוּ</w>
        <w>אֲשֶׁר־</w>
        <w>בְּ/ךָ֖</w>
        <w>יְרֻחַ֥ם</w>
        <w>יָתֽוֹם׃</w>
      </v>
      <v n="5">
        <w>אֶרְפָּא֙</w>
        <w>מְשׁ֣וּבָתָ֔/ם</w>
        <w>אֹהֲבֵ֖/ם</w>
        <w>נְדָבָ֑ה</w>
        <w>כִּ֛י</w>
        <w>שָׁ֥ב</w>
        <w>אַפִּ֖/י</w>
        <w>מִמֶּֽ/נּוּ׃</w>
      </v>
      <v n="6">
        <w>אֶהְיֶ֤ה</w>
        <w>כַ/טַּל֙</w>
        <w>לְ/יִשְׂרָאֵ֔ל</w>
        <w>יִפְרַ֖ח</w>
        <w>כַּ/שּֽׁוֹשַׁנָּ֑ה</w>
        <w>וְ/יַ֥ךְ</w>
        <w>שָׁרָשָׁ֖י/ו</w>
        <w>כַּ/לְּבָנֽוֹן׃</w>
      </v>
      <v n="7">
        <w>יֵֽלְכוּ֙</w>
        <w>יֹֽנְקוֹתָ֔י/ו</w>
        <w>וִ/יהִ֥י</w>
        <w>כַ/זַּ֖יִת</w>
        <w>הוֹד֑/וֹ</w>
        <w>וְ/רֵ֥יחַֽ</w>
        <w>ל֖/וֹ</w>
        <w>כַּ/לְּבָנֽוֹן׃</w>
      </v>
      <v n="8">
        <w>יָשֻׁ֙בוּ֙</w>
        <w>יֹשְׁבֵ֣י</w>
        <w>בְ/צִלּ֔/וֹ</w>
        <w>יְחַיּ֥וּ</w>
        <w>דָגָ֖ן</w>
        <w>וְ/יִפְרְח֣וּ</w>
        <w>כַ/גָּ֑פֶן</w>
        <w>זִכְר֖/וֹ</w>
        <w>כְּ/יֵ֥ין</w>
        <w>לְבָנֽוֹן׃</w>
        <samekh/>
      </v>
      <v n="9">
        <w>אֶפְרַ֕יִם</w>
        <w>מַה־</w>
        <w>לִּ֥/י</w>
        <w>ע֖וֹד</w>
        <w>לָֽ/עֲצַבִּ֑ים</w>
        <w>אֲנִ֧י</w>
        <w>עָנִ֣יתִי</w>
        <w>וַ/אֲשׁוּרֶ֗/נּוּ</w>
        <w>אֲנִי֙</w>
        <w>כִּ/בְר֣וֹשׁ</w>
        <w>רַֽעֲנָ֔ן</w>
        <w>מִמֶּ֖/נִּי</w>
        <w>פֶּרְיְ/ךָ֥</w>
        <w>נִמְצָֽא׃</w>
      </v>
      <v n="10">
        <w>מִ֤י</w>
        <w>חָכָם֙</w>
        <w>וְ/יָ֣בֵֽן</w>
        <w>אֵ֔לֶּה</w>
        <w>נָב֖וֹן</w>
        <w>וְ/יֵֽדָעֵ֑/ם</w>
        <w>כִּֽי־</w>
        <w>יְשָׁרִ֞ים</w>
        <w>דַּרְכֵ֣י</w>
        <w>יְהוָ֗ה</w>
        <w>וְ/צַדִּקִים֙</w>
        <w>יֵ֣לְכוּ</w>
        <w>בָ֔/ם</w>
        <w>וּ/פֹשְׁעִ֖ים</w>
        <w>יִכָּ֥שְׁלוּ</w>
        <w>בָֽ/ם׃</w>
      </v>
      <vs>10</vs>
    </c>
    <vs>197</vs>
    <cs>14</cs>
  </book>
</tanach>
<notes>
  <note>
    <code>1</code>
    <gccode>1</gccode>
    <note>BHS has been faithful to the Leningrad Codex where there might be a question of the validity of the form and we keep the same form as BHS. </note>
  </note>
  <note>
    <code>2</code>
    <gccode>4</gccode>
    <note>Puncta extraordinaria -- a \u05c4 is used to mark such marks in the text when they are above the line and a \u05c5 when they are below the line. </note>
  </note>
  <note>
    <code>3</code>
    <gccode>5</gccode>
    <note>Large letter(s). Shown as large letters without a superscript note number. </note>
  </note>
  <note>
    <code>4</code>
    <gccode>6</gccode>
    <note>Small letter(s). Shown as small letters without a superscript note number. </note>
  </note>
  <note>
    <code>5</code>
    <gccode>7</gccode>
    <note>Suspended letter(s). Shown as suspended letters without a superscript note number. </note>
  </note>
  <note>
    <code>6</code>
    <gccode>8</gccode>
    <note>Inverted nun in the text. Shown without a superscript note number.</note>
  </note>
  <note>
    <code>7</code>
    <gccode>a</gccode>
    <note>Adaptations to a Qere which L and BHS, by their design, do not indicate. </note>
  </note>
  <note>
    <code>8</code>
    <gccode>c</gccode>
    <note>We read one or more accents in L differently than BHS. Often this notation indicates a typographical error in BHS. </note>
  </note>
  <note>
    <code>9</code>
    <gccode>k</gccode>
    <note>We read one or more consonants in L differently from BHS. </note>
  </note>
  <note>
    <code>10</code>
    <gccode>n</gccode>
    <note>Marks an anomalous form. </note>
  </note>
  <note>
    <code>11</code>
    <gccode>p</gccode>
    <note>We read punctuation in L differently from BHS. </note>
  </note>
  <note>
    <code>12</code>
    <gccode>q</gccode>
    <note>We have abandoned or added a ketib/qere relative to BHS. In doing this we agree with L against BHS. </note>
  </note>
  <note>
    <code>13</code>
    <gccode>v</gccode>
    <note>We read one or more vowels in L differently from BHS. </note>
  </note>
  <note>
    <code>14</code>
    <gccode>y</gccode>
    <note>Yathir readings in L which we have designated as Qeres when both Dothan and BHS list a Qere. </note>
  </note>
  <note>
    <code>15</code>
    <gccode>C</gccode>
    <note>We read one or more accents in L differently from BHQ. </note>
  </note>
  <note>
    <code>16</code>
    <gccode>F</gccode>
    <note>Marks a consonant with an anomalous final form that is word-medial.</note>
  </note>
  <note>
    <code>17</code>
    <gccode>K</gccode>
    <note>We read one or more consonants in L differently from BHQ. </note>
  </note>
  <note>
    <code>18</code>
    <gccode>M</gccode>
    <note>Marks a word with a final consonant that is a medial (not a final) form. </note>
  </note>
  <note>
    <code>19</code>
    <gccode>P</gccode>
    <note>We read the punctuation in L differently from BHQ. </note>
  </note>
  <note>
    <code>20</code>
    <gccode>Q</gccode>
    <note>Marks a place where we agree with BHQ against BHS in reading L. </note>
  </note>
  <note>
    <code>21</code>
    <gccode>U</gccode>
    <note>We agree with both BHS 1997 and BHQ on an unexpected reading. </note>
  </note>
  <note>
    <code>22</code>
    <gccode>V</gccode>
    <note>We read one or more vowels in L differently from BHQ. </note>
  </note>
  <note>
    <code>X</code>
    <gccode>X</gccode>
    <note>This verse does NOT occur in the Leningrad Codex. </note>
  </note>
</notes>
</Tanach>
