<?xml version="1.0" encoding="UTF-8" standalone="no"?>
<!-- Copyright C.V.Kimball 2013 --><Tanach xmlns:xsi="http://www.w3.org/2001/XMLSchema-instance" xsi:noNamespaceSchemaLocation="../XSL/Tanach.xsd">
<teiHeader>
  <fileDesc>
    <titleStmt>
      <title level="s" type="uniform">Tanach</title>
      <title level="s" type="uniformhebrew">תנ״ך</title>
      <title level="s" type="main">Unicode/XML Leningrad Codex</title>
      <title level="a" type="main">Joel</title>
      <title level="a" type="mainhebrew">יואל</title>
      <title level="a" type="filename">Joel</title>
      <editor>Shemu'el ben Ya'akov</editor>
      <editor>Aharon ben-Mosheh ben-Asher</editor>
      <respStmt>
        <resp>Publisher:</resp>
        <name>Christopher V. Kimball</name>
        <name type="email">mail@cvkimball.com</name>
      </respStmt>
    </titleStmt>
    <editionStmt>
      <edition>Unicode/XML Leningrad Codex (UXLC)
        <version>UXLC 1.1</version>
        <date>19 Oct 2020</date>
        <build>26.1</build>
        <buildDateTime>06 Oct 2020  10:00</buildDateTime>
      </edition>
<respStmt>
<resp>WLC2XML[28 Aug 2020] - Transcription from Michigan-Claremont encoding to Unicode with XML markings. See details in notes.</resp>
<resp>Updater[27 Sep 2020] - Changes.xml file dated 2020.02.19 . </resp>
<resp>Updater[27 Sep 2020] - Changes.xml file dated 2020.10.19 . </resp>
<resp>ScanReplace/NoteRemover[4 Sep 2020] - Removes 14 notes: 1, a, c, k, p, q, v, y, C, K, P, Q, U, V .</resp>
<resp>ScanReplace/Jerusalem[1 Sep 2020] - Places CGJ in Jerusalem VUV words.</resp>
</respStmt>
    </editionStmt>
    <extent>42511</extent>
    <publicationStmt>
      <distributor>Via web site:
        <name>Christopher V. Kimball</name>
        <name type="url">https://www.tanach.us/Tanach.xml</name>
        <name type="email">mail@cvkimball.com</name>
      </distributor>
      <availability status="free">Freely available</availability>
    </publicationStmt>
    <notesStmt>
      <note>The original text file wlc420_ps.txt was provided by the Groves Center. 
The file has the MD5 hash: d31a 6a6e 9afa bf82 272c 2efb 0522 a12e 
and was dated 25 Jan 2016. Six transcription notes (5,7,F) have been moved to the noted character (Lev 11:42.4, Judg 18:30.11, Isa 9.6.1, Ps 80:14.3, Job 38:13.5, Job 38:15.2) to produce the file wlc420_ps_td.txt for conversion to Unicode and XML by the program WLC2XML. The only other changes to the Groves Center text are: The book names in English and Hebrew of the Jewish Publication Society Tanach and book abbreviations from the New Revised Standard Version have been added. </note>
    </notesStmt>
    <sourceDesc>
      <biblItem>
        <title>Hebrew Bible</title>
        <title>Leningrad Codex</title>
        <editor>Shemu'el ben Ya'akov</editor>
        <editor>Aharon ben-Mosheh ben-Asher</editor>
        <edition>Original document</edition>
        <imprint>
          <publisher>Russian National Library (Saltykov-Shchedrin)</publisher>
          <pubPlace>St. Petersburg (Leningrad)</pubPlace>
          <date>1008</date>
        </imprint>
        <idno type="Accession">Firkovich B 19 A</idno>
      </biblItem>
      <biblItem>
        <title>The Leningrad Codex - A Facsimile Edition</title>
        <editor>Freedman, David Noel</editor>
        <editor>Beck, Astrid B.</editor>
        <edition>First</edition>
        <imprint>
          <publisher>Wm. B. Eerdmans Publishing Co.</publisher>
          <pubPlace>Grand Rapids, MI</pubPlace>
          <date>1998</date>
        </imprint>
        <idno type="IBSN">0-8028-3786-7</idno>
      </biblItem>
      <biblItem>
        <title>The Westminster Leningrad Codex</title>
        <editor>Salisbury, Stephen K.</editor>
        <edition>WLC 4.20</edition>
        <imprint>
          <publisher>The J. Alan Groves Center for Advanced Biblical Research ("Groves Center").</publisher>
          <pubPlace>2960 Church Rd.</pubPlace>
          <pubPlace>Glenside, PA 19038</pubPlace>
          <date>25 January 2016</date>
        </imprint>
        <idno type="Unknown"/>
      </biblItem>
    </sourceDesc>
  </fileDesc>
  <encodingDesc>
  </encodingDesc>
  <profileDesc>
    <creation>From the Westminster Leningrad Codex [WLC 4.20], provided by the Groves Center.</creation>
    <date>25 Jan 2016</date>
    <langUsage>
      <language ident="HE">Hebrew</language>
    </langUsage>
  </profileDesc>
</teiHeader>
<tanach>
  <book>
    <names>
      <name>Joel</name>
      <abbrev>Joel</abbrev>
      <number>16</number>
      <filename>Joel</filename>
      <hebrewname>יואל</hebrewname>
    </names>
    <c n="1">
      <v n="1">
        <w>דְּבַר־</w>
        <w>יְהוָה֙</w>
        <w>אֲשֶׁ֣ר</w>
        <w>הָיָ֔ה</w>
        <w>אֶל־</w>
        <w>יוֹאֵ֖ל</w>
        <w>בֶּן־</w>
        <w>פְּתוּאֵֽל׃</w>
      </v>
      <v n="2">
        <w>שִׁמְעוּ־</w>
        <w>זֹאת֙</w>
        <w>הַ/זְּקֵנִ֔ים</w>
        <w>וְ/הַֽאֲזִ֔ינוּ</w>
        <w>כֹּ֖ל</w>
        <w>יוֹשְׁבֵ֣י</w>
        <w>הָ/אָ֑רֶץ</w>
        <w>הֶ/הָ֤יְתָה</w>
        <w>זֹּאת֙</w>
        <w>בִּֽ/ימֵי/כֶ֔ם</w>
        <w>וְ/אִ֖ם</w>
        <w>בִּ/ימֵ֥י</w>
        <w>אֲבֹֽתֵי/כֶֽם׃</w>
      </v>
      <v n="3">
        <w>עָלֶ֖/יהָ</w>
        <w>לִ/בְנֵי/כֶ֣ם</w>
        <w>סַפֵּ֑רוּ</w>
        <w>וּ/בְנֵי/כֶם֙</w>
        <w>לִ/בְנֵי/הֶ֔ם</w>
        <w>וּ/בְנֵי/הֶ֖ם</w>
        <w>לְ/ד֥וֹר</w>
        <w>אַחֵֽר׃</w>
      </v>
      <v n="4">
        <w>יֶ֤תֶר</w>
        <w>הַ/גָּזָם֙</w>
        <w>אָכַ֣ל</w>
        <w>הָֽ/אַרְבֶּ֔ה</w>
        <w>וְ/יֶ֥תֶר</w>
        <w>הָ/אַרְבֶּ֖ה</w>
        <w>אָכַ֣ל</w>
        <w>הַ/יָּ֑לֶק</w>
        <w>וְ/יֶ֣תֶר</w>
        <w>הַ/יֶּ֔לֶק</w>
        <w>אָכַ֖ל</w>
        <w>הֶ/חָסִֽיל׃</w>
      </v>
      <v n="5">
        <w>הָקִ֤יצוּ</w>
        <w>שִׁכּוֹרִים֙</w>
        <w>וּ/בְכ֔וּ</w>
        <w>וְ/הֵילִ֖לוּ</w>
        <w>כָּל־</w>
        <w>שֹׁ֣תֵי</w>
        <w>יָ֑יִן</w>
        <w>עַל־</w>
        <w>עָסִ֕יס</w>
        <w>כִּ֥י</w>
        <w>נִכְרַ֖ת</w>
        <w>מִ/פִּי/כֶֽם׃</w>
      </v>
      <v n="6">
        <w>כִּֽי־</w>
        <w>גוֹי֙</w>
        <w>עָלָ֣ה</w>
        <w>עַל־</w>
        <w>אַרְצִ֔/י</w>
        <w>עָצ֖וּם</w>
        <w>וְ/אֵ֣ין</w>
        <w>מִסְפָּ֑ר</w>
        <w>שִׁנָּי/ו֙</w>
        <w>שִׁנֵּ֣י</w>
        <w>אַרְיֵ֔ה</w>
        <w>וּֽ/מְתַלְּע֥וֹת</w>
        <w>לָבִ֖יא</w>
        <w>לֽ/וֹ׃</w>
      </v>
      <v n="7">
        <w>שָׂ֤ם</w>
        <w>גַּפְנִ/י֙</w>
        <w>לְ/שַׁמָּ֔ה</w>
        <w>וּ/תְאֵנָתִ֖/י</w>
        <w>לִ/קְצָפָ֑ה</w>
        <w>חָשֹׂ֤ף</w>
        <w>חֲשָׂפָ/הּ֙</w>
        <w>וְ/הִשְׁלִ֔יךְ</w>
        <w>הִלְבִּ֖ינוּ</w>
        <w>שָׂרִיגֶֽי/הָ׃</w>
      </v>
      <v n="8">
        <w>אֱלִ֕י</w>
        <w>כִּ/בְתוּלָ֥ה</w>
        <w>חֲגֻֽרַת־</w>
        <w>שַׂ֖ק</w>
        <w>עַל־</w>
        <w>בַּ֥עַל</w>
        <w>נְעוּרֶֽי/הָ׃</w>
      </v>
      <v n="9">
        <w>הָכְרַ֥ת</w>
        <w>מִנְחָ֛ה</w>
        <w>וָ/נֶ֖סֶךְ</w>
        <w>מִ/בֵּ֣ית</w>
        <w>יְהוָ֑ה</w>
        <w>אָֽבְלוּ֙</w>
        <w>הַ/כֹּ֣הֲנִ֔ים</w>
        <w>מְשָׁרְתֵ֖י</w>
        <w>יְהוָֽה׃</w>
      </v>
      <v n="10">
        <w>שֻׁדַּ֣ד</w>
        <w>שָׂדֶ֔ה</w>
        <w>אָבְלָ֖ה</w>
        <w>אֲדָמָ֑ה</w>
        <w>כִּ֚י</w>
        <w>שֻׁדַּ֣ד</w>
        <w>דָּגָ֔ן</w>
        <w>הוֹבִ֥ישׁ</w>
        <w>תִּיר֖וֹשׁ</w>
        <w>אֻמְלַ֥ל</w>
        <w>יִצְהָֽר׃</w>
      </v>
      <v n="11">
        <w>הֹבִ֣ישׁוּ</w>
        <w>אִכָּרִ֗ים</w>
        <w>הֵילִ֙ילוּ֙</w>
        <w>כֹּֽרְמִ֔ים</w>
        <w>עַל־</w>
        <w>חִטָּ֖ה</w>
        <w>וְ/עַל־</w>
        <w>שְׂעֹרָ֑ה</w>
        <w>כִּ֥י</w>
        <w>אָבַ֖ד</w>
        <w>קְצִ֥יר</w>
        <w>שָׂדֶֽה׃</w>
      </v>
      <v n="12">
        <w>הַ/גֶּ֣פֶן</w>
        <w>הוֹבִ֔ישָׁה</w>
        <w>וְ/הַ/תְּאֵנָ֖ה</w>
        <w>אֻמְלָ֑לָה</w>
        <w>רִמּ֞וֹן</w>
        <w>גַּם־</w>
        <w>תָּמָ֣ר</w>
        <w>וְ/תַפּ֗וּחַ</w>
        <w>כָּל־</w>
        <w>עֲצֵ֤י</w>
        <w>הַ/שָּׂדֶה֙</w>
        <w>יָבֵ֔שׁוּ</w>
        <w>כִּֽי־</w>
        <w>הֹבִ֥ישׁ</w>
        <w>שָׂשׂ֖וֹן</w>
        <w>מִן־</w>
        <w>בְּנֵ֥י</w>
        <w>אָדָֽם׃</w>
        <samekh/>
      </v>
      <v n="13">
        <w>חִגְר֨וּ</w>
        <w>וְ/סִפְד֜וּ</w>
        <w>הַ/כֹּהֲנִ֗ים</w>
        <w>הֵילִ֙ילוּ֙</w>
        <w>מְשָׁרְתֵ֣י</w>
        <w>מִזְבֵּ֔חַ</w>
        <w>בֹּ֚אוּ</w>
        <w>לִ֣ינוּ</w>
        <w>בַ/שַּׂקִּ֔ים</w>
        <w>מְשָׁרְתֵ֖י</w>
        <w>אֱלֹהָ֑/י</w>
        <w>כִּ֥י</w>
        <w>נִמְנַ֛ע</w>
        <w>מִ/בֵּ֥ית</w>
        <w>אֱלֹהֵי/כֶ֖ם</w>
        <w>מִנְחָ֥ה</w>
        <w>וָ/נָֽסֶךְ׃</w>
      </v>
      <v n="14">
        <w>קַדְּשׁוּ־</w>
        <w>צוֹם֙</w>
        <w>קִרְא֣וּ</w>
        <w>עֲצָרָ֔ה</w>
        <w>אִסְפ֣וּ</w>
        <w>זְקֵנִ֗ים</w>
        <w>כֹּ֚ל</w>
        <w>יֹשְׁבֵ֣י</w>
        <w>הָ/אָ֔רֶץ</w>
        <w>בֵּ֖ית</w>
        <w>יְהוָ֣ה</w>
        <w>אֱלֹהֵי/כֶ֑ם</w>
        <w>וְ/זַעֲק֖וּ</w>
        <w>אֶל־</w>
        <w>יְהוָֽה׃</w>
      </v>
      <v n="15">
        <w>אֲהָ֖הּ</w>
        <w>לַ/יּ֑וֹם</w>
        <w>כִּ֤י</w>
        <w>קָרוֹב֙</w>
        <w>י֣וֹם</w>
        <w>יְהוָ֔ה</w>
        <w>וּ/כְ/שֹׁ֖ד</w>
        <w>מִ/שַׁדַּ֥י
</w>
        <w>יָבֽוֹא׃</w>
      </v>
      <v n="16">
        <w>הֲ/ל֛וֹא</w>
        <w>נֶ֥גֶד</w>
        <w>עֵינֵ֖י/נוּ</w>
        <w>אֹ֣כֶל</w>
        <w>נִכְרָ֑ת</w>
        <w>מִ/בֵּ֥ית</w>
        <w>אֱלֹהֵ֖י/נוּ</w>
        <w>שִׂמְחָ֥ה</w>
        <w>וָ/גִֽיל׃</w>
      </v>
      <v n="17">
        <w>עָבְשׁ֣וּ</w>
        <w>פְרֻד֗וֹת</w>
        <w>תַּ֚חַת</w>
        <w>מֶגְרְפֹ֣תֵי/הֶ֔ם</w>
        <w>נָשַׁ֙מּוּ֙</w>
        <w>אֹֽצָר֔וֹת</w>
        <w>נֶהֶרְס֖וּ</w>
        <w>מַמְּגֻר֑וֹת</w>
        <w>כִּ֥י</w>
        <w>הֹבִ֖ישׁ</w>
        <w>דָּגָֽן׃</w>
      </v>
      <v n="18">
        <w>מַה־</w>
        <w>נֶּאֶנְחָ֣ה</w>
        <w>בְהֵמָ֗ה</w>
        <w>נָבֹ֙כוּ֙</w>
        <w>עֶדְרֵ֣י</w>
        <w>בָקָ֔ר</w>
        <w>כִּ֛י</w>
        <w>אֵ֥ין</w>
        <w>מִרְעֶ֖ה</w>
        <w>לָ/הֶ֑ם</w>
        <w>גַּם־</w>
        <w>עֶדְרֵ֥י</w>
        <w>הַ/צֹּ֖אן</w>
        <w>נֶאְשָֽׁמוּ׃</w>
      </v>
      <v n="19">
        <w>אֵלֶ֥י/ךָ</w>
        <w>יְהוָ֖ה</w>
        <w>אֶקְרָ֑א</w>
        <w>כִּ֣י</w>
        <w>אֵ֗שׁ</w>
        <w>אָֽכְלָה֙</w>
        <w>נְא֣וֹת</w>
        <w>מִדְבָּ֔ר</w>
        <w>וְ/לֶ֣הָבָ֔ה</w>
        <w>לִהֲטָ֖ה</w>
        <w>כָּל־</w>
        <w>עֲצֵ֥י</w>
        <w>הַ/שָּׂדֶֽה׃</w>
      </v>
      <v n="20">
        <w>גַּם־</w>
        <w>בַּהֲמ֥וֹת</w>
        <w>שָׂדֶ֖ה</w>
        <w>תַּעֲר֣וֹג</w>
        <w>אֵלֶ֑י/ךָ</w>
        <w>כִּ֤י</w>
        <w>יָֽבְשׁוּ֙</w>
        <w>אֲפִ֣יקֵי</w>
        <w>מָ֔יִם</w>
        <w>וְ/אֵ֕שׁ</w>
        <w>אָכְלָ֖ה</w>
        <w>נְא֥וֹת</w>
        <w>הַ/מִּדְבָּֽר׃</w>
        <pe/>
      </v>
      <vs>20</vs>
    </c>
    <c n="2">
      <v n="1">
        <w>תִּקְע֨וּ</w>
        <w>שׁוֹפָ֜ר</w>
        <w>בְּ/צִיּ֗וֹן</w>
        <w>וְ/הָרִ֙יעוּ֙</w>
        <w>בְּ/הַ֣ר</w>
        <w>קָדְשִׁ֔/י</w>
        <w>יִרְגְּז֕וּ</w>
        <w>כֹּ֖ל</w>
        <w>יֹשְׁבֵ֣י</w>
        <w>הָ/אָ֑רֶץ</w>
        <w>כִּֽי־</w>
        <w>בָ֥א</w>
        <w>יוֹם־</w>
        <w>יְהוָ֖ה</w>
        <w>כִּ֥י</w>
        <w>קָרֽוֹב׃</w>
      </v>
      <v n="2">
        <w>י֧וֹם</w>
        <w>חֹ֣שֶׁךְ</w>
        <w>וַ/אֲפֵלָ֗ה</w>
        <w>י֤וֹם</w>
        <w>עָנָן֙</w>
        <w>וַ/עֲרָפֶ֔ל</w>
        <w>כְּ/שַׁ֖חַר</w>
        <w>פָּרֻ֣שׂ</w>
        <w>עַל־</w>
        <w>הֶֽ/הָרִ֑ים</w>
        <w>עַ֚ם</w>
        <w>רַ֣ב</w>
        <w>וְ/עָצ֔וּם</w>
        <w>כָּמֹ֗/הוּ</w>
        <w>לֹ֤א</w>
        <w>נִֽהְיָה֙</w>
        <w>מִן־</w>
        <w>הָ֣/עוֹלָ֔ם</w>
        <w>וְ/אַֽחֲרָי/ו֙</w>
        <w>לֹ֣א</w>
        <w>יוֹסֵ֔ף</w>
        <w>עַד־</w>
        <w>שְׁנֵ֖י</w>
        <w>דּ֥וֹר</w>
        <w>וָ/דֽוֹר׃</w>
      </v>
      <v n="3">
        <w>לְ/פָנָי/ו֙</w>
        <w>אָ֣כְלָה</w>
        <w>אֵ֔שׁ</w>
        <w>וְ/אַחֲרָ֖י/ו</w>
        <w>תְּלַהֵ֣ט</w>
        <w>לֶֽהָבָ֑ה</w>
        <w>כְּ/גַן־</w>
        <w>עֵ֨דֶן</w>
        <w>הָ/אָ֜רֶץ</w>
        <w>לְ/פָנָ֗י/ו</w>
        <w>וְ/אַֽחֲרָי/ו֙</w>
        <w>מִדְבַּ֣ר</w>
        <w>שְׁמָמָ֔ה</w>
        <w>וְ/גַם־</w>
        <w>פְּלֵיטָ֖ה</w>
        <w>לֹא־</w>
        <w>הָ֥יְתָה</w>
        <w>לּֽ/וֹ׃</w>
      </v>
      <v n="4">
        <w>כְּ/מַרְאֵ֥ה</w>
        <w>סוּסִ֖ים</w>
        <w>מַרְאֵ֑/הוּ</w>
        <w>וּ/כְ/פָרָשִׁ֖ים</w>
        <w>כֵּ֥ן</w>
        <w>יְרוּצֽוּ/ן׃</w>
      </v>
      <v n="5">
        <w>כְּ/ק֣וֹל</w>
        <w>מַרְכָּב֗וֹת</w>
        <w>עַל־</w>
        <w>רָאשֵׁ֤י</w>
        <w>הֶֽ/הָרִים֙</w>
        <w>יְרַקֵּד֔וּ/ן</w>
        <w>כְּ/קוֹל֙</w>
        <w>לַ֣הַב</w>
        <w>אֵ֔שׁ</w>
        <w>אֹכְלָ֖ה</w>
        <w>קָ֑שׁ</w>
        <w>כְּ/עַ֣ם</w>
        <w>עָצ֔וּם</w>
        <w>עֱר֖וּךְ</w>
        <w>מִלְחָמָֽה׃</w>
      </v>
      <v n="6">
        <w>מִ/פָּנָ֖י/ו</w>
        <w>יָחִ֣ילוּ</w>
        <w>עַמִּ֑ים</w>
        <w>כָּל־</w>
        <w>פָּנִ֖ים</w>
        <w>קִבְּצ֥וּ</w>
        <w>פָארֽוּר׃</w>
      </v>
      <v n="7">
        <w>כְּ/גִבּוֹרִ֣ים</w>
        <w>יְרֻצ֔וּ/ן</w>
        <w>כְּ/אַנְשֵׁ֥י</w>
        <w>מִלְחָמָ֖ה</w>
        <w>יַעֲל֣וּ</w>
        <w>חוֹמָ֑ה</w>
        <w>וְ/אִ֤ישׁ</w>
        <w>בִּ/דְרָכָי/ו֙</w>
        <w>יֵֽלֵכ֔וּ/ן</w>
        <w>וְ/לֹ֥א</w>
        <w>יְעַבְּט֖וּ/ן</w>
        <w>אֹרְחוֹתָֽ/ם׃</w>
      </v>
      <v n="8">
        <w>וְ/אִ֤ישׁ</w>
        <w>אָחִי/ו֙</w>
        <w>לֹ֣א</w>
        <w>יִדְחָק֔וּ/ן</w>
        <w>גֶּ֥בֶר</w>
        <w>בִּ/מְסִלָּת֖/וֹ</w>
        <w>יֵֽלֵכ֑וּ/ן</w>
        <w>וּ/בְעַ֥ד</w>
        <w>הַ/שֶּׁ֛לַח</w>
        <w>יִפֹּ֖לוּ</w>
        <w>לֹ֥א</w>
        <w>יִבְצָֽעוּ׃</w>
      </v>
      <v n="9">
        <w>בָּ/עִ֣יר</w>
        <w>יָשֹׁ֗קּוּ</w>
        <w>בַּֽ/חוֹמָה֙</w>
        <w>יְרֻצ֔וּ/ן</w>
        <w>בַּ/בָּתִּ֖ים</w>
        <w>יַעֲל֑וּ</w>
        <w>בְּעַ֧ד</w>
        <w>הַ/חַלּוֹנִ֛ים</w>
        <w>יָבֹ֖אוּ</w>
        <w>כַּ/גַּנָּֽב׃</w>
      </v>
      <v n="10">
        <w>לְ/פָנָי/ו֙</w>
        <w>רָ֣גְזָה</w>
        <w>אֶ֔רֶץ</w>
        <w>רָעֲשׁ֖וּ</w>
        <w>שָׁמָ֑יִם</w>
        <w>שֶׁ֤מֶשׁ</w>
        <w>וְ/יָרֵ֙חַ֙</w>
        <w>קָדָ֔רוּ</w>
        <w>וְ/כוֹכָבִ֖ים</w>
        <w>אָסְפ֥וּ</w>
        <w>נָגְהָֽ/ם׃</w>
      </v>
      <v n="11">
        <w>וַֽ/יהוָ֗ה</w>
        <w>נָתַ֤ן</w>
        <w>קוֹל/וֹ֙</w>
        <w>לִ/פְנֵ֣י</w>
        <w>חֵיל֔/וֹ</w>
        <w>כִּ֣י</w>
        <w>רַ֤ב</w>
        <w>מְאֹד֙</w>
        <w>מַחֲנֵ֔/הוּ</w>
        <w>כִּ֥י</w>
        <w>עָצ֖וּם</w>
        <w>עֹשֵׂ֣ה</w>
        <w>דְבָר֑/וֹ</w>
        <w>כִּֽי־</w>
        <w>גָד֧וֹל</w>
        <w>יוֹם־</w>
        <w>יְהוָ֛ה</w>
        <w>וְ/נוֹרָ֥א</w>
        <w>מְאֹ֖ד</w>
        <w>וּ/מִ֥י</w>
        <w>יְכִילֶֽ/נּוּ׃</w>
      </v>
      <v n="12">
        <w>וְ/גַם־</w>
        <w>עַתָּה֙</w>
        <w>נְאֻם־</w>
        <w>יְהוָ֔ה</w>
        <w>שֻׁ֥בוּ</w>
        <w>עָדַ֖/י</w>
        <w>בְּ/כָל־</w>
        <w>לְבַבְ/כֶ֑ם</w>
        <w>וּ/בְ/צ֥וֹם</w>
        <w>וּ/בְ/בְכִ֖י
</w>
        <w>וּ/בְ/מִסְפֵּֽד׃</w>
      </v>
      <v n="13">
        <w>וְ/קִרְע֤וּ</w>
        <w>לְבַבְ/כֶם֙</w>
        <w>וְ/אַל־</w>
        <w>בִּגְדֵי/כֶ֔ם</w>
        <w>וְ/שׁ֖וּבוּ</w>
        <w>אֶל־</w>
        <w>יְהוָ֣ה</w>
        <w>אֱלֹֽהֵי/כֶ֑ם</w>
        <w>כִּֽי־</w>
        <w>חַנּ֤וּן</w>
        <w>וְ/רַחוּם֙</w>
        <w>ה֔וּא</w>
        <w>אֶ֤רֶךְ</w>
        <w>אַפַּ֙יִם֙</w>
        <w>וְ/רַב־</w>
        <w>חֶ֔סֶד</w>
        <w>וְ/נִחָ֖ם</w>
        <w>עַל־</w>
        <w>הָ/רָעָֽה׃</w>
      </v>
      <v n="14">
        <w>מִ֥י</w>
        <w>יוֹדֵ֖עַ</w>
        <w>יָשׁ֣וּב</w>
        <w>וְ/נִחָ֑ם</w>
        <w>וְ/הִשְׁאִ֤יר</w>
        <w>אַֽחֲרָי/ו֙</w>
        <w>בְּרָכָ֔ה</w>
        <w>מִנְחָ֣ה</w>
        <w>וָ/נֶ֔סֶךְ</w>
        <w>לַ/יהוָ֖ה</w>
        <w>אֱלֹהֵי/כֶֽם׃</w>
        <pe/>
      </v>
      <v n="15">
        <w>תִּקְע֥וּ</w>
        <w>שׁוֹפָ֖ר</w>
        <w>בְּ/צִיּ֑וֹן</w>
        <w>קַדְּשׁוּ־</w>
        <w>צ֖וֹם</w>
        <w>קִרְא֥וּ</w>
        <w>עֲצָרָֽה׃</w>
      </v>
      <v n="16">
        <w>אִסְפוּ־</w>
        <w>עָ֞ם</w>
        <w>קַדְּשׁ֤וּ</w>
        <w>קָהָל֙</w>
        <w>קִבְצ֣וּ</w>
        <w>זְקֵנִ֔ים</w>
        <w>אִסְפוּ֙</w>
        <w>עֽוֹלָלִ֔ים</w>
        <w>וְ/יֹנְקֵ֖י</w>
        <w>שָׁדָ֑יִם</w>
        <w>יֵצֵ֤א</w>
        <w>חָתָן֙</w>
        <w>מֵֽ/חֶדְר֔/וֹ</w>
        <w>וְ/כַלָּ֖ה</w>
        <w>מֵ/חֻפָּתָֽ/הּ׃</w>
      </v>
      <v n="17">
        <w>בֵּ֤ין</w>
        <w>הָ/אוּלָם֙</w>
        <w>וְ/לַ/מִּזְבֵּ֔חַ</w>
        <w>יִבְכּוּ֙</w>
        <w>הַ/כֹּ֣הֲנִ֔ים</w>
        <w>מְשָׁרְתֵ֖י</w>
        <w>יְהוָ֑ה</w>
        <w>וְֽ/יֹאמְר֞וּ</w>
        <w>ח֧וּסָ/ה</w>
        <w>יְהוָ֣ה</w>
        <w>עַל־</w>
        <w>עַמֶּ֗/ךָ</w>
        <w>וְ/אַל־</w>
        <w>תִּתֵּ֨ן</w>
        <w>נַחֲלָתְ/ךָ֤</w>
        <w>לְ/חֶרְפָּה֙</w>
        <w>לִ/מְשָׁל־</w>
        <w>בָּ֣/ם</w>
        <w>גּוֹיִ֔ם</w>
        <w>לָ֚/מָּה</w>
        <w>יֹאמְר֣וּ</w>
        <w>בָֽ/עַמִּ֔ים</w>
        <w>אַיֵּ֖ה</w>
        <w>אֱלֹהֵי/הֶֽם׃</w>
      </v>
      <v n="18">
        <w>וַ/יְקַנֵּ֥א</w>
        <w>יְהוָ֖ה</w>
        <w>לְ/אַרְצ֑/וֹ</w>
        <w>וַ/יַּחְמֹ֖ל</w>
        <w>עַל־</w>
        <w>עַמּֽ/וֹ׃</w>
      </v>
      <v n="19">
        <w>וַ/יַּ֨עַן</w>
        <w>יְהוָ֜ה</w>
        <w>וַ/יֹּ֣אמֶר</w>
        <w>לְ/עַמּ֗/וֹ</w>
        <w>הִנְ/נִ֨י</w>
        <w>שֹׁלֵ֤חַ</w>
        <w>לָ/כֶם֙</w>
        <w>אֶת־</w>
        <w>הַ/דָּגָן֙</w>
        <w>וְ/הַ/תִּיר֣וֹשׁ</w>
        <w>וְ/הַ/יִּצְהָ֔ר</w>
        <w>וּ/שְׂבַעְתֶּ֖ם</w>
        <w>אֹת֑/וֹ</w>
        <w>וְ/לֹא־</w>
        <w>אֶתֵּ֨ן</w>
        <w>אֶתְ/כֶ֥ם</w>
        <w>ע֛וֹד</w>
        <w>חֶרְפָּ֖ה</w>
        <w>בַּ/גּוֹיִֽם׃</w>
      </v>
      <v n="20">
        <w>וְֽ/אֶת־</w>
        <w>הַ/צְּפוֹנִ֞י</w>
        <w>אַרְחִ֣יק</w>
        <w>מֵ/עֲלֵי/כֶ֗ם</w>
        <w>וְ/הִדַּחְתִּי/ו֮</w>
        <w>אֶל־</w>
        <w>אֶ֣רֶץ</w>
        <w>צִיָּ֣ה</w>
        <w>וּ/שְׁמָמָה֒</w>
        <w>אֶת־</w>
        <w>פָּנָ֗י/ו</w>
        <w>אֶל־</w>
        <w>הַ/יָּם֙</w>
        <w>הַ/קַּדְמֹנִ֔י</w>
        <w>וְ/סֹפ֖/וֹ</w>
        <w>אֶל־</w>
        <w>הַ/יָּ֣ם</w>
        <w>הָ/אַֽחֲר֑וֹן</w>
        <w>וְ/עָלָ֣ה</w>
        <w>בָאְשׁ֗/וֹ</w>
        <w>וְ/תַ֙עַל֙</w>
        <w>צַחֲנָת֔/וֹ</w>
        <w>כִּ֥י</w>
        <w>הִגְדִּ֖יל</w>
        <w>לַ/עֲשֽׂוֹת׃</w>
      </v>
      <v n="21">
        <w>אַל־</w>
        <w>תִּֽירְאִ֖י</w>
        <w>אֲדָמָ֑ה</w>
        <w>גִּ֣ילִי</w>
        <w>וּ/שְׂמָ֔חִי</w>
        <w>כִּֽי־</w>
        <w>הִגְדִּ֥יל</w>
        <w>יְהוָ֖ה</w>
        <w>לַ/עֲשֽׂוֹת׃</w>
      </v>
      <v n="22">
        <w>אַל־</w>
        <w>תִּֽירְאוּ֙</w>
        <w>בַּהֲמ֣וֹת</w>
        <w>שָׂדַ֔י</w>
        <w>כִּ֥י</w>
        <w>דָשְׁא֖וּ</w>
        <w>נְא֣וֹת</w>
        <w>מִדְבָּ֑ר</w>
        <w>כִּֽי־</w>
        <w>עֵץ֙</w>
        <w>נָשָׂ֣א</w>
        <w>פִרְי֔/וֹ</w>
        <w>תְּאֵנָ֥ה</w>
        <w>וָ/גֶ֖פֶן</w>
        <w>נָתְנ֥וּ</w>
        <w>חֵילָֽ/ם׃</w>
      </v>
      <v n="23">
        <w>וּ/בְנֵ֣י</w>
        <w>צִיּ֗וֹן</w>
        <w>גִּ֤ילוּ</w>
        <w>וְ/שִׂמְחוּ֙</w>
        <w>בַּ/יהוָ֣ה</w>
        <w>אֱלֹֽהֵי/כֶ֔ם</w>
        <w>כִּֽי־</w>
        <w>נָתַ֥ן</w>
        <w>לָ/כֶ֛ם</w>
        <w>אֶת־</w>
        <w>הַ/מּוֹרֶ֖ה</w>
        <w>לִ/צְדָקָ֑ה</w>
        <w>וַ/יּ֣וֹרֶד</w>
        <w>לָ/כֶ֗ם</w>
        <w>גֶּ֛שֶׁם</w>
        <w>מוֹרֶ֥ה</w>
        <w>וּ/מַלְק֖וֹשׁ</w>
        <w>בָּ/רִאשֽׁוֹן׃</w>
      </v>
      <v n="24">
        <w>וּ/מָלְא֥וּ</w>
        <w>הַ/גֳּרָנ֖וֹת</w>
        <w>בָּ֑ר</w>
        <w>וְ/הֵשִׁ֥יקוּ</w>
        <w>הַ/יְקָבִ֖ים</w>
        <w>תִּיר֥וֹשׁ</w>
        <w>וְ/יִצְהָֽר׃</w>
      </v>
      <v n="25">
        <w>וְ/שִׁלַּמְתִּ֤י</w>
        <w>לָ/כֶם֙</w>
        <w>אֶת־</w>
        <w>הַ/שָּׁנִ֔ים</w>
        <w>אֲשֶׁר֙</w>
        <w>אָכַ֣ל</w>
        <w>הָֽ/אַרְבֶּ֔ה</w>
        <w>הַ/יֶּ֖לֶק</w>
        <w>וְ/הֶ/חָסִ֣יל</w>
        <w>וְ/הַ/גָּזָ֑ם</w>
        <w>חֵילִ/י֙</w>
        <w>הַ/גָּד֔וֹל</w>
        <w>אֲשֶׁ֥ר</w>
        <w>שִׁלַּ֖חְתִּי</w>
        <w>בָּ/כֶֽם׃</w>
      </v>
      <v n="26">
        <w>וַ/אֲכַלְתֶּ֤ם</w>
        <w>אָכוֹל֙</w>
        <w>וְ/שָׂב֔וֹעַ</w>
        <w>וְ/הִלַּלְתֶּ֗ם</w>
        <w>אֶת־</w>
        <w>שֵׁ֤ם</w>
        <w>יְהוָה֙</w>
        <w>אֱלֹ֣הֵי/כֶ֔ם</w>
        <w>אֲשֶׁר־</w>
        <w>עָשָׂ֥ה</w>
        <w>עִמָּ/כֶ֖ם</w>
        <w>לְ/הַפְלִ֑יא</w>
        <w>וְ/לֹא־</w>
        <w>יֵבֹ֥שׁוּ</w>
        <w>עַמִּ֖/י</w>
        <w>לְ/עוֹלָֽם׃</w>
      </v>
      <v n="27">
        <w>וִ/ידַעְתֶּ֗ם</w>
        <w>כִּ֣י</w>
        <w>בְ/קֶ֤רֶב</w>
        <w>יִשְׂרָאֵל֙</w>
        <w>אָ֔נִי</w>
        <w>וַ/אֲנִ֛י</w>
        <w>יְהוָ֥ה</w>
        <w>אֱלֹהֵי/כֶ֖ם</w>
        <w>וְ/אֵ֣ין</w>
        <w>ע֑וֹד</w>
        <w>וְ/לֹא־</w>
        <w>יֵבֹ֥שׁוּ</w>
        <w>עַמִּ֖/י</w>
        <w>לְ/עוֹלָֽם׃</w>
        <samekh/>
      </v>
      <vs>27</vs>
    </c>
    <c n="3">
      <v n="1">
        <w>וְ/הָיָ֣ה</w>
        <w>אַֽחֲרֵי־</w>
        <w>כֵ֗ן</w>
        <w>אֶשְׁפּ֤וֹךְ</w>
        <w>אֶת־</w>
        <w>רוּחִ/י֙</w>
        <w>עַל־</w>
        <w>כָּל־</w>
        <w>בָּשָׂ֔ר</w>
        <w>וְ/נִבְּא֖וּ</w>
        <w>בְּנֵי/כֶ֣ם</w>
        <w>וּ/בְנֽוֹתֵי/כֶ֑ם</w>
        <w>זִקְנֵי/כֶם֙</w>
        <w>חֲלֹמ֣וֹת</w>
        <w>יַחֲלֹמ֔וּ/ן</w>
        <w>בַּח֣וּרֵי/כֶ֔ם</w>
        <w>חֶזְיֹנ֖וֹת</w>
        <w>יִרְאֽוּ׃</w>
      </v>
      <v n="2">
        <w>וְ/גַ֥ם</w>
        <w>עַל־</w>
        <w>הָֽ/עֲבָדִ֖ים</w>
        <w>וְ/עַל־</w>
        <w>הַ/שְּׁפָח֑וֹת</w>
        <w>בַּ/יָּמִ֣ים</w>
        <w>הָ/הֵ֔מָּה</w>
        <w>אֶשְׁפּ֖וֹךְ</w>
        <w>אֶת־</w>
        <w>רוּחִֽ/י׃</w>
      </v>
      <v n="3">
        <w>וְ/נָֽתַתִּי֙</w>
        <w>מֽוֹפְתִ֔ים</w>
        <w>בַּ/שָּׁמַ֖יִם</w>
        <w>וּ/בָ/אָ֑רֶץ</w>
        <w>דָּ֣ם</w>
        <w>וָ/אֵ֔שׁ</w>
        <w>וְ/תִֽימֲר֖וֹת</w>
        <w>עָשָֽׁן׃</w>
      </v>
      <v n="4">
        <w>הַ/שֶּׁ֙מֶשׁ֙</w>
        <w>יֵהָפֵ֣ךְ</w>
        <w>לְ/חֹ֔שֶׁךְ</w>
        <w>וְ/הַ/יָּרֵ֖חַ</w>
        <w>לְ/דָ֑ם</w>
        <w>לִ/פְנֵ֗י</w>
        <w>בּ֚וֹא</w>
        <w>י֣וֹם</w>
        <w>יְהוָ֔ה</w>
        <w>הַ/גָּד֖וֹל</w>
        <w>וְ/הַ/נּוֹרָֽא׃</w>
      </v>
      <v n="5">
        <w>וְ/הָיָ֗ה</w>
        <w>כֹּ֧ל</w>
        <w>אֲשֶׁר־</w>
        <w>יִקְרָ֛א</w>
        <w>בְּ/שֵׁ֥ם</w>
        <w>יְהוָ֖ה</w>
        <w>יִמָּלֵ֑ט</w>
        <w>כִּ֠י</w>
        <w>בְּ/הַר־</w>
        <w>צִיּ֨וֹן</w>
        <w>וּ/בִ/ירוּשָׁלִַ֜ם</w>
        <w>תִּֽהְיֶ֣ה</w>
        <w>פְלֵיטָ֗ה</w>
        <w>כַּֽ/אֲשֶׁר֙</w>
        <w>אָמַ֣ר</w>
        <w>יְהוָ֔ה</w>
        <w>וּ/בַ֨/שְּׂרִידִ֔ים</w>
        <w>אֲשֶׁ֥ר</w>
        <w>יְהוָ֖ה</w>
        <w>קֹרֵֽא׃</w>
      </v>
      <vs>5</vs>
    </c>
    <c n="4">
      <v n="1">
        <w>כִּ֗י</w>
        <w>הִנֵּ֛ה</w>
        <w>בַּ/יָּמִ֥ים</w>
        <w>הָ/הֵ֖מָּה</w>
        <w>וּ/בָ/עֵ֣ת</w>
        <w>הַ/הִ֑יא</w>
        <w>אֲשֶׁ֥ר</w>
        <k>אשוב</k>
        <q>אָשִׁ֛יב</q>
        <w>אֶת־</w>
        <w>שְׁב֥וּת</w>
        <w>יְהוּדָ֖ה</w>
        <w>וִ/ירוּשָׁלָֽ͏ִם׃</w>
      </v>
      <v n="2">
        <w>וְ/קִבַּצְתִּי֙</w>
        <w>אֶת־</w>
        <w>כָּל־</w>
        <w>הַ/גּוֹיִ֔ם</w>
        <w>וְ/ה֣וֹרַדְתִּ֔י/ם</w>
        <w>אֶל־</w>
        <w>עֵ֖מֶק</w>
        <w>יְהֽוֹשָׁפָ֑ט</w>
        <w>וְ/נִשְׁפַּטְתִּ֨י</w>
        <w>עִמָּ֜/ם</w>
        <w>שָׁ֗ם</w>
        <w>עַל־</w>
        <w>עַמִּ֨/י</w>
        <w>וְ/נַחֲלָתִ֤/י</w>
        <w>יִשְׂרָאֵל֙</w>
        <w>אֲשֶׁ֣ר</w>
        <w>פִּזְּר֣וּ</w>
        <w>בַ/גּוֹיִ֔ם</w>
        <w>וְ/אֶת־</w>
        <w>אַרְצִ֖/י</w>
        <w>חִלֵּֽקוּ׃</w>
      </v>
      <v n="3">
        <w>וְ/אֶל־</w>
        <w>עַמִּ֖/י</w>
        <w>יַדּ֣וּ</w>
        <w>גוֹרָ֑ל</w>
        <w>וַ/יִּתְּנ֤וּ</w>
        <w>הַ/יֶּ֙לֶד֙</w>
        <w>בַּ/זּוֹנָ֔ה</w>
        <w>וְ/הַ/יַּלְדָּ֛ה</w>
        <w>מָכְר֥וּ</w>
        <w>בַ/יַּ֖יִן</w>
        <w>וַ/יִּשְׁתּֽוּ׃</w>
      </v>
      <v n="4">
        <w>וְ֠/גַם</w>
        <w>מָה־</w>
        <w>אַתֶּ֥ם</w>
        <w>לִ/י֙</w>
        <w>צֹ֣ר</w>
        <w>וְ/צִיד֔וֹן</w>
        <w>וְ/כֹ֖ל</w>
        <w>גְּלִיל֣וֹת</w>
        <w>פְּלָ֑שֶׁת</w>
        <w>הַ/גְּמ֗וּל</w>
        <w>אַתֶּם֙</w>
        <w>מְשַׁלְּמִ֣ים</w>
        <w>עָלָ֔/י</w>
        <w>וְ/אִם־</w>
        <w>גֹּמְלִ֤ים</w>
        <w>אַתֶּם֙</w>
        <w>עָלַ֔/י</w>
        <w>קַ֣ל</w>
        <w>מְהֵרָ֔ה</w>
        <w>אָשִׁ֥יב</w>
        <w>גְּמֻלְ/כֶ֖ם</w>
        <w>בְּ/רֹאשְׁ/כֶֽם׃</w>
      </v>
      <v n="5">
        <w>אֲשֶׁר־</w>
        <w>כַּסְפִּ֥/י</w>
        <w>וּ/זְהָבִ֖/י</w>
        <w>לְקַחְתֶּ֑ם</w>
        <w>וּ/מַֽחֲמַדַּ/י֙</w>
        <w>הַ/טֹּבִ֔ים</w>
        <w>הֲבֵאתֶ֖ם</w>
        <w>לְ/הֵיכְלֵי/כֶֽם׃</w>
      </v>
      <v n="6">
        <w>וּ/בְנֵ֤י</w>
        <w>יְהוּדָה֙</w>
        <w>וּ/בְנֵ֣י</w>
        <w>יְרוּשָׁלִַ֔ם</w>
        <w>מְכַרְתֶּ֖ם</w>
        <w>לִ/בְנֵ֣י</w>
        <w>הַ/יְּוָנִ֑ים</w>
        <w>לְמַ֥עַן</w>
        <w>הַרְחִיקָ֖/ם</w>
        <w>מֵ/עַ֥ל</w>
        <w>גְּבוּלָֽ/ם׃</w>
      </v>
      <v n="7">
        <w>הִנְ/נִ֣י</w>
        <w>מְעִירָ֔/ם</w>
        <w>מִן־</w>
        <w>הַ֨/מָּק֔וֹם</w>
        <w>אֲשֶׁר־</w>
        <w>מְכַרְתֶּ֥ם</w>
        <w>אֹתָ֖/ם</w>
        <w>שָׁ֑מָּ/ה</w>
        <w>וַ/הֲשִׁבֹתִ֥י</w>
        <w>גְמֻלְ/כֶ֖ם</w>
        <w>בְּ/רֹאשְׁ/כֶֽם׃</w>
      </v>
      <v n="8">
        <w>וּ/מָכַרְתִּ֞י</w>
        <w>אֶת־</w>
        <w>בְּנֵי/כֶ֣ם</w>
        <w>וְ/אֶת־</w>
        <w>בְּנֽוֹתֵי/כֶ֗ם</w>
        <w>בְּ/יַד֙</w>
        <w>בְּנֵ֣י</w>
        <w>יְהוּדָ֔ה</w>
        <w>וּ/מְכָר֥וּ/ם</w>
        <w>לִ/שְׁבָאיִ֖ם</w>
        <w>אֶל־</w>
        <w>גּ֣וֹי</w>
        <w>רָח֑וֹק</w>
        <w>כִּ֥י</w>
        <w>יְהוָ֖ה</w>
        <w>דִּבֵּֽר׃</w>
        <samekh/>
      </v>
      <v n="9">
        <w>קִרְאוּ־</w>
        <w>זֹאת֙</w>
        <w>בַּ/גּוֹיִ֔ם</w>
        <w>קַדְּשׁ֖וּ</w>
        <w>מִלְחָמָ֑ה</w>
        <w>הָעִ֙ירוּ֙</w>
        <w>הַ/גִּבּוֹרִ֔ים</w>
        <w>יִגְּשׁ֣וּ</w>
        <w>יַֽעֲל֔וּ</w>
        <w>כֹּ֖ל</w>
        <w>אַנְשֵׁ֥י</w>
        <w>הַ/מִּלְחָמָֽה׃</w>
      </v>
      <v n="10">
        <w>כֹּ֤תּוּ</w>
        <w>אִתֵּי/כֶם֙</w>
        <w>לַֽ/חֲרָב֔וֹת</w>
        <w>וּ/מַזְמְרֹֽתֵי/כֶ֖ם</w>
        <w>לִ/רְמָחִ֑ים</w>
        <w>הַֽ/חַלָּ֔שׁ</w>
        <w>יֹאמַ֖ר</w>
        <w>גִּבּ֥וֹר</w>
        <w>אָֽנִי׃</w>
      </v>
      <v n="11">
        <w>ע֣וּשׁוּ</w>
        <w>וָ/בֹ֧אוּ</w>
        <w>כָֽל־</w>
        <w>הַ/גּוֹיִ֛ם</w>
        <w>מִ/סָּבִ֖יב</w>
        <w>וְ/נִקְבָּ֑צוּ</w>
        <w>שָׁ֕מָּ/ה</w>
        <w>הַֽנְחַ֥ת</w>
        <w>יְהוָ֖ה</w>
        <w>גִּבּוֹרֶֽי/ךָ׃</w>
      </v>
      <v n="12">
        <w>יֵע֙וֹרוּ֙</w>
        <w>וְ/יַעֲל֣וּ</w>
        <w>הַ/גּוֹיִ֔ם</w>
        <w>אֶל־</w>
        <w>עֵ֖מֶק</w>
        <w>יְהֽוֹשָׁפָ֑ט</w>
        <w>כִּ֣י</w>
        <w>שָׁ֗ם</w>
        <w>אֵשֵׁ֛ב</w>
        <w>לִ/שְׁפֹּ֥ט</w>
        <w>אֶת־</w>
        <w>כָּל־</w>
        <w>הַ/גּוֹיִ֖ם</w>
        <w>מִ/סָּבִֽיב׃</w>
      </v>
      <v n="13">
        <w>שִׁלְח֣וּ</w>
        <w>מַגָּ֔ל</w>
        <w>כִּ֥י</w>
        <w>בָשַׁ֖ל</w>
        <w>קָצִ֑יר</w>
        <w>בֹּ֤אֽוּ</w>
        <w>רְדוּ֙</w>
        <w>כִּֽי־</w>
        <w>מָ֣לְאָה</w>
        <w>גַּ֔ת</w>
        <w>הֵשִׁ֙יקוּ֙</w>
        <w>הַ/יְקָבִ֔ים</w>
        <w>כִּ֥י</w>
        <w>רַבָּ֖ה</w>
        <w>רָעָתָֽ/ם׃</w>
      </v>
      <v n="14">
        <w>הֲמוֹנִ֣ים</w>
        <w>הֲמוֹנִ֔ים</w>
        <w>בְּ/עֵ֖מֶק</w>
        <w>הֶֽ/חָר֑וּץ</w>
        <w>כִּ֤י</w>
        <w>קָרוֹב֙</w>
        <w>י֣וֹם</w>
        <w>יְהוָ֔ה</w>
        <w>בְּ/עֵ֖מֶק</w>
        <w>הֶ/חָרֽוּץ׃</w>
      </v>
      <v n="15">
        <w>שֶׁ֥מֶשׁ</w>
        <w>וְ/יָרֵ֖חַ</w>
        <w>קָדָ֑רוּ</w>
        <w>וְ/כוֹכָבִ֖ים</w>
        <w>אָסְפ֥וּ</w>
        <w>נָגְהָֽ/ם׃</w>
      </v>
      <v n="16">
        <w>וַ/יהוָ֞ה</w>
        <w>מִ/צִּיּ֣וֹן</w>
        <w>יִשְׁאָ֗ג</w>
        <w>וּ/מִ/ירוּשָׁלִַ֙ם֙</w>
        <w>יִתֵּ֣ן</w>
        <w>קוֹל֔/וֹ</w>
        <w>וְ/רָעֲשׁ֖וּ</w>
        <w>שָׁמַ֣יִם</w>
        <w>וָ/אָ֑רֶץ</w>
        <w>וַֽ/יהוָה֙</w>
        <w>מַֽחֲסֶ֣ה</w>
        <w>לְ/עַמּ֔/וֹ</w>
        <w>וּ/מָע֖וֹז</w>
        <w>לִ/בְנֵ֥י</w>
        <w>יִשְׂרָאֵֽל׃</w>
      </v>
      <v n="17">
        <w>וִֽ/ידַעְתֶּ֗ם</w>
        <w>כִּ֣י</w>
        <w>אֲנִ֤י</w>
        <w>יְהוָה֙</w>
        <w>אֱלֹ֣הֵי/כֶ֔ם</w>
        <w>שֹׁכֵ֖ן</w>
        <w>בְּ/צִיּ֣וֹן</w>
        <w>הַר־</w>
        <w>קָדְשִׁ֑/י</w>
        <w>וְ/הָיְתָ֤ה</w>
        <w>יְרוּשָׁלִַ֙ם֙</w>
        <w>קֹ֔דֶשׁ</w>
        <w>וְ/זָרִ֥ים</w>
        <w>לֹא־</w>
        <w>יַֽעַבְרוּ־</w>
        <w>בָ֖/הּ</w>
        <w>עֽוֹד׃</w>
        <samekh/>
      </v>
      <v n="18">
        <w>וְ/הָיָה֩</w>
        <w>בַ/יּ֨וֹם</w>
        <w>הַ/ה֜וּא</w>
        <w>יִטְּפ֧וּ</w>
        <w>הֶ/הָרִ֣ים</w>
        <w>עָסִ֗יס</w>
        <w>וְ/הַ/גְּבָעוֹת֙</w>
        <w>תֵּלַ֣כְנָה</w>
        <w>חָלָ֔ב</w>
        <w>וְ/כָל־</w>
        <w>אֲפִיקֵ֥י</w>
        <w>יְהוּדָ֖ה</w>
        <w>יֵ֣לְכוּ</w>
        <w>מָ֑יִם</w>
        <w>וּ/מַעְיָ֗ן</w>
        <w>מִ/בֵּ֤ית</w>
        <w>יְהוָה֙</w>
        <w>יֵצֵ֔א</w>
        <w>וְ/הִשְׁקָ֖ה</w>
        <w>אֶת־</w>
        <w>נַ֥חַל</w>
        <w>הַ/שִּׁטִּֽים׃</w>
      </v>
      <v n="19">
        <w>מִצְרַ֙יִם֙</w>
        <w>לִ/שְׁמָמָ֣ה</w>
        <w>תִֽהְיֶ֔ה</w>
        <w>וֶ/אֱד֕וֹם</w>
        <w>לְ/מִדְבַּ֥ר</w>
        <w>שְׁמָמָ֖ה</w>
        <w>תִּֽהְיֶ֑ה</w>
        <w>מֵֽ/חֲמַס֙</w>
        <w>בְּנֵ֣י</w>
        <w>יְהוּדָ֔ה</w>
        <w>אֲשֶׁר־</w>
        <w>שָׁפְכ֥וּ</w>
        <w>דָם־</w>
        <w>נָקִ֖יא</w>
        <w>בְּ/אַרְצָֽ/ם׃</w>
      </v>
      <v n="20">
        <w>וִ/יהוּדָ֖ה</w>
        <w>לְ/עוֹלָ֣ם</w>
        <w>תֵּשֵׁ֑ב</w>
        <w>וִ/ירוּשָׁלַ֖͏ִם</w>
        <w>לְ/ד֥וֹר</w>
        <w>וָ/דֽוֹר׃</w>
      </v>
      <v n="21">
        <w>וְ/נִקֵּ֖יתִי</w>
        <w>דָּמָ֣/ם</w>
        <w>לֹֽא־</w>
        <w>נִקֵּ֑יתִי</w>
        <w>וַֽ/יהוָ֖ה</w>
        <w>שֹׁכֵ֥ן</w>
        <w>בְּ/צִיּֽוֹן׃</w>
      </v>
      <vs>21</vs>
    </c>
    <vs>73</vs>
    <cs>4</cs>
  </book>
</tanach>
<notes>
  <note>
    <code>1</code>
    <gccode>1</gccode>
    <note>BHS has been faithful to the Leningrad Codex where there might be a question of the validity of the form and we keep the same form as BHS. </note>
  </note>
  <note>
    <code>2</code>
    <gccode>4</gccode>
    <note>Puncta extraordinaria -- a \u05c4 is used to mark such marks in the text when they are above the line and a \u05c5 when they are below the line. </note>
  </note>
  <note>
    <code>3</code>
    <gccode>5</gccode>
    <note>Large letter(s). Shown as large letters without a superscript note number. </note>
  </note>
  <note>
    <code>4</code>
    <gccode>6</gccode>
    <note>Small letter(s). Shown as small letters without a superscript note number. </note>
  </note>
  <note>
    <code>5</code>
    <gccode>7</gccode>
    <note>Suspended letter(s). Shown as suspended letters without a superscript note number. </note>
  </note>
  <note>
    <code>6</code>
    <gccode>8</gccode>
    <note>Inverted nun in the text. Shown without a superscript note number.</note>
  </note>
  <note>
    <code>7</code>
    <gccode>a</gccode>
    <note>Adaptations to a Qere which L and BHS, by their design, do not indicate. </note>
  </note>
  <note>
    <code>8</code>
    <gccode>c</gccode>
    <note>We read one or more accents in L differently than BHS. Often this notation indicates a typographical error in BHS. </note>
  </note>
  <note>
    <code>9</code>
    <gccode>k</gccode>
    <note>We read one or more consonants in L differently from BHS. </note>
  </note>
  <note>
    <code>10</code>
    <gccode>n</gccode>
    <note>Marks an anomalous form. </note>
  </note>
  <note>
    <code>11</code>
    <gccode>p</gccode>
    <note>We read punctuation in L differently from BHS. </note>
  </note>
  <note>
    <code>12</code>
    <gccode>q</gccode>
    <note>We have abandoned or added a ketib/qere relative to BHS. In doing this we agree with L against BHS. </note>
  </note>
  <note>
    <code>13</code>
    <gccode>v</gccode>
    <note>We read one or more vowels in L differently from BHS. </note>
  </note>
  <note>
    <code>14</code>
    <gccode>y</gccode>
    <note>Yathir readings in L which we have designated as Qeres when both Dothan and BHS list a Qere. </note>
  </note>
  <note>
    <code>15</code>
    <gccode>C</gccode>
    <note>We read one or more accents in L differently from BHQ. </note>
  </note>
  <note>
    <code>16</code>
    <gccode>F</gccode>
    <note>Marks a consonant with an anomalous final form that is word-medial.</note>
  </note>
  <note>
    <code>17</code>
    <gccode>K</gccode>
    <note>We read one or more consonants in L differently from BHQ. </note>
  </note>
  <note>
    <code>18</code>
    <gccode>M</gccode>
    <note>Marks a word with a final consonant that is a medial (not a final) form. </note>
  </note>
  <note>
    <code>19</code>
    <gccode>P</gccode>
    <note>We read the punctuation in L differently from BHQ. </note>
  </note>
  <note>
    <code>20</code>
    <gccode>Q</gccode>
    <note>Marks a place where we agree with BHQ against BHS in reading L. </note>
  </note>
  <note>
    <code>21</code>
    <gccode>U</gccode>
    <note>We agree with both BHS 1997 and BHQ on an unexpected reading. </note>
  </note>
  <note>
    <code>22</code>
    <gccode>V</gccode>
    <note>We read one or more vowels in L differently from BHQ. </note>
  </note>
  <note>
    <code>X</code>
    <gccode>X</gccode>
    <note>This verse does NOT occur in the Leningrad Codex. </note>
  </note>
</notes>
</Tanach>
