<?xml version="1.0" encoding="UTF-8" standalone="no"?>
<!-- Copyright C.V.Kimball 2013 --><Tanach xmlns:xsi="http://www.w3.org/2001/XMLSchema-instance" xsi:noNamespaceSchemaLocation="../XSL/Tanach.xsd">
<teiHeader>
  <fileDesc>
    <titleStmt>
      <title level="s" type="uniform">Tanach</title>
      <title level="s" type="uniformhebrew">תנ״ך</title>
      <title level="s" type="main">Unicode/XML Leningrad Codex</title>
      <title level="a" type="main">Ruth</title>
      <title level="a" type="mainhebrew">רות</title>
      <title level="a" type="filename">Ruth</title>
      <editor>Shemu'el ben Ya'akov</editor>
      <editor>Aharon ben-Mosheh ben-Asher</editor>
      <respStmt>
        <resp>Publisher:</resp>
        <name>Christopher V. Kimball</name>
        <name type="email">mail@cvkimball.com</name>
      </respStmt>
    </titleStmt>
    <editionStmt>
      <edition>Unicode/XML Leningrad Codex (UXLC)
        <version>UXLC 1.1</version>
        <date>19 Oct 2020</date>
        <build>26.1</build>
        <buildDateTime>06 Oct 2020  10:00</buildDateTime>
      </edition>
<respStmt>
<resp>WLC2XML[28 Aug 2020] - Transcription from Michigan-Claremont encoding to Unicode with XML markings. See details in notes.</resp>
<resp>Updater[27 Sep 2020] - Changes.xml file dated 2020.02.19 . </resp>
<resp>Updater[27 Sep 2020] - Changes.xml file dated 2020.10.19 . </resp>
<resp>ScanReplace/NoteRemover[4 Sep 2020] - Removes 14 notes: 1, a, c, k, p, q, v, y, C, K, P, Q, U, V .</resp>
<resp>ScanReplace/Jerusalem[1 Sep 2020] - Places CGJ in Jerusalem VUV words.</resp>
</respStmt>
    </editionStmt>
    <extent>53933</extent>
    <publicationStmt>
      <distributor>Via web site:
        <name>Christopher V. Kimball</name>
        <name type="url">https://www.tanach.us/Tanach.xml</name>
        <name type="email">mail@cvkimball.com</name>
      </distributor>
      <availability status="free">Freely available</availability>
    </publicationStmt>
    <notesStmt>
      <note>The original text file wlc420_ps.txt was provided by the Groves Center. 
The file has the MD5 hash: d31a 6a6e 9afa bf82 272c 2efb 0522 a12e 
and was dated 25 Jan 2016. Six transcription notes (5,7,F) have been moved to the noted character (Lev 11:42.4, Judg 18:30.11, Isa 9.6.1, Ps 80:14.3, Job 38:13.5, Job 38:15.2) to produce the file wlc420_ps_td.txt for conversion to Unicode and XML by the program WLC2XML. The only other changes to the Groves Center text are: The book names in English and Hebrew of the Jewish Publication Society Tanach and book abbreviations from the New Revised Standard Version have been added. </note>
    </notesStmt>
    <sourceDesc>
      <biblItem>
        <title>Hebrew Bible</title>
        <title>Leningrad Codex</title>
        <editor>Shemu'el ben Ya'akov</editor>
        <editor>Aharon ben-Mosheh ben-Asher</editor>
        <edition>Original document</edition>
        <imprint>
          <publisher>Russian National Library (Saltykov-Shchedrin)</publisher>
          <pubPlace>St. Petersburg (Leningrad)</pubPlace>
          <date>1008</date>
        </imprint>
        <idno type="Accession">Firkovich B 19 A</idno>
      </biblItem>
      <biblItem>
        <title>The Leningrad Codex - A Facsimile Edition</title>
        <editor>Freedman, David Noel</editor>
        <editor>Beck, Astrid B.</editor>
        <edition>First</edition>
        <imprint>
          <publisher>Wm. B. Eerdmans Publishing Co.</publisher>
          <pubPlace>Grand Rapids, MI</pubPlace>
          <date>1998</date>
        </imprint>
        <idno type="IBSN">0-8028-3786-7</idno>
      </biblItem>
      <biblItem>
        <title>The Westminster Leningrad Codex</title>
        <editor>Salisbury, Stephen K.</editor>
        <edition>WLC 4.20</edition>
        <imprint>
          <publisher>The J. Alan Groves Center for Advanced Biblical Research ("Groves Center").</publisher>
          <pubPlace>2960 Church Rd.</pubPlace>
          <pubPlace>Glenside, PA 19038</pubPlace>
          <date>25 January 2016</date>
        </imprint>
        <idno type="Unknown"/>
      </biblItem>
    </sourceDesc>
  </fileDesc>
  <encodingDesc>
  </encodingDesc>
  <profileDesc>
    <creation>From the Westminster Leningrad Codex [WLC 4.20], provided by the Groves Center.</creation>
    <date>25 Jan 2016</date>
    <langUsage>
      <language ident="HE">Hebrew</language>
    </langUsage>
  </profileDesc>
</teiHeader>
<tanach>
  <book>
    <names>
      <name>Ruth</name>
      <abbrev>Ruth</abbrev>
      <number>31</number>
      <filename>Ruth</filename>
      <hebrewname>רות</hebrewname>
    </names>
    <c n="1">
      <v n="1">
        <w>וַ/יְהִ֗י</w>
        <w>בִּ/ימֵי֙</w>
        <w>שְׁפֹ֣ט</w>
        <w>הַ/שֹּׁפְטִ֔ים</w>
        <w>וַ/יְהִ֥י</w>
        <w>רָעָ֖ב</w>
        <w>בָּ/אָ֑רֶץ</w>
        <w>וַ/יֵּ֨לֶךְ</w>
        <w>אִ֜ישׁ</w>
        <w>מִ/בֵּ֧ית</w>
        <w>לֶ֣חֶם</w>
        <w>יְהוּדָ֗ה</w>
        <w>לָ/גוּר֙</w>
        <w>בִּ/שְׂדֵ֣י</w>
        <w>מוֹאָ֔ב</w>
        <w>ה֥וּא</w>
        <w>וְ/אִשְׁתּ֖/וֹ</w>
        <w>וּ/שְׁנֵ֥י</w>
        <w>בָנָֽי/ו׃</w>
      </v>
      <v n="2">
        <w>וְ/שֵׁ֣ם</w>
        <w>הָ/אִ֣ישׁ</w>
        <w>אֱ‍ֽלִימֶ֡לֶךְ</w>
        <w>וְ/שֵׁם֩</w>
        <w>אִשְׁתּ֨/וֹ</w>
        <w>נָעֳמִ֜י</w>
        <w>וְ/שֵׁ֥ם</w>
        <w>שְׁנֵֽי־</w>
        <w>בָנָ֣י/ו ׀</w>
        <w>מַחְל֤וֹן</w>
        <w>וְ/כִלְיוֹן֙</w>
        <w>אֶפְרָתִ֔ים</w>
        <w>מִ/בֵּ֥ית</w>
        <w>לֶ֖חֶם</w>
        <w>יְהוּדָ֑ה</w>
        <w>וַ/יָּבֹ֥אוּ</w>
        <w>שְׂדֵי־</w>
        <w>מוֹאָ֖ב</w>
        <w>וַ/יִּֽהְיוּ־</w>
        <w>שָֽׁם׃</w>
      </v>
      <v n="3">
        <w>וַ/יָּ֥מָת</w>
        <w>אֱלִימֶ֖לֶךְ</w>
        <w>אִ֣ישׁ</w>
        <w>נָעֳמִ֑י</w>
        <w>וַ/תִּשָּׁאֵ֥ר</w>
        <w>הִ֖יא</w>
        <w>וּ/שְׁנֵ֥י</w>
        <w>בָנֶֽי/הָ׃</w>
      </v>
      <v n="4">
        <w>וַ/יִּשְׂא֣וּ</w>
        <w>לָ/הֶ֗ם</w>
        <w>נָשִׁים֙</w>
        <w>מֹֽאֲבִיּ֔וֹת</w>
        <w>שֵׁ֤ם</w>
        <w>הָֽ/אַחַת֙</w>
        <w>עָרְפָּ֔ה</w>
        <w>וְ/שֵׁ֥ם</w>
        <w>הַ/שֵּׁנִ֖ית</w>
        <w>ר֑וּת</w>
        <w>וַ/יֵּ֥שְׁבוּ</w>
        <w>שָׁ֖ם</w>
        <w>כְּ/עֶ֥שֶׂר</w>
        <w>שָׁנִֽים׃</w>
      </v>
      <v n="5">
        <w>וַ/יָּמ֥וּתוּ</w>
        <w>גַם־</w>
        <w>שְׁנֵי/הֶ֖ם</w>
        <w>מַחְל֣וֹן</w>
        <w>וְ/כִלְי֑וֹן</w>
        <w>וַ/תִּשָּׁאֵר֙</w>
        <w>הָֽ/אִשָּׁ֔ה</w>
        <w>מִ/שְּׁנֵ֥י</w>
        <w>יְלָדֶ֖י/הָ</w>
        <w>וּ/מֵ/אִישָֽׁ/הּ׃</w>
      </v>
      <v n="6">
        <w>וַ/תָּ֤קָם</w>
        <w>הִיא֙</w>
        <w>וְ/כַלֹּתֶ֔י/הָ</w>
        <w>וַ/תָּ֖שָׁב</w>
        <w>מִ/שְּׂדֵ֣י</w>
        <w>מוֹאָ֑ב</w>
        <w>כִּ֤י</w>
        <w>שָֽׁמְעָה֙</w>
        <w>בִּ/שְׂדֵ֣ה</w>
        <w>מוֹאָ֔ב</w>
        <w>כִּֽי־</w>
        <w>פָקַ֤ד</w>
        <w>יְהוָה֙</w>
        <w>אֶת־</w>
        <w>עַמּ֔/וֹ</w>
        <w>לָ/תֵ֥ת</w>
        <w>לָ/הֶ֖ם</w>
        <w>לָֽחֶם׃</w>
      </v>
      <v n="7">
        <w>וַ/תֵּצֵ֗א</w>
        <w>מִן־</w>
        <w>הַ/מָּקוֹם֙</w>
        <w>אֲשֶׁ֣ר</w>
        <w>הָיְתָה־</w>
        <w>שָׁ֔מָּ/ה</w>
        <w>וּ/שְׁתֵּ֥י</w>
        <w>כַלֹּתֶ֖י/הָ</w>
        <w>עִמָּ֑/הּ</w>
        <w>וַ/תֵּלַ֣כְנָה</w>
        <w>בַ/דֶּ֔רֶךְ</w>
        <w>לָ/שׁ֖וּב</w>
        <w>אֶל־</w>
        <w>אֶ֥רֶץ</w>
        <w>יְהוּדָֽה׃</w>
      </v>
      <v n="8">
        <w>וַ/תֹּ֤אמֶר</w>
        <w>נָעֳמִי֙</w>
        <w>לִ/שְׁתֵּ֣י</w>
        <w>כַלֹּתֶ֔י/הָ</w>
        <w>לֵ֣כְנָה</w>
        <w>שֹּׁ֔בְנָה</w>
        <w>אִשָּׁ֖ה</w>
        <w>לְ/בֵ֣ית</w>
        <w>אִמָּ֑/הּ</w>
        <k>יעשה</k>
        <q>יַ֣עַשׂ</q>
        <w>יְהוָ֤ה</w>
        <w>עִמָּ/כֶם֙</w>
        <w>חֶ֔סֶד</w>
        <w>כַּ/אֲשֶׁ֧ר</w>
        <w>עֲשִׂיתֶ֛ם</w>
        <w>עִם־</w>
        <w>הַ/מֵּתִ֖ים</w>
        <w>וְ/עִמָּדִֽ/י׃</w>
      </v>
      <v n="9">
        <w>יִתֵּ֤ן</w>
        <w>יְהוָה֙</w>
        <w>לָ/כֶ֔ם</w>
        <w>וּ/מְצֶ֣אןָ</w>
        <w>מְנוּחָ֔ה</w>
        <w>אִשָּׁ֖ה</w>
        <w>בֵּ֣ית</w>
        <w>אִישָׁ֑/הּ</w>
        <w>וַ/תִּשַּׁ֣ק</w>
        <w>לָ/הֶ֔ן</w>
        <w>וַ/תִּשֶּׂ֥אנָה</w>
        <w>קוֹלָ֖/ן</w>
        <w>וַ/תִּבְכֶּֽינָה׃</w>
      </v>
      <v n="10">
        <w>וַ/תֹּאמַ֖רְנָה־</w>
        <w>לָּ֑/הּ</w>
        <w>כִּי־</w>
        <w>אִתָּ֥/ךְ</w>
        <w>נָשׁ֖וּב</w>
        <w>לְ/עַמֵּֽ/ךְ׃</w>
      </v>
      <v n="11">
        <w>וַ/תֹּ֤אמֶר</w>
        <w>נָעֳמִי֙</w>
        <w>שֹׁ֣בְנָה</w>
        <w>בְנֹתַ֔/י</w>
        <w>לָ֥/מָּה</w>
        <w>תֵלַ֖כְנָה</w>
        <w>עִמִּ֑/י</w>
        <w>הַֽ/עֽוֹד־</w>
        <w>לִ֤/י</w>
        <w>בָנִים֙</w>
        <w>בְּֽ/מֵעַ֔/י</w>
        <w>וְ/הָי֥וּ</w>
        <w>לָ/כֶ֖ם</w>
        <w>לַ/אֲנָשִֽׁים׃</w>
      </v>
      <v n="12">
        <w>שֹׁ֤בְנָה</w>
        <w>בְנֹתַ/י֙</w>
        <w>לֵ֔כְןָ</w>
        <w>כִּ֥י</w>
        <w>זָקַ֖נְתִּי</w>
        <w>מִ/הְי֣וֹת</w>
        <w>לְ/אִ֑ישׁ</w>
        <w>כִּ֤י</w>
        <w>אָמַ֙רְתִּי֙</w>
        <w>יֶשׁ־</w>
        <w>לִ֣/י</w>
        <w>תִקְוָ֔ה</w>
        <w>גַּ֣ם</w>
        <w>הָיִ֤יתִי</w>
        <w>הַ/לַּ֙יְלָה֙</w>
        <w>לְ/אִ֔ישׁ</w>
        <w>וְ/גַ֖ם</w>
        <w>יָלַ֥דְתִּי</w>
        <w>בָנִֽים׃</w>
      </v>
      <v n="13">
        <w>הֲ/לָהֵ֣ן ׀</w>
        <w>תְּשַׂבֵּ֗רְנָה</w>
        <w>עַ֚ד</w>
        <w>אֲשֶׁ֣ר</w>
        <w>יִגְדָּ֔לוּ</w>
        <w>הֲ/לָהֵן֙</w>
        <w>תֵּֽעָגֵ֔נָה</w>
        <w>לְ/בִלְתִּ֖י</w>
        <w>הֱי֣וֹת</w>
        <w>לְ/אִ֑ישׁ</w>
        <w>אַ֣ל</w>
        <w>בְּנֹתַ֗/י</w>
        <w>כִּֽי־</w>
        <w>מַר־</w>
        <w>לִ֤/י</w>
        <w>מְאֹד֙</w>
        <w>מִ/כֶּ֔ם</w>
        <w>כִּֽי־</w>
        <w>יָצְאָ֥ה</w>
        <w>בִ֖/י</w>
        <w>יַד־</w>
        <w>יְהוָֽה׃</w>
      </v>
      <v n="14">
        <w>וַ/תִּשֶּׂ֣נָה</w>
        <w>קוֹלָ֔/ן</w>
        <w>וַ/תִּבְכֶּ֖ינָה</w>
        <w>ע֑וֹד</w>
        <w>וַ/תִּשַּׁ֤ק</w>
        <w>עָרְפָּה֙</w>
        <w>לַ/חֲמוֹתָ֔/הּ</w>
        <w>וְ/ר֖וּת</w>
        <w>דָּ֥בְקָה</w>
        <w>בָּֽ/הּ׃</w>
      </v>
      <v n="15">
        <w>וַ/תֹּ֗אמֶר</w>
        <w>הִנֵּה֙</w>
        <w>שָׁ֣בָה</w>
        <w>יְבִמְתֵּ֔/ךְ</w>
        <w>אֶל־</w>
        <w>עַמָּ֖/הּ</w>
        <w>וְ/אֶל־</w>
        <w>אֱלֹהֶ֑י/הָ</w>
        <w>שׁ֖וּבִי</w>
        <w>אַחֲרֵ֥י</w>
        <w>יְבִמְתֵּֽ/ךְ׃</w>
      </v>
      <v n="16">
        <w>וַ/תֹּ֤אמֶר</w>
        <w>רוּת֙</w>
        <w>אַל־</w>
        <w>תִּפְגְּעִי־</w>
        <w>בִ֔/י</w>
        <w>לְ/עָזְבֵ֖/ךְ</w>
        <w>לָ/שׁ֣וּב</w>
        <w>מֵ/אַחֲרָ֑יִ/ךְ</w>
        <w>כִּ֠י</w>
        <w>אֶל־</w>
        <w>אֲשֶׁ֨ר</w>
        <w>תֵּלְכִ֜י</w>
        <w>אֵלֵ֗ךְ</w>
        <w>וּ/בַ/אֲשֶׁ֤ר</w>
        <w>תָּלִ֙ינִי֙</w>
        <w>אָלִ֔ין</w>
        <w>עַמֵּ֣/ךְ</w>
        <w>עַמִּ֔/י</w>
        <w>וֵ/אלֹהַ֖יִ/ךְ</w>
        <w>אֱלֹהָֽ/י׃</w>
      </v>
      <v n="17">
        <w>בַּ/אֲשֶׁ֤ר</w>
        <w>תָּמ֙וּתִי֙</w>
        <w>אָמ֔וּת</w>
        <w>וְ/שָׁ֖ם</w>
        <w>אֶקָּבֵ֑ר</w>
        <w>כֹּה֩</w>
        <w>יַעֲשֶׂ֨ה</w>
        <w>יְהוָ֥ה</w>
        <w>לִ/י֙</w>
        <w>וְ/כֹ֣ה</w>
        <w>יֹסִ֔יף</w>
        <w>כִּ֣י</w>
        <w>הַ/מָּ֔וֶת</w>
        <w>יַפְרִ֖יד</w>
        <w>בֵּינִ֥/י</w>
        <w>וּ/בֵינֵֽ/ךְ׃</w>
      </v>
      <v n="18">
        <w>וַ/תֵּ֕רֶא</w>
        <w>כִּֽי־</w>
        <w>מִתְאַמֶּ֥צֶת</w>
        <w>הִ֖יא</w>
        <w>לָ/לֶ֣כֶת</w>
        <w>אִתָּ֑/הּ</w>
        <w>וַ/תֶּחְדַּ֖ל</w>
        <w>לְ/דַבֵּ֥ר</w>
        <w>אֵלֶֽי/הָ׃</w>
      </v>
      <v n="19">
        <w>וַ/תֵּלַ֣כְנָה</w>
        <w>שְׁתֵּי/הֶ֔ם</w>
        <w>עַד־</w>
        <w>בֹּאָ֖/נָה</w>
        <w>בֵּ֣ית</w>
        <w>לָ֑חֶם</w>
        <w>וַ/יְהִ֗י</w>
        <w>כְּ/בֹאָ֙/נָה֙</w>
        <w>בֵּ֣ית</w>
        <w>לֶ֔חֶם</w>
        <w>וַ/תֵּהֹ֤ם</w>
        <w>כָּל־</w>
        <w>הָ/עִיר֙</w>
        <w>עֲלֵי/הֶ֔ן</w>
        <w>וַ/תֹּאמַ֖רְנָה</w>
        <w>הֲ/זֹ֥את</w>
        <w>נָעֳמִֽי׃</w>
      </v>
      <v n="20">
        <w>וַ/תֹּ֣אמֶר</w>
        <w>אֲלֵי/הֶ֔ן</w>
        <w>אַל־</w>
        <w>תִּקְרֶ֥אנָה</w>
        <w>לִ֖/י</w>
        <w>נָעֳמִ֑י</w>
        <w>קְרֶ֤אןָ</w>
        <w>לִ/י֙</w>
        <w>מָרָ֔א</w>
        <w>כִּי־</w>
        <w>הֵמַ֥ר</w>
        <w>שַׁדַּ֛י</w>
        <w>לִ֖/י</w>
        <w>מְאֹֽד׃</w>
      </v>
      <v n="21">
        <w>אֲנִי֙</w>
        <w>מְלֵאָ֣ה</w>
        <w>הָלַ֔כְתִּי</w>
        <w>וְ/רֵיקָ֖ם</w>
        <w>הֱשִׁיבַ֣/נִי</w>
        <w>יְהוָ֑ה</w>
        <w>לָ֣/מָּה</w>
        <w>תִקְרֶ֤אנָה</w>
        <w>לִ/י֙</w>
        <w>נָעֳמִ֔י</w>
        <w>וַֽ/יהוָה֙</w>
        <w>עָ֣נָה</w>
        <w>בִ֔/י</w>
        <w>וְ/שַׁדַּ֖י</w>
        <w>הֵ֥רַֽע

</w>
        <w>לִֽ/י׃</w>
      </v>
      <v n="22">
        <w>וַ/תָּ֣שָׁב</w>
        <w>נָעֳמִ֗י</w>
        <w>וְ/ר֨וּת</w>
        <w>הַ/מּוֹאֲבִיָּ֤ה</w>
        <w>כַלָּתָ/הּ֙</w>
        <w>עִמָּ֔/הּ</w>
        <w>הַ/שָּׁ֖בָה</w>
        <w>מִ/שְּׂדֵ֣י</w>
        <w>מוֹאָ֑ב</w>
        <w>וְ/הֵ֗מָּה</w>
        <w>בָּ֚אוּ</w>
        <w>בֵּ֣ית</w>
        <w>לֶ֔חֶם</w>
        <w>בִּ/תְחִלַּ֖ת</w>
        <w>קְצִ֥יר</w>
        <w>שְׂעֹרִֽים׃</w>
      </v>
      <vs>22</vs>
    </c>
    <c n="2">
      <v n="1">
        <w>וּֽ/לְ/נָעֳמִ֞י</w>
        <k>מידע</k>
        <q>מוֹדַ֣ע</q>
        <w>לְ/אִישָׁ֗/הּ</w>
        <w>אִ֚ישׁ</w>
        <w>גִּבּ֣וֹר</w>
        <w>חַ֔יִל</w>
        <w>מִ/מִּשְׁפַּ֖חַת</w>
        <w>אֱלִימֶ֑לֶךְ</w>
        <w>וּ/שְׁמ֖/וֹ</w>
        <w>בֹּֽעַז׃</w>
      </v>
      <v n="2">
        <w>וַ/תֹּאמֶר֩</w>
        <w>ר֨וּת</w>
        <w>הַ/מּוֹאֲבִיָּ֜ה</w>
        <w>אֶֽל־</w>
        <w>נָעֳמִ֗י</w>
        <w>אֵֽלְכָה־</w>
        <w>נָּ֤א</w>
        <w>הַ/שָּׂדֶה֙</w>
        <w>וַ/אֲלַקֳטָּ֣ה
<x>n</x>

</w>
        <w>בַ/שִׁבֳּלִ֔ים
<x>n</x>

</w>
        <w>אַחַ֕ר</w>
        <w>אֲשֶׁ֥ר</w>
        <w>אֶמְצָא־</w>
        <w>חֵ֖ן</w>
        <w>בְּ/עֵינָ֑י/ו</w>
        <w>וַ/תֹּ֥אמֶר</w>
        <w>לָ֖/הּ</w>
        <w>לְכִ֥י</w>
        <w>בִתִּֽ/י׃</w>
      </v>
      <v n="3">
        <w>וַ/תֵּ֤לֶךְ</w>
        <w>וַ/תָּבוֹא֙</w>
        <w>וַ/תְּלַקֵּ֣ט</w>
        <w>בַּ/שָּׂדֶ֔ה</w>
        <w>אַחֲרֵ֖י</w>
        <w>הַ/קֹּצְרִ֑ים</w>
        <w>וַ/יִּ֣קֶר</w>
        <w>מִקְרֶ֔/הָ</w>
        <w>חֶלְקַ֤ת</w>
        <w>הַ/שָּׂדֶה֙</w>
        <w>לְ/בֹ֔עַז</w>
        <w>אֲשֶׁ֖ר</w>
        <w>מִ/מִּשְׁפַּ֥חַת</w>
        <w>אֱלִימֶֽלֶךְ׃</w>
      </v>
      <v n="4">
        <w>וְ/הִנֵּה־</w>
        <w>בֹ֗עַז</w>
        <w>בָּ֚א</w>
        <w>מִ/בֵּ֣ית</w>
        <w>לֶ֔חֶם</w>
        <w>וַ/יֹּ֥אמֶר</w>
        <w>לַ/קּוֹצְרִ֖ים</w>
        <w>יְהוָ֣ה</w>
        <w>עִמָּ/כֶ֑ם</w>
        <w>וַ/יֹּ֥אמְרוּ</w>
        <w>ל֖/וֹ</w>
        <w>יְבָרֶכְ/ךָ֥</w>
        <w>יְהוָֽה׃</w>
      </v>
      <v n="5">
        <w>וַ/יֹּ֤אמֶר</w>
        <w>בֹּ֙עַז֙</w>
        <w>לְ/נַעֲר֔/וֹ</w>
        <w>הַ/נִּצָּ֖ב</w>
        <w>עַל־</w>
        <w>הַ/קּֽוֹצְרִ֑ים</w>
        <w>לְ/מִ֖י</w>
        <w>הַ/נַּעֲרָ֥ה</w>
        <w>הַ/זֹּֽאת׃</w>
      </v>
      <v n="6">
        <w>וַ/יַּ֗עַן</w>
        <w>הַ/נַּ֛עַר</w>
        <w>הַ/נִּצָּ֥ב</w>
        <w>עַל־</w>
        <w>הַ/קּוֹצְרִ֖ים</w>
        <w>וַ/יֹּאמַ֑ר</w>
        <w>נַעֲרָ֤ה</w>
        <w>מֽוֹאֲבִיָּה֙</w>
        <w>הִ֔יא</w>
        <w>הַ/שָּׁ֥בָה</w>
        <w>עִֽם־</w>
        <w>נָעֳמִ֖י</w>
        <w>מִ/שְּׂדֵ֥ה</w>
        <w>מוֹאָֽב׃</w>
      </v>
      <v n="7">
        <w>וַ/תֹּ֗אמֶר</w>
        <w>אֲלַקֳטָה־</w>
        <w>נָּא֙</w>
        <w>וְ/אָסַפְתִּ֣י</w>
        <w>בָֽ/עֳמָרִ֔ים</w>
        <w>אַחֲרֵ֖י</w>
        <w>הַ/קּוֹצְרִ֑ים</w>
        <w>וַ/תָּב֣וֹא</w>
        <w>וַֽ/תַּעֲמ֗וֹד</w>
        <w>מֵ/אָ֤ז</w>
        <w>הַ/בֹּ֙קֶר֙</w>
        <w>וְ/עַד־</w>
        <w>עַ֔תָּה</w>
        <w>זֶ֛ה</w>
        <w>שִׁבְתָּ֥/הּ</w>
        <w>הַ/בַּ֖יִת</w>
        <w>מְעָֽט׃</w>
      </v>
      <v n="8">
        <w>וַ/יֹּאמֶר֩</w>
        <w>בֹּ֨עַז</w>
        <w>אֶל־</w>
        <w>ר֜וּת</w>
        <w>הֲ/ל֧וֹא</w>
        <w>שָׁמַ֣עַתְּ</w>
        <w>בִּתִּ֗/י</w>
        <w>אַל־</w>
        <w>תֵּלְכִי֙</w>
        <w>לִ/לְקֹט֙</w>
        <w>בְּ/שָׂדֶ֣ה</w>
        <w>אַחֵ֔ר</w>
        <w>וְ/גַ֛ם</w>
        <w>לֹ֥א</w>
        <w>תַעֲבוּרִ֖י</w>
        <w>מִ/זֶּ֑ה</w>
        <w>וְ/כֹ֥ה</w>
        <w>תִדְבָּקִ֖י/ן</w>
        <w>עִם־</w>
        <w>נַעֲרֹתָֽ/י׃</w>
      </v>
      <v n="9">
        <w>עֵינַ֜יִ/ךְ</w>
        <w>בַּ/שָּׂדֶ֤ה</w>
        <w>אֲשֶׁר־</w>
        <w>יִקְצֹרוּ/ן֙</w>
        <w>וְ/הָלַ֣כְתִּ
<x>n</x>

</w>
        <w>אַחֲרֵי/הֶ֔ן</w>
        <w>הֲ/ל֥וֹא</w>
        <w>צִוִּ֛יתִי</w>
        <w>אֶת־</w>
        <w>הַ/נְּעָרִ֖ים</w>
        <w>לְ/בִלְתִּ֣י</w>
        <w>נָגְעֵ֑/ךְ</w>
        <w>וְ/צָמִ֗ת</w>
        <w>וְ/הָלַכְתְּ֙</w>
        <w>אֶל־</w>
        <w>הַ/כֵּלִ֔ים</w>
        <w>וְ/שָׁתִ֕ית</w>
        <w>מֵ/אֲשֶׁ֥ר</w>
        <w>יִשְׁאֲב֖וּ/ן</w>
        <w>הַ/נְּעָרִֽים׃</w>
      </v>
      <v n="10">
        <w>וַ/תִּפֹּל֙</w>
        <w>עַל־</w>
        <w>פָּנֶ֔י/הָ</w>
        <w>וַ/תִּשְׁתַּ֖חוּ</w>
        <w>אָ֑רְצָ/ה</w>
        <w>וַ/תֹּ֣אמֶר</w>
        <w>אֵלָ֗י/ו</w>
        <w>מַדּוּעַ֩</w>
        <w>מָצָ֨אתִי</w>
        <w>חֵ֤ן</w>
        <w>בְּ/עֵינֶ֙י/ךָ֙</w>
        <w>לְ/הַכִּירֵ֔/נִי</w>
        <w>וְ/אָּנֹכִ֖י
<x>n</x>

</w>
        <w>נָכְרִיָּֽה׃</w>
      </v>
      <v n="11">
        <w>וַ/יַּ֤עַן</w>
        <w>בֹּ֙עַז֙</w>
        <w>וַ/יֹּ֣אמֶר</w>
        <w>לָ֔/הּ</w>
        <w>הֻגֵּ֨ד</w>
        <w>הֻגַּ֜ד</w>
        <w>לִ֗/י</w>
        <w>כֹּ֤ל</w>
        <w>אֲשֶׁר־</w>
        <w>עָשִׂית֙</w>
        <w>אֶת־</w>
        <w>חֲמוֹתֵ֔/ךְ</w>
        <w>אַחֲרֵ֖י</w>
        <w>מ֣וֹת</w>
        <w>אִישֵׁ֑/ךְ</w>
        <w>וַ/תַּֽעַזְבִ֞י</w>
        <w>אָּבִ֣י/ךְ
<x>n</x>

</w>
        <w>וְ/אִמֵּ֗/ךְ</w>
        <w>וְ/אֶ֙רֶץ֙</w>
        <w>מֽוֹלַדְתֵּ֔/ךְ</w>
        <w>וַ/תֵּ֣לְכִ֔י</w>
        <w>אֶל־</w>
        <w>עַ֕ם</w>
        <w>אֲשֶׁ֥ר</w>
        <w>לֹא־</w>
        <w>יָדַ֖עַתְּ</w>
        <w>תְּמ֥וֹל</w>
        <w>שִׁלְשֽׁוֹם׃</w>
      </v>
      <v n="12">
        <w>יְשַׁלֵּ֥ם</w>
        <w>יְהוָ֖ה</w>
        <w>פָּעֳלֵ֑/ךְ</w>
        <w>וּ/תְהִ֨י</w>
        <w>מַשְׂכֻּרְתֵּ֜/ךְ</w>
        <w>שְׁלֵמָ֗ה</w>
        <w>מֵ/עִ֤ם</w>
        <w>יְהוָה֙</w>
        <w>אֱלֹהֵ֣י</w>
        <w>יִשְׂרָאֵ֔ל</w>
        <w>אֲשֶׁר־</w>
        <w>בָּ֖את</w>
        <w>לַ/חֲס֥וֹת</w>
        <w>תַּֽחַת־</w>
        <w>כְּנָפָֽי/ו׃</w>
      </v>
      <v n="13">
        <w>וַ֠/תֹּאמֶר</w>
        <w>אֶמְצָא־</w>
        <w>חֵ֨ן</w>
        <w>בְּ/עֵינֶ֤י/ךָ</w>
        <w>אֲדֹנִ/י֙</w>
        <w>כִּ֣י</w>
        <w>נִֽחַמְתָּ֔/נִי</w>
        <w>וְ/כִ֥י</w>
        <w>דִבַּ֖רְתָּ</w>
        <w>עַל־</w>
        <w>לֵ֣ב</w>
        <w>שִׁפְחָתֶ֑/ךָ</w>
        <w>וְ/אָנֹכִי֙</w>
        <w>לֹ֣א</w>
        <w>אֶֽהְיֶ֔ה</w>
        <w>כְּ/אַחַ֖ת</w>
        <w>שִׁפְחֹתֶֽי/ךָ׃</w>
      </v>
      <v n="14">
        <w>וַ/יֹּאמֶר֩</w>
        <w>לָ֨/ה</w>
        <w>בֹ֜עַז</w>
        <w>לְ/עֵ֣ת</w>
        <w>הָ/אֹ֗כֶל</w>
        <w>גֹּ֤שִֽׁי</w>
        <w>הֲלֹם֙</w>
        <w>וְ/אָכַ֣לְתְּ</w>
        <w>מִן־</w>
        <w>הַ/לֶּ֔חֶם</w>
        <w>וְ/טָבַ֥לְתְּ</w>
        <w>פִּתֵּ֖/ךְ</w>
        <w>בַּ/חֹ֑מֶץ</w>
        <w>וַ/תֵּ֙שֶׁב֙</w>
        <w>מִ/צַּ֣ד</w>
        <w>הַ/קּֽוֹצְרִ֔ים</w>
        <w>וַ/יִּצְבָּט־</w>
        <w>לָ֣/הּ</w>
        <w>קָלִ֔י</w>
        <w>וַ/תֹּ֥אכַל</w>
        <w>וַ/תִּשְׂבַּ֖ע</w>
        <w>וַ/תֹּתַֽר׃</w>
      </v>
      <v n="15">
        <w>וַ/תָּ֖קָם</w>
        <w>לְ/לַקֵּ֑ט</w>
        <w>וַ/יְצַו֩</w>
        <w>בֹּ֨עַז</w>
        <w>אֶת־</w>
        <w>נְעָרָ֜י/ו</w>
        <w>לֵ/אמֹ֗ר</w>
        <w>גַּ֣ם</w>
        <w>בֵּ֧ין</w>
        <w>הָֽ/עֳמָרִ֛ים</w>
        <w>תְּלַקֵּ֖ט</w>
        <w>וְ/לֹ֥א</w>
        <w>תַכְלִימֽוּ/הָ׃</w>
      </v>
      <v n="16">
        <w>וְ/גַ֛ם</w>
        <w>שֹׁל־</w>
        <w>תָּשֹׁ֥לּוּ</w>
        <w>לָ֖/הּ</w>
        <w>מִן־</w>
        <w>הַ/צְּבָתִ֑ים</w>
        <w>וַ/עֲזַבְתֶּ֥ם</w>
        <w>וְ/לִקְּטָ֖ה</w>
        <w>וְ/לֹ֥א</w>
        <w>תִגְעֲרוּ־</w>
        <w>בָֽ/הּ׃</w>
      </v>
      <v n="17">
        <w>וַ/תְּלַקֵּ֥ט</w>
        <w>בַּ/שָּׂדֶ֖ה</w>
        <w>עַד־</w>
        <w>הָ/עָ֑רֶב</w>
        <w>וַ/תַּחְבֹּט֙</w>
        <w>אֵ֣ת</w>
        <w>אֲשֶׁר־</w>
        <w>לִקֵּ֔טָה</w>
        <w>וַ/יְהִ֖י</w>
        <w>כְּ/אֵיפָ֥ה</w>
        <w>שְׂעֹרִֽים׃</w>
      </v>
      <v n="18">
        <w>וַ/תִּשָּׂא֙</w>
        <w>וַ/תָּב֣וֹא</w>
        <w>הָ/עִ֔יר</w>
        <w>וַ/תֵּ֥רֶא</w>
        <w>חֲמוֹתָ֖/הּ</w>
        <w>אֵ֣ת</w>
        <w>אֲשֶׁר־</w>
        <w>לִקֵּ֑טָה</w>
        <w>וַ/תּוֹצֵא֙</w>
        <w>וַ/תִּתֶּן־</w>
        <w>לָ֔/הּ</w>
        <w>אֵ֥ת</w>
        <w>אֲשֶׁר־</w>
        <w>הוֹתִ֖רָה</w>
        <w>מִ/שָּׂבְעָֽ/הּ׃</w>
      </v>
      <v n="19">
        <w>וַ/תֹּאמֶר֩</w>
        <w>לָ֨/הּ</w>
        <w>חֲמוֹתָ֜/הּ</w>
        <w>אֵיפֹ֨ה</w>
        <w>לִקַּ֤טְתְּ</w>
        <w>הַ/יּוֹם֙</w>
        <w>וְ/אָ֣נָה</w>
        <w>עָשִׂ֔ית</w>
        <w>יְהִ֥י</w>
        <w>מַכִּירֵ֖/ךְ</w>
        <w>בָּר֑וּךְ</w>
        <w>וַ/תַּגֵּ֣ד</w>
        <w>לַ/חֲמוֹתָ֗/הּ</w>
        <w>אֵ֤ת</w>
        <w>אֲשֶׁר־</w>
        <w>עָשְׂתָה֙</w>
        <w>עִמּ֔/וֹ</w>
        <w>וַ/תֹּ֗אמֶר</w>
        <w>שֵׁ֤ם</w>
        <w>הָ/אִישׁ֙</w>
        <w>אֲשֶׁ֨ר</w>
        <w>עָשִׂ֧יתִי</w>
        <w>עִמּ֛/וֹ</w>
        <w>הַ/יּ֖וֹם</w>
        <w>בֹּֽעַז׃</w>
      </v>
      <v n="20">
        <w>וַ/תֹּ֨אמֶר</w>
        <w>נָעֳמִ֜י</w>
        <w>לְ/כַלָּתָ֗/הּ</w>
        <w>בָּר֥וּךְ</w>
        <w>הוּא֙</w>
        <w>לַ/יהוָ֔ה</w>
        <w>אֲשֶׁר֙</w>
        <w>לֹא־</w>
        <w>עָזַ֣ב</w>
        <w>חַסְדּ֔/וֹ</w>
        <w>אֶת־</w>
        <w>הַ/חַיִּ֖ים</w>
        <w>וְ/אֶת־</w>
        <w>הַ/מֵּתִ֑ים</w>
        <w>וַ/תֹּ֧אמֶר</w>
        <w>לָ֣/הּ</w>
        <w>נָעֳמִ֗י</w>
        <w>קָר֥וֹב</w>
        <w>לָ֙/נוּ֙</w>
        <w>הָ/אִ֔ישׁ</w>
        <w>מִֽ/גֹּאֲלֵ֖/נוּ</w>
        <w>הֽוּא׃</w>
      </v>
      <v n="21">
        <w>וַ/תֹּ֖אמֶר</w>
        <w>ר֣וּת</w>
        <w>הַ/מּוֹאֲבִיָּ֑ה</w>
        <w>גַּ֣ם ׀</w>
        <w>כִּי־</w>
        <w>אָמַ֣ר</w>
        <w>אֵלַ֗/י</w>
        <w>עִם־</w>
        <w>הַ/נְּעָרִ֤ים</w>
        <w>אֲשֶׁר־</w>
        <w>לִ/י֙</w>
        <w>תִּדְבָּקִ֔י/ן</w>
        <w>עַ֣ד</w>
        <w>אִם־</w>
        <w>כִּלּ֔וּ</w>
        <w>אֵ֥ת</w>
        <w>כָּל־</w>
        <w>הַ/קָּצִ֖יר</w>
        <w>אֲשֶׁר־</w>
        <w>לִֽ/י׃</w>
      </v>
      <v n="22">
        <w>וַ/תֹּ֥אמֶר</w>
        <w>נָעֳמִ֖י</w>
        <w>אֶל־</w>
        <w>ר֣וּת</w>
        <w>כַּלָּתָ֑/הּ</w>
        <w>ט֣וֹב</w>
        <w>בִּתִּ֗/י</w>
        <w>כִּ֤י</w>
        <w>תֵֽצְאִי֙</w>
        <w>עִם־</w>
        <w>נַ֣עֲרוֹתָ֔י/ו</w>
        <w>וְ/לֹ֥א</w>
        <w>יִפְגְּעוּ־</w>
        <w>בָ֖/ךְ</w>
        <w>בְּ/שָׂדֶ֥ה</w>
        <w>אַחֵֽר׃</w>
      </v>
      <v n="23">
        <w>וַ/תִּדְבַּ֞ק</w>
        <w>בְּ/נַעֲר֥וֹת</w>
        <w>בֹּ֙עַז֙</w>
        <w>לְ/לַקֵּ֔ט</w>
        <w>עַד־</w>
        <w>כְּל֥וֹת</w>
        <w>קְצִֽיר־</w>
        <w>הַ/שְּׂעֹרִ֖ים</w>
        <w>וּ/קְצִ֣יר</w>
        <w>הַֽ/חִטִּ֑ים</w>
        <w>וַ/תֵּ֖שֶׁב</w>
        <w>אֶת־</w>
        <w>חֲמוֹתָֽ/הּ׃</w>
      </v>
      <vs>23</vs>
    </c>
    <c n="3">
      <v n="1">
        <w>וַ/תֹּ֥אמֶר</w>
        <w>לָ֖/הּ</w>
        <w>נָעֳמִ֣י</w>
        <w>חֲמוֹתָ֑/הּ</w>
        <w>בִּתִּ֞/י</w>
        <w>הֲ/לֹ֧א</w>
        <w>אֲבַקֶּשׁ־</w>
        <w>לָ֛/ךְ</w>
        <w>מָנ֖וֹחַ</w>
        <w>אֲשֶׁ֥ר</w>
        <w>יִֽיטַב־</w>
        <w>לָֽ/ךְ׃</w>
      </v>
      <v n="2">
        <w>וְ/עַתָּ֗ה</w>
        <w>הֲ/לֹ֥א</w>
        <w>בֹ֙עַז֙</w>
        <w>מֹֽדַעְתָּ֔/נוּ</w>
        <w>אֲשֶׁ֥ר</w>
        <w>הָיִ֖ית</w>
        <w>אֶת־</w>
        <w>נַעֲרוֹתָ֑י/ו</w>
        <w>הִנֵּה־</w>
        <w>ה֗וּא</w>
        <w>זֹרֶ֛ה</w>
        <w>אֶת־</w>
        <w>גֹּ֥רֶן</w>
        <w>הַ/שְּׂעֹרִ֖ים</w>
        <w>הַ/לָּֽיְלָה׃</w>
      </v>
      <v n="3">
        <w>וְ/רָחַ֣צְתְּ ׀</w>
        <w>וָ/סַ֗כְתְּ</w>
        <w>וְ/שַׂ֧מְתְּ</w>
        <k>שמלת/ך</k>
        <q>שִׂמְלֹתַ֛יִ/ךְ</q>
        <w>עָלַ֖יִ/ךְ</w>
        <k>ו/ירדתי</k>
        <q>וְ/יָרַ֣דְתְּ</q>
        <w>הַ/גֹּ֑רֶן</w>
        <w>אַל־</w>
        <w>תִּוָּדְעִ֣י</w>
        <w>לָ/אִ֔ישׁ</w>
        <w>עַ֥ד</w>
        <w>כַּלֹּת֖/וֹ</w>
        <w>לֶ/אֱכֹ֥ל</w>
        <w>וְ/לִ/שְׁתּֽוֹת׃</w>
      </v>
      <v n="4">
        <w>וִ/יהִ֣י</w>
        <w>בְ/שָׁכְב֗/וֹ</w>
        <w>וְ/יָדַ֙עַתְּ֙</w>
        <w>אֶת־</w>
        <w>הַ/מָּקוֹם֙</w>
        <w>אֲשֶׁ֣ר</w>
        <w>יִשְׁכַּב־</w>
        <w>שָׁ֔ם</w>
        <w>וּ/בָ֛את</w>
        <w>וְ/גִלִּ֥ית</w>
        <w>מַרְגְּלֹתָ֖י/ו</w>
        <k>ו/שכבתי</k>
        <q>וְ/שָׁכָ֑בְתְּ</q>
        <w>וְ/הוּא֙</w>
        <w>יַגִּ֣יד</w>
        <w>לָ֔/ךְ</w>
        <w>אֵ֖ת</w>
        <w>אֲשֶׁ֥ר</w>
        <w>תַּעַשִֽׂי/ן׃

</w>
      </v>
      <v n="5">
        <w>וַ/תֹּ֖אמֶר</w>
        <w>אֵלֶ֑י/הָ</w>
        <w>כֹּ֛ל</w>
        <w>אֲשֶׁר־</w>
        <w>תֹּאמְרִ֥י</w>
        <q>אֵלַ֖/י</q>
        <w>אֶֽעֱשֶֽׂה׃</w>
      </v>
      <v n="6">
        <w>וַ/תֵּ֖רֶד</w>
        <w>הַ/גֹּ֑רֶן</w>
        <w>וַ/תַּ֕עַשׂ</w>
        <w>כְּ/כֹ֥ל</w>
        <w>אֲשֶׁר־</w>
        <w>צִוַּ֖תָּ/ה</w>
        <w>חֲמוֹתָֽ/הּ׃</w>
      </v>
      <v n="7">
        <w>וַ/יֹּ֨אכַל</w>
        <w>בֹּ֤עַז</w>
        <w>וַ/יֵּשְׁתְּ֙</w>
        <w>וַ/יִּיטַ֣ב</w>
        <w>לִבּ֔/וֹ</w>
        <w>וַ/יָּבֹ֕א</w>
        <w>לִ/שְׁכַּ֖ב</w>
        <w>בִּ/קְצֵ֣ה</w>
        <w>הָ/עֲרֵמָ֑ה</w>
        <w>וַ/תָּבֹ֣א</w>
        <w>בַ/לָּ֔ט</w>
        <w>וַ/תְּגַ֥ל</w>
        <w>מַרְגְּלֹתָ֖י/ו</w>
        <w>וַ/תִּשְׁכָּֽב׃</w>
      </v>
      <v n="8">
        <w>וַ/יְהִי֙</w>
        <w>בַּ/חֲצִ֣י</w>
        <w>הַ/לַּ֔יְלָה</w>
        <w>וַ/יֶּחֱרַ֥ד</w>
        <w>הָ/אִ֖ישׁ</w>
        <w>וַ/יִּלָּפֵ֑ת</w>
        <w>וְ/הִנֵּ֣ה</w>
        <w>אִשָּׁ֔ה</w>
        <w>שֹׁכֶ֖בֶת</w>
        <w>מַרְגְּלֹתָֽי/ו׃</w>
      </v>
      <v n="9">
        <w>וַ/יֹּ֖אמֶר</w>
        <w>מִי־</w>
        <w>אָ֑תּ
</w>
        <w>וַ/תֹּ֗אמֶר</w>
        <w>אָנֹכִי֙</w>
        <w>ר֣וּת</w>
        <w>אֲמָתֶ֔/ךָ</w>
        <w>וּ/פָרַשְׂתָּ֤</w>
        <w>כְנָפֶ֙/ךָ֙</w>
        <w>עַל־</w>
        <w>אֲמָ֣תְ/ךָ֔</w>
        <w>כִּ֥י</w>
        <w>גֹאֵ֖ל</w>
        <w>אָֽתָּה׃</w>
      </v>
      <v n="10">
        <w>וַ/יֹּ֗אמֶר</w>
        <w>בְּרוּכָ֨ה</w>
        <w>אַ֤תְּ</w>
        <w>לַֽ/יהוָה֙</w>
        <w>בִּתִּ֔/י</w>
        <w>הֵיטַ֛בְתְּ</w>
        <w>חַסְדֵּ֥/ךְ</w>
        <w>הָ/אַחֲר֖וֹן</w>
        <w>מִן־</w>
        <w>הָ/רִאשׁ֑וֹן</w>
        <w>לְ/בִלְתִּי־</w>
        <w>לֶ֗כֶת</w>
        <w>אַחֲרֵי֙</w>
        <w>הַ/בַּ֣חוּרִ֔ים</w>
        <w>אִם־</w>
        <w>דַּ֖ל</w>
        <w>וְ/אִם־</w>
        <w>עָשִֽׁיר׃</w>
      </v>
      <v n="11">
        <w>וְ/עַתָּ֗ה</w>
        <w>בִּתִּ/י֙</w>
        <w>אַל־</w>
        <w>תִּ֣ירְאִ֔י</w>
        <w>כֹּ֥ל</w>
        <w>אֲשֶׁר־</w>
        <w>תֹּאמְרִ֖י</w>
        <w>אֶֽעֱשֶׂה־</w>
        <w>לָּ֑/ךְ</w>
        <w>כִּ֤י</w>
        <w>יוֹדֵ֙עַ֙</w>
        <w>כָּל־</w>
        <w>שַׁ֣עַר</w>
        <w>עַמִּ֔/י</w>
        <w>כִּ֛י</w>
        <w>אֵ֥שֶׁת</w>
        <w>חַ֖יִל</w>
        <w>אָֽתְּ׃</w>
      </v>
      <v n="12">
        <w>וְ/עַתָּה֙</w>
        <w>כִּ֣י</w>
        <w>אָמְנָ֔ם</w>
        <w>כִּ֥י</w>
        <k>אם</k>
        <w>גֹאֵ֖ל</w>
        <w>אָנֹ֑כִי</w>
        <w>וְ/גַ֛ם</w>
        <w>יֵ֥שׁ</w>
        <w>גֹּאֵ֖ל</w>
        <w>קָר֥וֹב</w>
        <w>מִמֶּֽ/נִּי׃</w>
      </v>
      <v n="13">
        <w>לִ֣ינִי ׀</w>
        <w>הַ/לַּ֗יְלָה</w>
        <w>וְ/הָיָ֤ה</w>
        <w>בַ/בֹּ֙קֶר֙</w>
        <w>אִם־</w>
        <w>יִגְאָלֵ֥/ךְ</w>
        <w>טוֹב֙</w>
        <w>יִגְאָ֔ל</w>
        <w>וְ/אִם־</w>
        <w>לֹ֨א</w>
        <w>יַחְפֹּ֧ץ</w>
        <w>לְ/גָֽאֳלֵ֛/ךְ</w>
        <w>וּ/גְאַלְתִּ֥י/ךְ</w>
        <w>אָנֹ֖כִי</w>
        <w>חַי־</w>
        <w>יְהוָ֑ה</w>
        <w>שִׁכְבִ֖י</w>
        <w>עַד־</w>
        <w>הַ/בֹּֽקֶר׃</w>
      </v>
      <v n="14">
        <w>וַ/תִּשְׁכַּ֤ב</w>
        <k>מרגלת/ו</k>
        <q>מַרְגְּלוֹתָי/וֹ֙

<x>n</x>

</q>
        <w>עַד־</w>
        <w>הַ/בֹּ֔קֶר</w>
        <w>וַ/תָּ֕קָם</w>
        <k>ב/טרום</k>
        <q>בְּ/טֶ֛רֶם</q>
        <w>יַכִּ֥יר</w>
        <w>אִ֖ישׁ</w>
        <w>אֶת־</w>
        <w>רֵעֵ֑/הוּ</w>
        <w>וַ/יֹּ֙אמֶר֙</w>
        <w>אַל־</w>
        <w>יִוָּדַ֔ע</w>
        <w>כִּי־</w>
        <w>בָ֥אָה</w>
        <w>הָ/אִשָּׁ֖ה</w>
        <w>הַ/גֹּֽרֶן׃</w>
      </v>
      <v n="15">
        <w>וַ/יֹּ֗אמֶר</w>
        <w>הָ֠בִי</w>
        <w>הַ/מִּטְפַּ֧חַת</w>
        <w>אֲשֶׁר־</w>
        <w>עָלַ֛יִ/ךְ</w>
        <w>וְ/אֶֽחֳזִי־</w>
        <w>בָ֖/הּ</w>
        <w>וַ/תֹּ֣אחֶז</w>
        <w>בָּ֑/הּ</w>
        <w>וַ/יָּ֤מָד</w>
        <w>שֵׁשׁ־</w>
        <w>שְׂעֹרִים֙</w>
        <w>וַ/יָּ֣שֶׁת</w>
        <w>עָלֶ֔י/הָ</w>
        <w>וַ/יָּבֹ֖א</w>
        <w>הָ/עִֽיר׃</w>
      </v>
      <v n="16">
        <w>וַ/תָּבוֹא֙</w>
        <w>אֶל־</w>
        <w>חֲמוֹתָ֔/הּ</w>
        <w>וַ/תֹּ֖אמֶר</w>
        <w>מִי־</w>
        <w>אַ֣תְּ</w>
        <w>בִּתִּ֑/י</w>
        <w>וַ/תַּ֨גֶּד־</w>
        <w>לָ֔/הּ</w>
        <w>אֵ֛ת</w>
        <w>כָּל־</w>
        <w>אֲשֶׁ֥ר</w>
        <w>עָֽשָׂה־</w>
        <w>לָ֖/הּ</w>
        <w>הָ/אִֽישׁ׃</w>
      </v>
      <v n="17">
        <w>וַ/תֹּ֕אמֶר</w>
        <w>שֵׁשׁ־</w>
        <w>הַ/שְּׂעֹרִ֥ים</w>
        <w>הָ/אֵ֖לֶּה</w>
        <w>נָ֣תַן</w>
        <w>לִ֑/י</w>
        <w>כִּ֚י</w>
        <w>אָמַ֣ר</w>
        <q>אֵלַ֔/י</q>
        <w>אַל־</w>
        <w>תָּב֥וֹאִי</w>
        <w>רֵיקָ֖ם</w>
        <w>אֶל־</w>
        <w>חֲמוֹתֵֽ/ךְ׃</w>
      </v>
      <v n="18">
        <w>וַ/תֹּ֙אמֶר֙</w>
        <w>שְׁבִ֣י</w>
        <w>בִתִּ֔/י</w>
        <w>עַ֚ד</w>
        <w>אֲשֶׁ֣ר</w>
        <w>תֵּֽדְעִ֔י/ן</w>
        <w>אֵ֖יךְ</w>
        <w>יִפֹּ֣ל</w>
        <w>דָּבָ֑ר</w>
        <w>כִּ֣י</w>
        <w>לֹ֤א</w>
        <w>יִשְׁקֹט֙</w>
        <w>הָ/אִ֔ישׁ</w>
        <w>כִּֽי־</w>
        <w>אִם־</w>
        <w>כִּלָּ֥ה</w>
        <w>הַ/דָּבָ֖ר</w>
        <w>הַ/יּֽוֹם׃</w>
      </v>
      <vs>18</vs>
    </c>
    <c n="4">
      <v n="1">
        <w>וּ/בֹ֨עַז</w>
        <w>עָלָ֣ה</w>
        <w>הַ/שַּׁעַר֮</w>
        <w>וַ/יֵּ֣שֶׁב</w>
        <w>שָׁם֒</w>
        <w>וְ/הִנֵּ֨ה</w>
        <w>הַ/גֹּאֵ֤ל</w>
        <w>עֹבֵר֙</w>
        <w>אֲשֶׁ֣ר</w>
        <w>דִּבֶּר־</w>
        <w>בֹּ֔עַז</w>
        <w>וַ/יֹּ֛אמֶר</w>
        <w>ס֥וּרָ/ה</w>
        <w>שְׁבָ/ה־</w>
        <w>פֹּ֖ה</w>
        <w>פְּלֹנִ֣י</w>
        <w>אַלְמֹנִ֑י</w>
        <w>וַ/יָּ֖סַר</w>
        <w>וַ/יֵּשֵֽׁב׃</w>
      </v>
      <v n="2">
        <w>וַ/יִּקַּ֞ח</w>
        <w>עֲשָׂרָ֧ה</w>
        <w>אֲנָשִׁ֛ים</w>
        <w>מִ/זִּקְנֵ֥י</w>
        <w>הָ/עִ֖יר</w>
        <w>וַ/יֹּ֣אמֶר</w>
        <w>שְׁבוּ־</w>
        <w>פֹ֑ה</w>
        <w>וַ/יֵּשֵֽׁבוּ׃</w>
      </v>
      <v n="3">
        <w>וַ/יֹּ֙אמֶר֙</w>
        <w>לַ/גֹּאֵ֔ל</w>
        <w>חֶלְקַת֙</w>
        <w>הַ/שָּׂדֶ֔ה</w>
        <w>אֲשֶׁ֥ר</w>
        <w>לְ/אָחִ֖י/נוּ</w>
        <w>לֶ/אֱלִימֶ֑לֶךְ</w>
        <w>מָכְרָ֣ה</w>
        <w>נָעֳמִ֔י</w>
        <w>הַ/שָּׁ֖בָה</w>
        <w>מִ/שְּׂדֵ֥ה</w>
        <w>מוֹאָֽב׃</w>
      </v>
      <v n="4">
        <w>וַ/אֲנִ֨י</w>
        <w>אָמַ֜רְתִּי</w>
        <w>אֶגְלֶ֧ה</w>
        <w>אָזְנְ/ךָ֣</w>
        <w>לֵ/אמֹ֗ר</w>
        <w>קְ֠נֵה</w>
        <w>נֶ֥גֶד</w>
        <w>הַֽ/יֹּשְׁבִים֮</w>
        <w>וְ/נֶ֣גֶד</w>
        <w>זִקְנֵ֣י</w>
        <w>עַמִּ/י֒</w>
        <w>אִם־</w>
        <w>תִּגְאַל֙</w>
        <w>גְּאָ֔ל</w>
        <w>וְ/אִם־</w>
        <w>לֹ֨א</w>
        <w>יִגְאַ֜ל</w>
        <w>הַגִּ֣ידָ/ה</w>
        <w>לִּ֗/י</w>
        <k>ו/אדע</k>
        <q>וְ/אֵֽדְעָה֙</q>
        <w>כִּ֣י</w>
        <w>אֵ֤ין</w>
        <w>זוּלָֽתְ/ךָ֙</w>
        <w>לִ/גְא֔וֹל</w>
        <w>וְ/אָנֹכִ֖י</w>
        <w>אַחֲרֶ֑י/ךָ</w>
        <w>וַ/יֹּ֖אמֶר</w>
        <w>אָנֹכִ֥י</w>
        <w>אֶגְאָֽל׃</w>
      </v>
      <v n="5">
        <w>וַ/יֹּ֣אמֶר</w>
        <w>בֹּ֔עַז</w>
        <w>בְּ/יוֹם־</w>
        <w>קְנוֹתְ/ךָ֥</w>
        <w>הַ/שָּׂדֶ֖ה</w>
        <w>מִ/יַּ֣ד</w>
        <w>נָעֳמִ֑י</w>
        <w>וּ֠/מֵ/אֵת</w>
        <w>ר֣וּת</w>
        <w>הַ/מּוֹאֲבִיָּ֤ה</w>
        <w>אֵֽשֶׁת־</w>
        <w>הַ/מֵּת֙</w>
        <k>קניתי</k>
        <q>קָנִ֔יתָה</q>
        <w>לְ/הָקִ֥ים</w>
        <w>שֵׁם־</w>
        <w>הַ/מֵּ֖ת</w>
        <w>עַל־</w>
        <w>נַחֲלָתֽ/וֹ׃</w>
      </v>
      <v n="6">
        <w>וַ/יֹּ֣אמֶר</w>
        <w>הַ/גֹּאֵ֗ל</w>
        <w>לֹ֤א</w>
        <w>אוּכַל֙</w>
        <k>ל/גאול־</k>
        <q>לִ/גְאָל־</q>
        <w>לִ֔/י</w>
        <w>פֶּן־</w>
        <w>אַשְׁחִ֖ית</w>
        <w>אֶת־</w>
        <w>נַחֲלָתִ֑/י</w>
        <w>גְּאַל־</w>
        <w>לְ/ךָ֤</w>
        <w>אַתָּה֙</w>
        <w>אֶת־</w>
        <w>גְּאֻלָּתִ֔/י</w>
        <w>כִּ֥י</w>
        <w>לֹא־</w>
        <w>אוּכַ֖ל</w>
        <w>לִ/גְאֹֽל׃</w>
      </v>
      <v n="7">
        <w>וְ/זֹאת֩</w>
        <w>לְ/פָנִ֨ים</w>
        <w>בְּ/יִשְׂרָאֵ֜ל</w>
        <w>עַל־</w>
        <w>הַ/גְּאוּלָּ֤ה</w>
        <w>וְ/עַל־</w>
        <w>הַ/תְּמוּרָה֙</w>
        <w>לְ/קַיֵּ֣ם</w>
        <w>כָּל־</w>
        <w>דָּבָ֔ר</w>
        <w>שָׁלַ֥ף</w>
        <w>אִ֛ישׁ</w>
        <w>נַעֲל֖/וֹ</w>
        <w>וְ/נָתַ֣ן</w>
        <w>לְ/רֵעֵ֑/הוּ</w>
        <w>וְ/זֹ֥את</w>
        <w>הַ/תְּעוּדָ֖ה</w>
        <w>בְּ/יִשְׂרָאֵֽל׃</w>
      </v>
      <v n="8">
        <w>וַ/יֹּ֧אמֶר</w>
        <w>הַ/גֹּאֵ֛ל</w>
        <w>לְ/בֹ֖עַז</w>
        <w>קְנֵה־</w>
        <w>לָ֑/ךְ</w>
        <w>וַ/יִּשְׁלֹ֖ף</w>
        <w>נַעֲלֽ/וֹ׃</w>
      </v>
      <v n="9">
        <w>וַ/יֹּאמֶר֩</w>
        <w>בֹּ֨עַז</w>
        <w>לַ/זְּקֵנִ֜ים</w>
        <w>וְ/כָל־</w>
        <w>הָ/עָ֗ם</w>
        <w>עֵדִ֤ים</w>
        <w>אַתֶּם֙</w>
        <w>הַ/יּ֔וֹם</w>
        <w>כִּ֤י</w>
        <w>קָנִ֙יתִי֙</w>
        <w>אֶת־</w>
        <w>כָּל־</w>
        <w>אֲשֶׁ֣ר</w>
        <w>לֶֽ/אֱלִימֶ֔לֶךְ</w>
        <w>וְ/אֵ֛ת</w>
        <w>כָּל־</w>
        <w>אֲשֶׁ֥ר</w>
        <w>לְ/כִלְי֖וֹן</w>
        <w>וּ/מַחְל֑וֹן</w>
        <w>מִ/יַּ֖ד</w>
        <w>נָעֳמִֽי׃</w>
      </v>
      <v n="10">
        <w>וְ/גַ֣ם</w>
        <w>אֶת־</w>
        <w>ר֣וּת</w>
        <w>הַ/מֹּאֲבִיָּה֩</w>
        <w>אֵ֨שֶׁת</w>
        <w>מַחְל֜וֹן</w>
        <w>קָנִ֧יתִי</w>
        <w>לִ֣/י</w>
        <w>לְ/אִשָּׁ֗ה</w>
        <w>לְ/הָקִ֤ים</w>
        <w>שֵׁם־</w>
        <w>הַ/מֵּת֙</w>
        <w>עַל־</w>
        <w>נַ֣חֲלָת֔/וֹ</w>
        <w>וְ/לֹא־</w>
        <w>יִכָּרֵ֧ת</w>
        <w>שֵׁם־</w>
        <w>הַ/מֵּ֛ת</w>
        <w>מֵ/עִ֥ם</w>
        <w>אֶחָ֖י/ו</w>
        <w>וּ/מִ/שַּׁ֣עַר</w>
        <w>מְקוֹמ֑/וֹ</w>
        <w>עֵדִ֥ים</w>
        <w>אַתֶּ֖ם</w>
        <w>הַ/יּֽוֹם׃</w>
      </v>
      <v n="11">
        <w>וַ/יֹּ֨אמְר֜וּ</w>
        <w>כָּל־</w>
        <w>הָ/עָ֧ם</w>
        <w>אֲשֶׁר־</w>
        <w>בַּ/שַּׁ֛עַר</w>
        <w>וְ/הַ/זְּקֵנִ֖ים</w>
        <w>עֵדִ֑ים</w>
        <w>יִתֵּן֩</w>
        <w>יְהוָ֨ה</w>
        <w>אֶֽת־</w>
        <w>הָ/אִשָּׁ֜ה</w>
        <w>הַ/בָּאָ֣ה</w>
        <w>אֶל־</w>
        <w>בֵּיתֶ֗/ךָ</w>
        <w>כְּ/רָחֵ֤ל ׀</w>
        <w>וּ/כְ/לֵאָה֙</w>
        <w>אֲשֶׁ֨ר</w>
        <w>בָּנ֤וּ</w>
        <w>שְׁתֵּי/הֶם֙</w>
        <w>אֶת־</w>
        <w>בֵּ֣ית</w>
        <w>יִשְׂרָאֵ֔ל</w>
        <w>וַ/עֲשֵׂה־</w>
        <w>חַ֣יִל</w>
        <w>בְּ/אֶפְרָ֔תָה</w>
        <w>וּ/קְרָא־</w>
        <w>שֵׁ֖ם</w>
        <w>בְּ/בֵ֥ית</w>
        <w>לָֽחֶם׃</w>
      </v>
      <v n="12">
        <w>וִ/יהִ֤י</w>
        <w>בֵֽיתְ/ךָ֙</w>
        <w>כְּ/בֵ֣ית</w>
        <w>פֶּ֔רֶץ</w>
        <w>אֲשֶׁר־</w>
        <w>יָלְדָ֥ה</w>
        <w>תָמָ֖ר</w>
        <w>לִֽ/יהוּדָ֑ה</w>
        <w>מִן־</w>
        <w>הַ/זֶּ֗רַע</w>
        <w>אֲשֶׁ֨ר</w>
        <w>יִתֵּ֤ן</w>
        <w>יְהוָה֙</w>
        <w>לְ/ךָ֔</w>
        <w>מִן־</w>
        <w>הַֽ/נַּעֲרָ֖ה</w>
        <w>הַ/זֹּֽאת׃</w>
      </v>
      <v n="13">
        <w>וַ/יִּקַּ֨ח</w>
        <w>בֹּ֤עַז</w>
        <w>אֶת־</w>
        <w>רוּת֙</w>
        <w>וַ/תְּהִי־</w>
        <w>ל֣/וֹ</w>
        <w>לְ/אִשָּׁ֔ה</w>
        <w>וַ/יָּבֹ֖א</w>
        <w>אֵלֶ֑י/הָ</w>
        <w>וַ/יִּתֵּ֨ן</w>
        <w>יְהוָ֥ה</w>
        <w>לָ֛/הּ</w>
        <w>הֵרָי֖וֹן</w>
        <w>וַ/תֵּ֥לֶד</w>
        <w>בֵּֽן׃</w>
      </v>
      <v n="14">
        <w>וַ/תֹּאמַ֤רְנָה</w>
        <w>הַ/נָּשִׁים֙</w>
        <w>אֶֽל־</w>
        <w>נָעֳמִ֔י</w>
        <w>בָּר֣וּךְ</w>
        <w>יְהוָ֔ה</w>
        <w>אֲ֠שֶׁר</w>
        <w>לֹ֣א</w>
        <w>הִשְׁבִּ֥ית</w>
        <w>לָ֛/ךְ</w>
        <w>גֹּאֵ֖ל</w>
        <w>הַ/יּ֑וֹם</w>
        <w>וְ/יִקָּרֵ֥א</w>
        <w>שְׁמ֖/וֹ</w>
        <w>בְּ/יִשְׂרָאֵֽל׃</w>
      </v>
      <v n="15">
        <w>וְ/הָ֤יָה</w>
        <w>לָ/ךְ֙</w>
        <w>לְ/מֵשִׁ֣יב</w>
        <w>נֶ֔פֶשׁ</w>
        <w>וּ/לְ/כַלְכֵּ֖ל</w>
        <w>אֶת־</w>
        <w>שֵׂיבָתֵ֑/ךְ</w>
        <w>כִּ֣י</w>
        <w>כַלָּתֵ֤/ךְ</w>
        <w>אֲ‍ֽשֶׁר־</w>
        <w>אֲהֵבַ֙תֶ/ךְ֙</w>
        <w>יְלָדַ֔תּ/וּ</w>
        <w>אֲשֶׁר־</w>
        <w>הִיא֙</w>
        <w>ט֣וֹבָה</w>
        <w>לָ֔/ךְ</w>
        <w>מִ/שִּׁבְעָ֖ה</w>
        <w>בָּנִֽים׃</w>
      </v>
      <v n="16">
        <w>וַ/תִּקַּ֨ח</w>
        <w>נָעֳמִ֤י</w>
        <w>אֶת־</w>
        <w>הַ/יֶּ֙לֶד֙</w>
        <w>וַ/תְּשִׁתֵ֣/הוּ</w>
        <w>בְ/חֵיקָ֔/הּ</w>
        <w>וַ/תְּהִי־</w>
        <w>ל֖/וֹ</w>
        <w>לְ/אֹמֶֽנֶת׃</w>
      </v>
      <v n="17">
        <w>וַ/תִּקְרֶאנָה֩</w>
        <w>ל֨/וֹ</w>
        <w>הַ/שְּׁכֵנ֥וֹת</w>
        <w>שֵׁם֙</w>
        <w>לֵ/אמֹ֔ר</w>
        <w>יֻלַּד־</w>
        <w>בֵּ֖ן</w>
        <w>לְ/נָעֳמִ֑י</w>
        <w>וַ/תִּקְרֶ֤אנָֽה</w>
        <w>שְׁמ/וֹ֙</w>
        <w>עוֹבֵ֔ד</w>
        <w>ה֥וּא</w>
        <w>אֲבִי־</w>
        <w>יִשַׁ֖י</w>
        <w>אֲבִ֥י</w>
        <w>דָוִֽד׃</w>
        <pe/>
      </v>
      <v n="18">
        <w>וְ/אֵ֙לֶּה֙</w>
        <w>תּוֹלְד֣וֹת</w>
        <w>פָּ֔רֶץ</w>
        <w>פֶּ֖רֶץ</w>
        <w>הוֹלִ֥יד</w>
        <w>אֶת־</w>
        <w>חֶצְרֽוֹן׃</w>
      </v>
      <v n="19">
        <w>וְ/חֶצְרוֹן֙</w>
        <w>הוֹלִ֣יד</w>
        <w>אֶת־</w>
        <w>רָ֔ם</w>
        <w>וְ/רָ֖ם</w>
        <w>הוֹלִ֥יד</w>
        <w>אֶת־</w>
        <w>עַמִּֽינָדָֽב׃</w>
      </v>
      <v n="20">
        <w>וְ/עַמִּֽינָדָב֙</w>
        <w>הוֹלִ֣יד</w>
        <w>אֶת־</w>
        <w>נַחְשׁ֔וֹן</w>
        <w>וְ/נַחְשׁ֖וֹן</w>
        <w>הוֹלִ֥יד</w>
        <w>אֶת־</w>
        <w>שַׂלְמָֽה׃</w>
      </v>
      <v n="21">
        <w>וְ/שַׂלְמוֹן֙</w>
        <w>הוֹלִ֣יד</w>
        <w>אֶת־</w>
        <w>בֹּ֔עַז</w>
        <w>וּ/בֹ֖עַז</w>
        <w>הוֹלִ֥יד</w>
        <w>אֶת־</w>
        <w>עוֹבֵֽד׃</w>
      </v>
      <v n="22">
        <w>וְ/עֹבֵד֙</w>
        <w>הוֹלִ֣יד</w>
        <w>אֶת־</w>
        <w>יִשָׁ֔י</w>
        <w>וְ/יִשַׁ֖י</w>
        <w>הוֹלִ֥יד</w>
        <w>אֶת־</w>
        <w>דָּוִֽד׃</w>
      </v>
      <vs>22</vs>
    </c>
    <vs>85</vs>
    <cs>4</cs>
  </book>
</tanach>
<notes>
  <note>
    <code>1</code>
    <gccode>1</gccode>
    <note>BHS has been faithful to the Leningrad Codex where there might be a question of the validity of the form and we keep the same form as BHS. </note>
  </note>
  <note>
    <code>2</code>
    <gccode>4</gccode>
    <note>Puncta extraordinaria -- a \u05c4 is used to mark such marks in the text when they are above the line and a \u05c5 when they are below the line. </note>
  </note>
  <note>
    <code>3</code>
    <gccode>5</gccode>
    <note>Large letter(s). Shown as large letters without a superscript note number. </note>
  </note>
  <note>
    <code>4</code>
    <gccode>6</gccode>
    <note>Small letter(s). Shown as small letters without a superscript note number. </note>
  </note>
  <note>
    <code>5</code>
    <gccode>7</gccode>
    <note>Suspended letter(s). Shown as suspended letters without a superscript note number. </note>
  </note>
  <note>
    <code>6</code>
    <gccode>8</gccode>
    <note>Inverted nun in the text. Shown without a superscript note number.</note>
  </note>
  <note>
    <code>7</code>
    <gccode>a</gccode>
    <note>Adaptations to a Qere which L and BHS, by their design, do not indicate. </note>
  </note>
  <note>
    <code>8</code>
    <gccode>c</gccode>
    <note>We read one or more accents in L differently than BHS. Often this notation indicates a typographical error in BHS. </note>
  </note>
  <note>
    <code>9</code>
    <gccode>k</gccode>
    <note>We read one or more consonants in L differently from BHS. </note>
  </note>
  <note>
    <code>10</code>
    <gccode>n</gccode>
    <note>Marks an anomalous form. </note>
  </note>
  <note>
    <code>11</code>
    <gccode>p</gccode>
    <note>We read punctuation in L differently from BHS. </note>
  </note>
  <note>
    <code>12</code>
    <gccode>q</gccode>
    <note>We have abandoned or added a ketib/qere relative to BHS. In doing this we agree with L against BHS. </note>
  </note>
  <note>
    <code>13</code>
    <gccode>v</gccode>
    <note>We read one or more vowels in L differently from BHS. </note>
  </note>
  <note>
    <code>14</code>
    <gccode>y</gccode>
    <note>Yathir readings in L which we have designated as Qeres when both Dothan and BHS list a Qere. </note>
  </note>
  <note>
    <code>15</code>
    <gccode>C</gccode>
    <note>We read one or more accents in L differently from BHQ. </note>
  </note>
  <note>
    <code>16</code>
    <gccode>F</gccode>
    <note>Marks a consonant with an anomalous final form that is word-medial.</note>
  </note>
  <note>
    <code>17</code>
    <gccode>K</gccode>
    <note>We read one or more consonants in L differently from BHQ. </note>
  </note>
  <note>
    <code>18</code>
    <gccode>M</gccode>
    <note>Marks a word with a final consonant that is a medial (not a final) form. </note>
  </note>
  <note>
    <code>19</code>
    <gccode>P</gccode>
    <note>We read the punctuation in L differently from BHQ. </note>
  </note>
  <note>
    <code>20</code>
    <gccode>Q</gccode>
    <note>Marks a place where we agree with BHQ against BHS in reading L. </note>
  </note>
  <note>
    <code>21</code>
    <gccode>U</gccode>
    <note>We agree with both BHS 1997 and BHQ on an unexpected reading. </note>
  </note>
  <note>
    <code>22</code>
    <gccode>V</gccode>
    <note>We read one or more vowels in L differently from BHQ. </note>
  </note>
  <note>
    <code>X</code>
    <gccode>X</gccode>
    <note>This verse does NOT occur in the Leningrad Codex. </note>
  </note>
</notes>
</Tanach>
