<?xml version="1.0" encoding="UTF-8" standalone="no"?>
<!-- Copyright C.V.Kimball 2013 --><Tanach xmlns:xsi="http://www.w3.org/2001/XMLSchema-instance" xsi:noNamespaceSchemaLocation="../XSL/Tanach.xsd">
<teiHeader>
  <fileDesc>
    <titleStmt>
      <title level="s" type="uniform">Tanach</title>
      <title level="s" type="uniformhebrew">תנ״ך</title>
      <title level="s" type="main">Unicode/XML Leningrad Codex</title>
      <title level="a" type="main">Song of Songs</title>
      <title level="a" type="mainhebrew">שיר השירים</title>
      <title level="a" type="filename">Song_of_Songs</title>
      <editor>Shemu'el ben Ya'akov</editor>
      <editor>Aharon ben-Mosheh ben-Asher</editor>
      <respStmt>
        <resp>Publisher:</resp>
        <name>Christopher V. Kimball</name>
        <name type="email">mail@cvkimball.com</name>
      </respStmt>
    </titleStmt>
    <editionStmt>
      <edition>Unicode/XML Leningrad Codex (UXLC)
        <version>UXLC 1.1</version>
        <date>19 Oct 2020</date>
        <build>26.1</build>
        <buildDateTime>06 Oct 2020  10:00</buildDateTime>
      </edition>
<respStmt>
<resp>WLC2XML[28 Aug 2020] - Transcription from Michigan-Claremont encoding to Unicode with XML markings. See details in notes.</resp>
<resp>Updater[27 Sep 2020] - Changes.xml file dated 2020.02.19 . </resp>
<resp>Updater[27 Sep 2020] - Changes.xml file dated 2020.10.19 . </resp>
<resp>ScanReplace/NoteRemover[4 Sep 2020] - Removes 14 notes: 1, a, c, k, p, q, v, y, C, K, P, Q, U, V .</resp>
<resp>ScanReplace/Jerusalem[1 Sep 2020] - Places CGJ in Jerusalem VUV words.</resp>
</respStmt>
    </editionStmt>
    <extent>55184</extent>
    <publicationStmt>
      <distributor>Via web site:
        <name>Christopher V. Kimball</name>
        <name type="url">https://www.tanach.us/Tanach.xml</name>
        <name type="email">mail@cvkimball.com</name>
      </distributor>
      <availability status="free">Freely available</availability>
    </publicationStmt>
    <notesStmt>
      <note>The original text file wlc420_ps.txt was provided by the Groves Center. 
The file has the MD5 hash: d31a 6a6e 9afa bf82 272c 2efb 0522 a12e 
and was dated 25 Jan 2016. Six transcription notes (5,7,F) have been moved to the noted character (Lev 11:42.4, Judg 18:30.11, Isa 9.6.1, Ps 80:14.3, Job 38:13.5, Job 38:15.2) to produce the file wlc420_ps_td.txt for conversion to Unicode and XML by the program WLC2XML. The only other changes to the Groves Center text are: The book names in English and Hebrew of the Jewish Publication Society Tanach and book abbreviations from the New Revised Standard Version have been added. </note>
    </notesStmt>
    <sourceDesc>
      <biblItem>
        <title>Hebrew Bible</title>
        <title>Leningrad Codex</title>
        <editor>Shemu'el ben Ya'akov</editor>
        <editor>Aharon ben-Mosheh ben-Asher</editor>
        <edition>Original document</edition>
        <imprint>
          <publisher>Russian National Library (Saltykov-Shchedrin)</publisher>
          <pubPlace>St. Petersburg (Leningrad)</pubPlace>
          <date>1008</date>
        </imprint>
        <idno type="Accession">Firkovich B 19 A</idno>
      </biblItem>
      <biblItem>
        <title>The Leningrad Codex - A Facsimile Edition</title>
        <editor>Freedman, David Noel</editor>
        <editor>Beck, Astrid B.</editor>
        <edition>First</edition>
        <imprint>
          <publisher>Wm. B. Eerdmans Publishing Co.</publisher>
          <pubPlace>Grand Rapids, MI</pubPlace>
          <date>1998</date>
        </imprint>
        <idno type="IBSN">0-8028-3786-7</idno>
      </biblItem>
      <biblItem>
        <title>The Westminster Leningrad Codex</title>
        <editor>Salisbury, Stephen K.</editor>
        <edition>WLC 4.20</edition>
        <imprint>
          <publisher>The J. Alan Groves Center for Advanced Biblical Research ("Groves Center").</publisher>
          <pubPlace>2960 Church Rd.</pubPlace>
          <pubPlace>Glenside, PA 19038</pubPlace>
          <date>25 January 2016</date>
        </imprint>
        <idno type="Unknown"/>
      </biblItem>
    </sourceDesc>
  </fileDesc>
  <encodingDesc>
  </encodingDesc>
  <profileDesc>
    <creation>From the Westminster Leningrad Codex [WLC 4.20], provided by the Groves Center.</creation>
    <date>25 Jan 2016</date>
    <langUsage>
      <language ident="HE">Hebrew</language>
    </langUsage>
  </profileDesc>
</teiHeader>
<tanach>
  <book>
    <names>
      <name>Song of Songs</name>
      <abbrev>Song</abbrev>
      <number>30</number>
      <filename>Song_of_Songs</filename>
      <hebrewname>שיר השירים</hebrewname>
    </names>
    <c n="1">
      <v n="1">
        <w>שִׁ֥יר</w>
        <w>הַ/שִּׁירִ֖ים</w>
        <w>אֲשֶׁ֥ר</w>
        <w>לִ/שְׁלֹמֹֽה׃</w>
      </v>
      <v n="2">
        <w>יִשָּׁקֵ֙/נִי֙</w>
        <w>מִ/נְּשִׁיק֣וֹת</w>
        <w>פִּ֔י/הוּ</w>
        <w>כִּֽי־</w>
        <w>טוֹבִ֥ים</w>
        <w>דֹּדֶ֖י/ךָ</w>
        <w>מִ/יָּֽיִן׃</w>
      </v>
      <v n="3">
        <w>לְ/רֵ֙יחַ֙</w>
        <w>שְׁמָנֶ֣י/ךָ</w>
        <w>טוֹבִ֔ים</w>
        <w>שֶׁ֖מֶן</w>
        <w>תּוּרַ֣ק</w>
        <w>שְׁמֶ֑/ךָ</w>
        <w>עַל־</w>
        <w>כֵּ֖ן</w>
        <w>עֲלָמ֥וֹת</w>
        <w>אֲהֵבֽוּ/ךָ׃</w>
      </v>
      <v n="4">
        <w>מָשְׁכֵ֖/נִי</w>
        <w>אַחֲרֶ֣י/ךָ</w>
        <w>נָּר֑וּצָה</w>
        <w>הֱבִיאַ֨/נִי</w>
        <w>הַ/מֶּ֜לֶךְ</w>
        <w>חֲדָרָ֗י/ו</w>
        <w>נָגִ֤ילָה</w>
        <w>וְ/נִשְׂמְחָה֙</w>
        <w>בָּ֔/ךְ</w>
        <w>נַזְכִּ֤ירָה</w>
        <w>דֹדֶ֙י/ךָ֙</w>
        <w>מִ/יַּ֔יִן</w>
        <w>מֵישָׁרִ֖ים</w>
        <w>אֲהֵבֽוּ/ךָ׃</w>
        <samekh/>
      </v>
      <v n="5">
        <w>שְׁחוֹרָ֤ה</w>
        <w>אֲנִי֙</w>
        <w>וְֽ/נָאוָ֔ה</w>
        <w>בְּנ֖וֹת</w>
        <w>יְרוּשָׁלָ֑͏ִם</w>
        <w>כְּ/אָהֳלֵ֣י</w>
        <w>קֵדָ֔ר</w>
        <w>כִּ/ירִיע֖וֹת</w>
        <w>שְׁלֹמֹֽה׃</w>
      </v>
      <v n="6">
        <w>אַל־</w>
        <w>תִּרְא֙וּ/נִי֙</w>
        <w>שֶׁ/אֲנִ֣י</w>
        <w>שְׁחַרְחֹ֔רֶת</w>
        <w>שֶׁ/שֱּׁזָפַ֖תְ/נִי</w>
        <w>הַ/שָּׁ֑מֶשׁ</w>
        <w>בְּנֵ֧י</w>
        <w>אִמִּ֣/י</w>
        <w>נִֽחֲרוּ־</w>
        <w>בִ֗/י</w>
        <w>שָׂמֻ֙/נִי֙</w>
        <w>נֹטֵרָ֣ה</w>
        <w>אֶת־</w>
        <w>הַ/כְּרָמִ֔ים</w>
        <w>כַּרְמִ֥/י</w>
        <w>שֶׁ/לִּ֖/י</w>
        <w>לֹ֥א</w>
        <w>נָטָֽרְתִּי׃</w>
      </v>
      <v n="7">
        <w>הַגִּ֣ידָ/ה</w>
        <w>לִּ֗/י</w>
        <w>שֶׁ֤/אָהֲבָה֙</w>
        <w>נַפְשִׁ֔/י</w>
        <w>אֵיכָ֣ה</w>
        <w>תִרְעֶ֔ה</w>
        <w>אֵיכָ֖ה</w>
        <w>תַּרְבִּ֣יץ</w>
        <w>בַּֽ/צָּהֳרָ֑יִם</w>
        <w>שַׁ/לָּ/מָ֤ה</w>
        <w>אֶֽהְיֶה֙</w>
        <w>כְּ/עֹ֣טְיָ֔ה</w>
        <w>עַ֖ל</w>
        <w>עֶדְרֵ֥י</w>
        <w>חֲבֵרֶֽי/ךָ׃</w>
      </v>
      <v n="8">
        <w>אִם־</w>
        <w>לֹ֤א</w>
        <w>תֵדְעִי֙</w>
        <w>לָ֔/ךְ</w>
        <w>הַ/יָּפָ֖ה</w>
        <w>בַּ/נָּשִׁ֑ים</w>
        <w>צְֽאִי־</w>
        <w>לָ֞/ךְ</w>
        <w>בְּ/עִקְבֵ֣י</w>
        <w>הַ/צֹּ֗אן</w>
        <w>וּ/רְעִי֙</w>
        <w>אֶת־</w>
        <w>גְּדִיֹּתַ֔יִ/ךְ</w>
        <w>עַ֖ל</w>
        <w>מִשְׁכְּנ֥וֹת</w>
        <w>הָ/רֹעִֽים׃</w>
        <samekh/>
      </v>
      <v n="9">
        <w>לְ/סֻסָתִ/י֙</w>
        <w>בְּ/רִכְבֵ֣י</w>
        <w>פַרְעֹ֔ה</w>
        <w>דִּמִּיתִ֖י/ךְ</w>
        <w>רַעְיָתִֽ/י׃</w>
      </v>
      <v n="10">
        <w>נָאו֤וּ</w>
        <w>לְחָיַ֙יִ/ךְ֙</w>
        <w>בַּ/תֹּרִ֔ים</w>
        <w>צַוָּארֵ֖/ךְ</w>
        <w>בַּ/חֲרוּזִֽים׃</w>
      </v>
      <v n="11">
        <w>תּוֹרֵ֤י</w>
        <w>זָהָב֙</w>
        <w>נַעֲשֶׂה־</w>
        <w>לָּ֔/ךְ</w>
        <w>עִ֖ם</w>
        <w>נְקֻדּ֥וֹת</w>
        <w>הַ/כָּֽסֶף׃</w>
      </v>
      <v n="12">
        <w>עַד־</w>
        <w>שֶׁ֤/הַ/מֶּ֙לֶךְ֙</w>
        <w>בִּ/מְסִבּ֔/וֹ</w>
        <w>נִרְדִּ֖/י</w>
        <w>נָתַ֥ן</w>
        <w>רֵיחֽ/וֹ׃</w>
      </v>
      <v n="13">
        <w>צְר֨וֹר</w>
        <w>הַ/מֹּ֤ר ׀</w>
        <w>דּוֹדִ/י֙</w>
        <w>לִ֔/י</w>
        <w>בֵּ֥ין</w>
        <w>שָׁדַ֖/י</w>
        <w>יָלִֽין׃</w>
      </v>
      <v n="14">
        <w>אֶשְׁכֹּ֨ל</w>
        <w>הַ/כֹּ֤פֶר ׀</w>
        <w>דּוֹדִ/י֙</w>
        <w>לִ֔/י</w>
        <w>בְּ/כַרְמֵ֖י</w>
        <w>עֵ֥ין</w>
        <w>גֶּֽדִי׃</w>
        <samekh/>
      </v>
      <v n="15">
        <w>הִנָּ֤/ךְ</w>
        <w>יָפָה֙</w>
        <w>רַעְיָתִ֔/י</w>
        <w>הִנָּ֥/ךְ</w>
        <w>יָפָ֖ה</w>
        <w>עֵינַ֥יִ/ךְ</w>
        <w>יוֹנִֽים׃</w>
      </v>
      <v n="16">
        <w>הִנְּ/ךָ֨

</w>
        <w>יָפֶ֤ה</w>
        <w>דוֹדִ/י֙</w>
        <w>אַ֣ף</w>
        <w>נָעִ֔ים</w>
        <w>אַף־</w>
        <w>עַרְשֵׂ֖/נוּ</w>
        <w>רַעֲנָנָֽה׃</w>
      </v>
      <v n="17">
        <w>קֹר֤וֹת</w>
        <w>בָּתֵּ֙י/נוּ֙</w>
        <w>אֲרָזִ֔ים</w>
        <k>רחיט/נו</k>
        <q>רַהִיטֵ֖/נוּ</q>
        <w>בְּרוֹתִֽים׃</w>
      </v>
      <vs>17</vs>
    </c>
    <c n="2">
      <v n="1">
        <w>אֲנִי֙</w>
        <w>חֲבַצֶּ֣לֶת</w>
        <w>הַ/שָּׁר֔וֹן</w>
        <w>שֽׁוֹשַׁנַּ֖ת</w>
        <w>הָ/עֲמָקִֽים׃</w>
      </v>
      <v n="2">
        <w>כְּ/שֽׁוֹשַׁנָּה֙</w>
        <w>בֵּ֣ין</w>
        <w>הַ/חוֹחִ֔ים</w>
        <w>כֵּ֥ן</w>
        <w>רַעְיָתִ֖/י</w>
        <w>בֵּ֥ין</w>
        <w>הַ/בָּנֽוֹת׃</w>
      </v>
      <v n="3">
        <w>כְּ/תַפּ֙וּחַ֙</w>
        <w>בַּ/עֲצֵ֣י</w>
        <w>הַ/יַּ֔עַר</w>
        <w>כֵּ֥ן</w>
        <w>דּוֹדִ֖/י</w>
        <w>בֵּ֣ין</w>
        <w>הַ/בָּנִ֑ים</w>
        <w>בְּ/צִלּ/וֹ֙</w>
        <w>חִמַּ֣דְתִּי</w>
        <w>וְ/יָשַׁ֔בְתִּי</w>
        <w>וּ/פִרְי֖/וֹ</w>
        <w>מָת֥וֹק</w>
        <w>לְ/חִכִּֽ/י׃</w>
      </v>
      <v n="4">
        <w>הֱבִיאַ֙/נִי֙</w>
        <w>אֶל־</w>
        <w>בֵּ֣ית</w>
        <w>הַ/יָּ֔יִן</w>
        <w>וְ/דִגְל֥/וֹ</w>
        <w>עָלַ֖/י</w>
        <w>אַהֲבָֽה׃</w>
      </v>
      <v n="5">
        <w>סַמְּכ֙וּ/נִי֙</w>
        <w>בָּֽ/אֲשִׁישׁ֔וֹת</w>
        <w>רַפְּד֖וּ/נִי</w>
        <w>בַּ/תַּפּוּחִ֑ים</w>
        <w>כִּי־</w>
        <w>חוֹלַ֥ת</w>
        <w>אַהֲבָ֖ה</w>
        <w>אָֽנִי׃</w>
      </v>
      <v n="6">
        <w>שְׂמֹאל/וֹ֙</w>
        <w>תַּ֣חַת</w>
        <w>לְ/רֹאשִׁ֔/י</w>
        <w>וִ/ימִינ֖/וֹ</w>
        <w>תְּחַבְּקֵֽ/נִי׃</w>
      </v>
      <v n="7">
        <w>הִשְׁבַּ֨עְתִּי</w>
        <w>אֶתְ/כֶ֜ם</w>
        <w>בְּנ֤וֹת</w>
        <w>יְרוּשָׁלִַ֙ם֙</w>
        <w>בִּ/צְבָא֔וֹת</w>
        <w>א֖וֹ</w>
        <w>בְּ/אַיְל֣וֹת</w>
        <w>הַ/שָּׂדֶ֑ה</w>
        <w>אִם־</w>
        <w>תָּעִ֧ירוּ ׀</w>
        <w>וְֽ/אִם־</w>
        <w>תְּעֽוֹרְר֛וּ</w>
        <w>אֶת־</w>
        <w>הָ/אַהֲבָ֖ה</w>
        <w>עַ֥ד</w>
        <w>שֶׁ/תֶּחְפָּֽץ׃</w>
        <samekh/>
      </v>
      <v n="8">
        <w>ק֣וֹל</w>
        <w>דּוֹדִ֔/י</w>
        <w>הִנֵּה־</w>
        <w>זֶ֖ה</w>
        <w>בָּ֑א</w>
        <w>מְדַלֵּג֙</w>
        <w>עַל־</w>
        <w>הֶ֣/הָרִ֔ים</w>
        <w>מְקַפֵּ֖ץ</w>
        <w>עַל־</w>
        <w>הַ/גְּבָעֽוֹת׃</w>
      </v>
      <v n="9">
        <w>דּוֹמֶ֤ה</w>
        <w>דוֹדִ/י֙</w>
        <w>לִ/צְבִ֔י</w>
        <w>א֖וֹ</w>
        <w>לְ/עֹ֣פֶר</w>
        <w>הָֽ/אַיָּלִ֑ים</w>
        <w>הִנֵּה־</w>
        <w>זֶ֤ה</w>
        <w>עוֹמֵד֙</w>
        <w>אַחַ֣ר</w>
        <w>כָּתְלֵ֔/נוּ</w>
        <w>מַשְׁגִּ֙יחַ֙</w>
        <w>מִן־</w>
        <w>הַֽ/חֲלֹּנ֔וֹת</w>
        <w>מֵצִ֖יץ</w>
        <w>מִן־</w>
        <w>הַֽ/חֲרַכִּֽים׃</w>
      </v>
      <v n="10">
        <w>עָנָ֥ה</w>
        <w>דוֹדִ֖/י</w>
        <w>וְ/אָ֣מַר</w>
        <w>לִ֑/י</w>
        <w>ק֥וּמִי</w>
        <w>לָ֛/ךְ</w>
        <w>רַעְיָתִ֥/י</w>
        <w>יָפָתִ֖/י</w>
        <w>וּ/לְכִי־</w>
        <w>לָֽ/ךְ׃</w>
      </v>
      <v n="11">
        <w>כִּֽי־</w>
        <w>הִנֵּ֥ה</w>
        <k>ה/סתו</k>
        <q>הַ/סְּתָ֖יו</q>
        <w>עָבָ֑ר</w>
        <w>הַ/גֶּ֕שֶׁם</w>
        <w>חָלַ֖ף</w>
        <w>הָלַ֥ךְ</w>
        <w>לֽ/וֹ׃</w>
      </v>
      <v n="12">
        <w>הַ/נִּצָּנִים֙</w>
        <w>נִרְא֣וּ</w>
        <w>בָ/אָ֔רֶץ</w>
        <w>עֵ֥ת</w>
        <w>הַ/זָּמִ֖יר</w>
        <w>הִגִּ֑יעַ</w>
        <w>וְ/ק֥וֹל</w>
        <w>הַ/תּ֖וֹר</w>
        <w>נִשְׁמַ֥ע</w>
        <w>בְּ/אַרְצֵֽ/נוּ׃</w>
      </v>
      <v n="13">
        <w>הַ/תְּאֵנָה֙</w>
        <w>חָֽנְטָ֣ה</w>
        <w>פַגֶּ֔י/הָ</w>
        <w>וְ/הַ/גְּפָנִ֥ים ׀</w>
        <w>סְמָדַ֖ר</w>
        <w>נָ֣תְנוּ</w>
        <w>רֵ֑יחַ</w>
        <w>ק֥וּמִי</w>
        <k>לכי</k>
        <q>לָ֛/ךְ</q>
        <w>רַעְיָתִ֥/י</w>
        <w>יָפָתִ֖/י</w>
        <w>וּ/לְכִי־</w>
        <w>לָֽ/ךְ׃</w>
        <samekh/>
      </v>
      <v n="14">
        <w>יוֹנָתִ֞/י</w>
        <w>בְּ/חַגְוֵ֣י</w>
        <w>הַ/סֶּ֗לַע</w>
        <w>בְּ/סֵ֙תֶר֙</w>
        <w>הַ/מַּדְרֵגָ֔ה</w>
        <w>הַרְאִ֙י/נִי֙</w>
        <w>אֶתּ־</w>
        <w>מַרְאַ֔יִ/ךְ
<x>n</x>

</w>
        <w>הַשְׁמִיעִ֖י/נִי</w>
        <w>אֶת־</w>
        <w>קוֹלֵ֑/ךְ</w>
        <w>כִּי־</w>
        <w>קוֹלֵ֥/ךְ</w>
        <w>עָרֵ֖ב</w>
        <w>וּ/מַרְאֵ֥י/ךְ</w>
        <w>נָאוֶֽה׃</w>
        <samekh/>
      </v>
      <v n="15">
        <w>אֶֽחֱזוּ־</w>
        <w>לָ֙/נוּ֙</w>
        <w>שֽׁוּעָלִ֔ים</w>
        <w>שֽׁוּעָלִ֥ים</w>
        <w>קְטַנִּ֖ים</w>
        <w>מְחַבְּלִ֣ים</w>
        <w>כְּרָמִ֑ים</w>
        <w>וּ/כְרָמֵ֖י/נוּ</w>
        <w>סְמָדַֽר׃</w>
      </v>
      <v n="16">
        <w>דּוֹדִ֥/י</w>
        <w>לִ/י֙</w>
        <w>וַ/אֲנִ֣י</w>
        <w>ל֔/וֹ</w>
        <w>הָ/רֹעֶ֖ה</w>
        <w>בַּ/שּׁוֹשַׁנִּֽים׃</w>
      </v>
      <v n="17">
        <w>עַ֤ד</w>
        <w>שֶׁ/יָּפ֙וּחַ֙</w>
        <w>הַ/יּ֔וֹם</w>
        <w>וְ/נָ֖סוּ</w>
        <w>הַ/צְּלָלִ֑ים</w>
        <w>סֹב֩</w>
        <w>דְּמֵה־</w>
        <w>לְ/ךָ֨

</w>
        <w>דוֹדִ֜/י</w>
        <w>לִ/צְבִ֗י</w>
        <w>א֛וֹ</w>
        <w>לְ/עֹ֥פֶר</w>
        <w>הָ/אַיָּלִ֖ים</w>
        <w>עַל־</w>
        <w>הָ֥רֵי</w>
        <w>בָֽתֶר׃</w>
        <samekh/>
      </v>
      <vs>17</vs>
    </c>
    <c n="3">
      <v n="1">
        <w>עַל־</w>
        <w>מִשְׁכָּבִ/י֙</w>
        <w>בַּ/לֵּיל֔וֹת</w>
        <w>בִּקַּ֕שְׁתִּי</w>
        <w>אֵ֥ת</w>
        <w>שֶׁ/אָהֲבָ֖ה</w>
        <w>נַפְשִׁ֑/י</w>
        <w>בִּקַּשְׁתִּ֖י/ו</w>
        <w>וְ/לֹ֥א</w>
        <w>מְצָאתִֽי/ו׃</w>
      </v>
      <v n="2">
        <w>אָק֨וּמָה</w>
        <w>נָּ֜א</w>
        <w>וַ/אֲסוֹבְבָ֣ה</w>
        <w>בָ/עִ֗יר</w>
        <w>בַּ/שְּׁוָקִים֙</w>
        <w>וּ/בָ֣/רְחֹב֔וֹת</w>
        <w>אֲבַקְשָׁ֕ה</w>
        <w>אֵ֥ת</w>
        <w>שֶׁ/אָהֲבָ֖ה</w>
        <w>נַפְשִׁ֑/י</w>
        <w>בִּקַּשְׁתִּ֖י/ו</w>
        <w>וְ/לֹ֥א</w>
        <w>מְצָאתִֽי/ו׃</w>
      </v>
      <v n="3">
        <w>מְצָא֙וּ/נִי֙</w>
        <w>הַ/שֹּׁ֣מְרִ֔ים</w>
        <w>הַ/סֹּבְבִ֖ים</w>
        <w>בָּ/עִ֑יר</w>
        <w>אֵ֛ת</w>
        <w>שֶׁ/אָהֲבָ֥ה</w>
        <w>נַפְשִׁ֖/י</w>
        <w>רְאִיתֶֽם׃</w>
      </v>
      <v n="4">
        <w>כִּ/מְעַט֙</w>
        <w>שֶׁ/עָבַ֣רְתִּי</w>
        <w>מֵ/הֶ֔ם</w>
        <w>עַ֣ד</w>
        <w>שֶֽׁ/מָּצָ֔אתִי</w>
        <w>אֵ֥ת</w>
        <w>שֶׁ/אָהֲבָ֖ה</w>
        <w>נַפְשִׁ֑/י</w>
        <w>אֲחַזְתִּי/ו֙</w>
        <w>וְ/לֹ֣א</w>
        <w>אַרְפֶּ֔/נּוּ</w>
        <w>עַד־</w>
        <w>שֶׁ֤/הֲבֵיאתִי/ו֙</w>
        <w>אֶל־</w>
        <w>בֵּ֣ית</w>
        <w>אִמִּ֔/י</w>
        <w>וְ/אֶל־</w>
        <w>חֶ֖דֶר</w>
        <w>הוֹרָתִֽ/י׃</w>
      </v>
      <v n="5">
        <w>הִשְׁבַּ֨עְתִּי</w>
        <w>אֶתְ/כֶ֜ם</w>
        <w>בְּנ֤וֹת</w>
        <w>יְרוּשָׁלִַ֙ם֙</w>
        <w>בִּ/צְבָא֔וֹת</w>
        <w>א֖וֹ</w>
        <w>בְּ/אַיְל֣וֹת</w>
        <w>הַ/שָּׂדֶ֑ה</w>
        <w>אִם־</w>
        <w>תָּעִ֧ירוּ ׀</w>
        <w>וְֽ/אִם־</w>
        <w>תְּעֽוֹרְר֛וּ</w>
        <w>אֶת־</w>
        <w>הָ/אַהֲבָ֖ה</w>
        <w>עַ֥ד</w>
        <w>שֶׁ/תֶּחְפָּֽץ׃</w>
        <samekh/>
      </v>
      <v n="6">
        <w>מִ֣י</w>
        <w>זֹ֗את</w>
        <w>עֹלָה֙</w>
        <w>מִן־</w>
        <w>הַ/מִּדְבָּ֔ר</w>
        <w>כְּ/תִֽימֲר֖וֹת</w>
        <w>עָשָׁ֑ן</w>
        <w>מְקֻטֶּ֤רֶת</w>
        <w>מוֹר֙</w>
        <w>וּ/לְבוֹנָ֔ה</w>
        <w>מִ/כֹּ֖ל</w>
        <w>אַבְקַ֥ת</w>
        <w>רוֹכֵֽל׃</w>
      </v>
      <v n="7">
        <w>הִנֵּ֗ה</w>
        <w>מִטָּת/וֹ֙</w>
        <w>שֶׁ/לִּ/שְׁלֹמֹ֔ה</w>
        <w>שִׁשִּׁ֥ים</w>
        <w>גִּבֹּרִ֖ים</w>
        <w>סָבִ֣יב</w>
        <w>לָ֑/הּ</w>
        <w>מִ/גִּבֹּרֵ֖י</w>
        <w>יִשְׂרָאֵֽל׃</w>
      </v>
      <v n="8">
        <w>כֻּלָּ/ם֙
</w>
        <w>אֲחֻ֣זֵי</w>
        <w>חֶ֔רֶב</w>
        <w>מְלֻמְּדֵ֖י</w>
        <w>מִלְחָמָ֑ה</w>
        <w>אִ֤ישׁ</w>
        <w>חַרְבּ/וֹ֙</w>
        <w>עַל־</w>
        <w>יְרֵכ֔/וֹ</w>
        <w>מִ/פַּ֖חַד</w>
        <w>בַּ/לֵּילּֽוֹת׃
<x>n</x>

</w>
        <samekh/>
      </v>
      <v n="9">
        <w>אַפִּרְי֗וֹן</w>
        <w>עָ֤שָׂה</w>
        <w>ל/וֹ֙</w>
        <w>הַ/מֶּ֣לֶךְ</w>
        <w>שְׁלֹמֹ֔ה</w>
        <w>מֵ/עֲצֵ֖י</w>
        <w>הַ/לְּבָנֽוֹן׃</w>
      </v>
      <v n="10">
        <w>עַמּוּדָי/ו֙</w>
        <w>עָ֣שָׂה</w>
        <w>כֶ֔סֶף</w>
        <w>רְפִידָת֣/וֹ</w>
        <w>זָהָ֔ב</w>
        <w>מֶרְכָּב֖/וֹ</w>
        <w>אַרְגָּמָ֑ן</w>
        <w>תּוֹכ/וֹ֙</w>
        <w>רָצ֣וּף</w>
        <w>אַהֲבָ֔ה</w>
        <w>מִ/בְּנ֖וֹת</w>
        <w>יְרוּשָׁלָֽ͏ִם׃</w>
      </v>
      <v n="11">
        <w>צְאֶ֧ינָה ׀</w>
        <w>וּֽ/רְאֶ֛ינָה</w>
        <w>בְּנ֥וֹת</w>
        <w>צִיּ֖וֹן</w>
        <w>בַּ/מֶּ֣לֶךְ</w>
        <w>שְׁלֹמֹ֑ה</w>
        <w>בָּ/עֲטָרָ֗ה</w>
        <w>שֶׁ/עִטְּרָה־</w>
        <w>לּ֤/וֹ</w>
        <w>אִמּ/וֹ֙</w>
        <w>בְּ/י֣וֹם</w>
        <w>חֲתֻנָּת֔/וֹ</w>
        <w>וּ/בְ/י֖וֹם</w>
        <w>שִׂמְחַ֥ת</w>
        <w>לִבּֽ/וֹ׃</w>
        <samekh/>
      </v>
      <vs>11</vs>
    </c>
    <c n="4">
      <v n="1">
        <w>הִנָּ֨/ךְ</w>
        <w>יָפָ֤ה</w>
        <w>רַעְיָתִ/י֙</w>
        <w>הִנָּ֣/ךְ</w>
        <w>יָפָ֔ה</w>
        <w>עֵינַ֣יִ/ךְ</w>
        <w>יוֹנִ֔ים</w>
        <w>מִ/בַּ֖עַד</w>
        <w>לְ/צַמָּתֵ֑/ךְ</w>
        <w>שַׂעְרֵ/ךְ֙</w>
        <w>כְּ/עֵ֣דֶר</w>
        <w>הָֽ/עִזִּ֔ים</w>
        <w>שֶׁ/גָּלְשׁ֖וּ</w>
        <w>מֵ/הַ֥ר</w>
        <w>גִּלְעָֽד׃</w>
      </v>
      <v n="2">
        <w>שִׁנַּ֙יִ/ךְ֙</w>
        <w>כְּ/עֵ֣דֶר</w>
        <w>הַ/קְּצוּב֔וֹת</w>
        <w>שֶׁ/עָל֖וּ</w>
        <w>מִן־</w>
        <w>הָ/רַחְצָ֑ה</w>
        <w>שֶׁ/כֻּלָּ/ם֙</w>
        <w>מַתְאִימ֔וֹת</w>
        <w>וְ/שַׁכֻּלָ֖ה</w>
        <w>אֵ֥ין</w>
        <w>בָּ/הֶֽם׃</w>
      </v>
      <v n="3">
        <w>כְּ/ח֤וּט</w>
        <w>הַ/שָּׁנִי֙</w>
        <w>שִׂפְתֹתַ֔יִ/ךְ</w>
        <w>וּ/מִדְבָּרֵ֖י/ךְ</w>
        <w>נָאוֶ֑ה</w>
        <w>כְּ/פֶ֤לַח</w>
        <w>הָֽ/רִמּוֹן֙</w>
        <w>רַקָּתֵ֔/ךְ</w>
        <w>מִ/בַּ֖עַד</w>
        <w>לְ/צַמָּתֵֽ/ךְ׃</w>
      </v>
      <v n="4">
        <w>כְּ/מִגְדַּ֤ל</w>
        <w>דָּוִיד֙</w>
        <w>צַוָּארֵ֔/ךְ</w>
        <w>בָּנ֖וּי</w>
        <w>לְ/תַלְפִּיּ֑וֹת</w>
        <w>אֶ֤לֶף</w>
        <w>הַ/מָּגֵן֙</w>
        <w>תָּל֣וּי</w>
        <w>עָלָ֔י/ו</w>
        <w>כֹּ֖ל</w>
        <w>שִׁלְטֵ֥י</w>
        <w>הַ/גִּבּוֹרִֽים׃</w>
      </v>
      <v n="5">
        <w>שְׁנֵ֥י</w>
        <w>שָׁדַ֛יִ/ךְ</w>
        <w>כִּ/שְׁנֵ֥י</w>
        <w>עֳפָרִ֖ים</w>
        <w>תְּאוֹמֵ֣י</w>
        <w>צְבִיָּ֑ה</w>
        <w>הָ/רוֹעִ֖ים</w>
        <w>בַּ/שּׁוֹשַׁנִּֽים׃</w>
      </v>
      <v n="6">
        <w>עַ֤ד</w>
        <w>שֶׁ/יָּפ֙וּחַ֙</w>
        <w>הַ/יּ֔וֹם</w>
        <w>וְ/נָ֖סוּ</w>
        <w>הַ/צְּלָלִ֑ים</w>
        <w>אֵ֤לֶךְ</w>
        <w>לִ/י֙</w>
        <w>אֶל־</w>
        <w>הַ֣ר</w>
        <w>הַ/מּ֔וֹר</w>
        <w>וְ/אֶל־</w>
        <w>גִּבְעַ֖ת</w>
        <w>הַ/לְּבוֹנָֽה׃</w>
      </v>
      <v n="7">
        <w>כֻּלָּ֤/ךְ</w>
        <w>יָפָה֙</w>
        <w>רַעְיָתִ֔/י</w>
        <w>וּ/מ֖וּם</w>
        <w>אֵ֥ין</w>
        <w>בָּֽ/ךְ׃</w>
        <samekh/>
      </v>
      <v n="8">
        <w>אִתִּ֤/י</w>
        <w>מִ/לְּבָנוֹן֙</w>
        <w>כַּלָּ֔ה</w>
        <w>אִתִּ֖/י</w>
        <w>מִ/לְּבָנ֣וֹן</w>
        <w>תָּב֑וֹאִי</w>
        <w>תָּשׁ֣וּרִי ׀</w>
        <w>מֵ/רֹ֣אשׁ</w>
        <w>אֲמָנָ֗ה</w>
        <w>מֵ/רֹ֤אשׁ</w>
        <w>שְׂנִיר֙</w>
        <w>וְ/חֶרְמ֔וֹן</w>
        <w>מִ/מְּעֹנ֣וֹת</w>
        <w>אֲרָי֔וֹת</w>
        <w>מֵֽ/הַרְרֵ֖י</w>
        <w>נְמֵרִֽים׃</w>
      </v>
      <v n="9">
        <w>לִבַּבְתִּ֖/נִי</w>
        <w>אֲחֹתִ֣/י</w>
        <w>כַלָּ֑ה</w>
        <w>לִבַּבְתִּ֙י/נִי֙</w>
        <k>ב/אחד</k>
        <q>בְּ/אַחַ֣ת</q>
        <w>מֵ/עֵינַ֔יִ/ךְ</w>
        <w>בְּ/אַחַ֥ד</w>
        <w>עֲנָ֖ק</w>
        <w>מִ/צַּוְּרֹנָֽיִ/ךְ׃</w>
      </v>
      <v n="10">
        <w>מַה־</w>
        <w>יָּפ֥וּ</w>
        <w>דֹדַ֖יִ/ךְ</w>
        <w>אֲחֹתִ֣/י</w>
        <w>כַלָּ֑ה</w>
        <w>מַה־</w>
        <w>טֹּ֤בוּ</w>
        <w>דֹדַ֙יִ/ךְ֙</w>
        <w>מִ/יַּ֔יִן</w>
        <w>וְ/רֵ֥יחַ</w>
        <w>שְׁמָנַ֖יִ/ךְ</w>
        <w>מִ/כָּל־</w>
        <w>בְּשָׂמִֽים׃</w>
      </v>
      <v n="11">
        <w>נֹ֛פֶת</w>
        <w>תִּטֹּ֥פְנָה</w>
        <w>שִׂפְתוֹתַ֖יִ/ךְ</w>
        <w>כַּלָּ֑ה</w>
        <w>דְּבַ֤שׁ</w>
        <w>וְ/חָלָב֙</w>
        <w>תַּ֣חַת</w>
        <w>לְשׁוֹנֵ֔/ךְ</w>
        <w>וְ/רֵ֥יחַ</w>
        <w>שַׂלְמֹתַ֖יִ/ךְ</w>
        <w>כְּ/רֵ֥יחַ</w>
        <w>לְבָנֽוֹן׃</w>
        <samekh/>
      </v>
      <v n="12">
        <w>גַּ֥ן ׀</w>
        <w>נָע֖וּל</w>
        <w>אֲחֹתִ֣/י</w>
        <w>כַלָּ֑ה</w>
        <w>גַּ֥ל</w>
        <w>נָע֖וּל</w>
        <w>מַעְיָ֥ן</w>
        <w>חָתֽוּם׃</w>
      </v>
      <v n="13">
        <w>שְׁלָחַ֙יִ/ךְ֙</w>
        <w>פַּרְדֵּ֣ס</w>
        <w>רִמּוֹנִ֔ים</w>
        <w>עִ֖ם</w>
        <w>פְּרִ֣י</w>
        <w>מְגָדִ֑ים</w>
        <w>כְּפָרִ֖ים</w>
        <w>עִם־</w>
        <w>נְרָדִֽים׃</w>
      </v>
      <v n="14">
        <w>נֵ֣רְדְּ ׀</w>
        <w>וְ/כַרְכֹּ֗ם</w>
        <w>קָנֶה֙</w>
        <w>וְ/קִנָּמ֔וֹן</w>
        <w>עִ֖ם</w>
        <w>כָּל־</w>
        <w>עֲצֵ֣י</w>
        <w>לְבוֹנָ֑ה</w>
        <w>מֹ֚ר</w>
        <w>וַ/אֲהָל֔וֹת</w>
        <w>עִ֖ם</w>
        <w>כָּל־</w>
        <w>רָאשֵׁ֥י</w>
        <w>בְשָׂמִֽים׃</w>
      </v>
      <v n="15">
        <w>מַעְיַ֣ן</w>
        <w>גַּנִּ֔ים</w>
        <w>בְּאֵ֖ר</w>
        <w>מַ֣יִם</w>
        <w>חַיִּ֑ים</w>
        <w>וְ/נֹזְלִ֖ים</w>
        <w>מִן־</w>
        <w>לְבָנֽוֹן׃</w>
      </v>
      <v n="16">
        <w>ע֤וּרִי</w>
        <w>צָפוֹן֙</w>
        <w>וּ/ב֣וֹאִי</w>
        <w>תֵימָ֔ן</w>
        <w>הָפִ֥יחִי</w>
        <w>גַנִּ֖/י</w>
        <w>יִזְּל֣וּ</w>
        <w>בְשָׂמָ֑י/ו</w>
        <w>יָבֹ֤א</w>
        <w>דוֹדִ/י֙</w>
        <w>לְ/גַנּ֔/וֹ</w>
        <w>וְ/יֹאכַ֖ל</w>
        <w>פְּרִ֥י</w>
        <w>מְגָדָֽי/ו׃</w>
      </v>
      <vs>16</vs>
    </c>
    <c n="5">
      <v n="1">
        <w>בָּ֣אתִי</w>
        <w>לְ/גַנִּ/י֮</w>
        <w>אֲחֹתִ֣/י</w>
        <w>כַלָּה֒</w>
        <w>אָרִ֤יתִי</w>
        <w>מוֹרִ/י֙</w>
        <w>עִם־</w>
        <w>בְּשָׂמִ֔/י</w>
        <w>אָכַ֤לְתִּי</w>
        <w>יַעְרִ/י֙</w>
        <w>עִם־</w>
        <w>דִּבְשִׁ֔/י</w>
        <w>שָׁתִ֥יתִי</w>
        <w>יֵינִ֖/י</w>
        <w>עִם־</w>
        <w>חֲלָבִ֑/י</w>
        <w>אִכְל֣וּ</w>
        <w>רֵעִ֔ים</w>
        <w>שְׁת֥וּ</w>
        <w>וְ/שִׁכְר֖וּ</w>
        <w>דּוֹדִֽים׃</w>
        <samekh/>
      </v>
      <v n="2">
        <w>אֲנִ֥י</w>
        <w>יְשֵׁנָ֖ה</w>
        <w>וְ/לִבִּ֣/י</w>
        <w>עֵ֑ר</w>
        <w>ק֣וֹל ׀</w>
        <w>דּוֹדִ֣/י</w>
        <w>דוֹפֵ֗ק</w>
        <w>פִּתְחִי־</w>
        <w>לִ֞/י</w>
        <w>אֲחֹתִ֤/י</w>
        <w>רַעְיָתִ/י֙</w>
        <w>יוֹנָתִ֣/י</w>
        <w>תַמָּתִ֔/י</w>
        <w>שֶׁ/רֹּאשִׁ/י֙</w>
        <w>נִמְלָא־</w>
        <w>טָ֔ל</w>
        <w>קְוֻּצּוֹתַ֖/י
</w>
        <w>רְסִ֥יסֵי</w>
        <w>לָֽיְלָה׃</w>
      </v>
      <v n="3">
        <w>פָּשַׁ֙טְתִּי֙</w>
        <w>אֶת־</w>
        <w>כֻּתָּנְתִּ֔/י</w>
        <w>אֵיכָ֖כָה</w>
        <w>אֶלְבָּשֶׁ֑/נָּה</w>
        <w>רָחַ֥צְתִּי</w>
        <w>אֶת־</w>
        <w>רַגְלַ֖/י</w>
        <w>אֵיכָ֥כָה</w>
        <w>אֲטַנְּפֵֽ/ם׃</w>
      </v>
      <v n="4">
        <w>דּוֹדִ֗/י</w>
        <w>שָׁלַ֤ח</w>
        <w>יָד/וֹ֙</w>
        <w>מִן־</w>
        <w>הַ/חֹ֔ר</w>
        <w>וּ/מֵעַ֖/י</w>
        <w>הָמ֥וּ</w>
        <w>עָלָֽי/ו׃</w>
      </v>
      <v n="5">
        <w>קַ֥מְתִּֽי</w>
        <w>אֲנִ֖י</w>
        <w>לִ/פְתֹּ֣חַ</w>
        <w>לְ/דוֹדִ֑/י</w>
        <w>וְ/יָדַ֣/י</w>
        <w>נָֽטְפוּ־</w>
        <w>מ֗וֹר</w>
        <w>וְ/אֶצְבְּעֹתַ/י֙</w>
        <w>מ֣וֹר</w>
        <w>עֹבֵ֔ר</w>
        <w>עַ֖ל</w>
        <w>כַּפּ֥וֹת</w>
        <w>הַ/מַּנְעֽוּל׃</w>
      </v>
      <v n="6">
        <w>פָּתַ֤חְתִּֽי</w>
        <w>אֲנִי֙</w>
        <w>לְ/דוֹדִ֔/י</w>
        <w>וְ/דוֹדִ֖/י</w>
        <w>חָמַ֣ק</w>
        <w>עָבָ֑ר</w>
        <w>נַפְשִׁ/י֙</w>
        <w>יָֽצְאָ֣ה</w>
        <w>בְ/דַבְּר֔/וֹ</w>
        <w>בִּקַּשְׁתִּ֙י/הוּ֙</w>
        <w>וְ/לֹ֣א</w>
        <w>מְצָאתִ֔י/הוּ</w>
        <w>קְרָאתִ֖י/ו</w>
        <w>וְ/לֹ֥א</w>
        <w>עָנָֽ/נִי׃</w>
      </v>
      <v n="7">
        <w>מְצָאֻ֧/נִי</w>
        <w>הַ/שֹּׁמְרִ֛ים</w>
        <w>הַ/סֹּבְבִ֥ים</w>
        <w>בָּ/עִ֖יר</w>
        <w>הִכּ֣וּ/נִי</w>
        <w>פְצָע֑וּ/נִי</w>
        <w>נָשְׂא֤וּ</w>
        <w>אֶת־</w>
        <w>רְדִידִ/י֙</w>
        <w>מֵֽ/עָלַ֔/י</w>
        <w>שֹׁמְרֵ֖י</w>
        <w>הַ/חֹמֽוֹת׃</w>
      </v>
      <v n="8">
        <w>הִשְׁבַּ֥עְתִּי</w>
        <w>אֶתְ/כֶ֖ם</w>
        <w>בְּנ֣וֹת</w>
        <w>יְרוּשָׁלָ֑͏ִם</w>
        <w>אִֽם־</w>
        <w>תִּמְצְאוּ֙</w>
        <w>אֶת־</w>
        <w>דּוֹדִ֔/י</w>
        <w>מַה־</w>
        <w>תַּגִּ֣ידוּ</w>
        <w>ל֔/וֹ</w>
        <w>שֶׁ/חוֹלַ֥ת</w>
        <w>אַהֲבָ֖ה</w>
        <w>אָֽנִי׃</w>
      </v>
      <v n="9">
        <w>מַה־</w>
        <w>דּוֹדֵ֣/ךְ</w>
        <w>מִ/דּ֔וֹד</w>
        <w>הַ/יָּפָ֖ה</w>
        <w>בַּ/נָּשִׁ֑ים</w>
        <w>מַה־</w>
        <w>דּוֹדֵ֣/ךְ</w>
        <w>מִ/דּ֔וֹד</w>
        <w>שֶׁ/כָּ֖כָה</w>
        <w>הִשְׁבַּעְתָּֽ/נוּ׃</w>
      </v>
      <v n="10">
        <w>דּוֹדִ֥/י</w>
        <w>צַח֙</w>
        <w>וְ/אָד֔וֹם</w>
        <w>דָּג֖וּל</w>
        <w>מֵ/רְבָבָֽה׃</w>
      </v>
      <v n="11">
        <w>רֹאשׁ֖/וֹ</w>
        <w>כֶּ֣תֶם</w>
        <w>פָּ֑ז</w>
        <w>קְוּצּוֹתָי/ו֙
</w>
        <w>תַּלְתַּלִּ֔ים</w>
        <w>שְׁחֹר֖וֹת</w>
        <w>כָּ/עוֹרֵֽב׃</w>
      </v>
      <v n="12">
        <w>עֵינָ֕י/ו</w>
        <w>כְּ/יוֹנִ֖ים</w>
        <w>עַל־</w>
        <w>אֲפִ֣יקֵי</w>
        <w>מָ֑יִם</w>
        <w>רֹֽחֲצוֹת֙</w>
        <w>בֶּֽ/חָלָ֔ב</w>
        <w>יֹשְׁב֖וֹת</w>
        <w>עַל־</w>
        <w>מִלֵּֽאת׃</w>
      </v>
      <v n="13">
        <w>לְחָיָ/ו֙</w>
        <w>כַּ/עֲרוּגַ֣ת</w>
        <w>הַ/בֹּ֔שֶׂם</w>
        <w>מִגְדְּל֖וֹת</w>
        <w>מֶרְקָחִ֑ים</w>
        <w>שִׂפְתוֹתָי/ו֙</w>
        <w>שֽׁוֹשַׁנִּ֔ים</w>
        <w>נֹטְפ֖וֹת</w>
        <w>מ֥וֹר</w>
        <w>עֹבֵֽר׃</w>
      </v>
      <v n="14">
        <w>יָדָי/ו֙</w>
        <w>גְּלִילֵ֣י</w>
        <w>זָהָ֔ב</w>
        <w>מְמֻלָּאִ֖ים</w>
        <w>בַּ/תַּרְשִׁ֑ישׁ</w>
        <w>מֵעָי/ו֙</w>
        <w>עֶ֣שֶׁת</w>
        <w>שֵׁ֔ן</w>
        <w>מְעֻלֶּ֖פֶת</w>
        <w>סַפִּירִֽים׃</w>
      </v>
      <v n="15">
        <w>שׁוֹקָי/ו֙</w>
        <w>עַמּ֣וּדֵי</w>
        <w>שֵׁ֔שׁ</w>
        <w>מְיֻסָּדִ֖ים</w>
        <w>עַל־</w>
        <w>אַדְנֵי־</w>
        <w>פָ֑ז</w>
        <w>מַרְאֵ֙/הוּ֙</w>
        <w>כַּ/לְּבָנ֔וֹן</w>
        <w>בָּח֖וּר</w>
        <w>כָּ/אֲרָזִֽים׃</w>
      </v>
      <v n="16">
        <w>חִכּ/וֹ֙</w>
        <w>מַֽמְתַקִּ֔ים</w>
        <w>וְ/כֻלּ֖/וֹ</w>
        <w>מַחֲּמַדִּ֑ים
<x>n</x>

</w>
        <w>זֶ֤ה</w>
        <w>דוֹדִ/י֙</w>
        <w>וְ/זֶ֣ה</w>
        <w>רֵעִ֔/י</w>
        <w>בְּנ֖וֹת</w>
        <w>יְרוּשָׁלָֽ͏ִם׃</w>
      </v>
      <vs>16</vs>
    </c>
    <c n="6">
      <v n="1">
        <w>אָ֚נָה</w>
        <w>הָלַ֣ךְ</w>
        <w>דּוֹדֵ֔/ךְ</w>
        <w>הַ/יָּפָ֖ה</w>
        <w>בַּ/נָּשִׁ֑ים</w>
        <w>אָ֚נָה</w>
        <w>פָּנָ֣ה</w>
        <w>דוֹדֵ֔/ךְ</w>
        <w>וּ/נְבַקְשֶׁ֖/נּוּ</w>
        <w>עִמָּֽ/ךְ׃</w>
      </v>
      <v n="2">
        <w>דּוֹדִ/י֙</w>
        <w>יָרַ֣ד</w>
        <w>לְ/גַנּ֔/וֹ</w>
        <w>לַ/עֲרוּג֖וֹת</w>
        <w>הַ/בֹּ֑שֶׂם</w>
        <w>לִ/רְעוֹת֙</w>
        <w>בַּ/גַּנִּ֔ים</w>
        <w>וְ/לִ/לְקֹ֖ט</w>
        <w>שֽׁוֹשַׁנִּֽים׃</w>
      </v>
      <v n="3">
        <w>אֲנִ֤י</w>
        <w>לְ/דוֹדִ/י֙</w>
        <w>וְ/דוֹדִ֣/י</w>
        <w>לִ֔/י</w>
        <w>הָ/רֹעֶ֖ה</w>
        <w>בַּ/שׁוֹשַׁנִּֽים׃
<x>n</x>

</w>
        <samekh/>
      </v>
      <v n="4">
        <w>יָפָ֨ה</w>
        <w>אַ֤תְּ</w>
        <w>רַעְיָתִ/י֙</w>
        <w>כְּ/תִרְצָ֔ה</w>
        <w>נָאוָ֖ה</w>
        <w>כִּ/ירוּשָׁלָ֑͏ִם</w>
        <w>אֲיֻמָּ֖ה</w>
        <w>כַּ/נִּדְגָּלֽוֹת׃</w>
      </v>
      <v n="5">
        <w>הָסֵ֤בִּי</w>
        <w>עֵינַ֙יִ/ךְ֙</w>
        <w>מִ/נֶּגְדִּ֔/י</w>
        <w>שֶׁ֥/הֵ֖ם
</w>
        <w>הִרְהִיבֻ֑/נִי</w>
        <w>שַׂעְרֵ/ךְ֙</w>
        <w>כְּ/עֵ֣דֶר</w>
        <w>הָֽ/עִזִּ֔ים</w>
        <w>שֶׁ/גָּלְשׁ֖וּ</w>
        <w>מִן־</w>
        <w>הַ/גִּלְעָֽד׃</w>
      </v>
      <v n="6">
        <w>שִׁנַּ֙יִ/ךְ֙</w>
        <w>כְּ/עֵ֣דֶר</w>
        <w>הָֽ/רְחֵלִ֔ים</w>
        <w>שֶׁ/עָל֖וּ</w>
        <w>מִן־</w>
        <w>הָ/רַחְצָ֑ה</w>
        <w>שֶׁ/כֻּלָּ/ם֙</w>
        <w>מַתְאִימ֔וֹת</w>
        <w>וְ/שַׁכֻּלָ֖ה</w>
        <w>אֵ֥ין</w>
        <w>בָּ/הֶֽם׃</w>
      </v>
      <v n="7">
        <w>כְּ/פֶ֤לַח</w>
        <w>הָ/רִמּוֹן֙</w>
        <w>רַקָּתֵ֔/ךְ</w>
        <w>מִ/בַּ֖עַד</w>
        <w>לְ/צַמָּתֵֽ/ךְ׃</w>
      </v>
      <v n="8">
        <w>שִׁשִּׁ֥ים</w>
        <w>הֵ֙מָּה֙</w>
        <w>מְּלָכ֔וֹת</w>
        <w>וּ/שְׁמֹנִ֖ים</w>
        <w>פִּֽילַגְשִׁ֑ים</w>
        <w>וַ/עֲלָמ֖וֹת</w>
        <w>אֵ֥ין</w>
        <w>מִסְפָּֽר׃</w>
      </v>
      <v n="9">
        <w>אַחַ֥ת</w>
        <w>הִיא֙</w>
        <w>יוֹנָתִ֣/י</w>
        <w>תַמָּתִ֔/י</w>
        <w>אַחַ֥ת</w>
        <w>הִיא֙</w>
        <w>לְ/אִמָּ֔/הּ</w>
        <w>בָּרָ֥ה</w>
        <w>הִ֖יא</w>
        <w>לְ/יֽוֹלַדְתָּ֑/הּ</w>
        <w>רָא֤וּ/הָ</w>
        <w>בָנוֹת֙</w>
        <w>וַֽ/יְאַשְּׁר֔וּ/הָ</w>
        <w>מְלָכ֥וֹת</w>
        <w>וּ/פִֽילַגְשִׁ֖ים</w>
        <w>וַֽ/יְהַלְלֽוּ/הָ׃</w>
        <samekh/>
      </v>
      <v n="10">
        <w>מִי־</w>
        <w>זֹ֥את</w>
        <w>הַ/נִּשְׁקָפָ֖ה</w>
        <w>כְּמוֹ־</w>
        <w>שָׁ֑חַר</w>
        <w>יָפָ֣ה</w>
        <w>כַ/לְּבָנָ֗ה</w>
        <w>בָּרָה֙</w>
        <w>כַּֽ/חַמָּ֔ה</w>
        <w>אֲיֻמָּ֖ה</w>
        <w>כַּ/נִּדְגָּלֽוֹת׃</w>
        <samekh/>
      </v>
      <v n="11">
        <w>אֶל־</w>
        <w>גִּנַּ֤ת</w>
        <w>אֱגוֹז֙</w>
        <w>יָרַ֔דְתִּי</w>
        <w>לִ/רְא֖וֹת</w>
        <w>בְּ/אִבֵּ֣י</w>
        <w>הַ/נָּ֑חַל</w>
        <w>לִ/רְאוֹת֙</w>
        <w>הֲ/פָֽרְחָ֣ה</w>
        <w>הַ/גֶּ֔פֶן</w>
        <w>הֵנֵ֖צוּ</w>
        <w>הָ/רִמֹּנִֽים׃</w>
      </v>
      <v n="12">
        <w>לֹ֣א</w>
        <w>יָדַ֔עְתִּי</w>
        <w>נַפְשִׁ֣/י</w>
        <w>שָׂמַ֔תְ/נִי</w>
        <w>מַרְכְּב֖וֹת</w>
        <w>עַמִּי־</w>
        <w>נָדִֽיב׃</w>
      </v>
      <vs>12</vs>
    </c>
    <c n="7">
      <v n="1">
        <w>שׁ֤וּבִי</w>
        <w>שׁ֙וּבִי֙</w>
        <w>הַ/שּׁ֣וּלַמִּ֔ית</w>
        <w>שׁ֥וּבִי</w>
        <w>שׁ֖וּבִי</w>
        <w>וְ/נֶחֱזֶה־</w>
        <w>בָּ֑/ךְ</w>
        <w>מַֽה־</w>
        <w>תֶּחֱזוּ֙</w>
        <w>בַּ/שּׁ֣וּלַמִּ֔ית</w>
        <w>כִּ/מְחֹלַ֖ת</w>
        <w>הַֽ/מַּחֲנָֽיִם׃</w>
      </v>
      <v n="2">
        <w>מַה־</w>
        <w>יָּפ֧וּ</w>
        <w>פְעָמַ֛יִ/ךְ</w>
        <w>בַּ/נְּעָלִ֖ים</w>
        <w>בַּת־</w>
        <w>נָדִ֑יב</w>
        <w>חַמּוּקֵ֣י</w>
        <w>יְרֵכַ֔יִ/ךְ</w>
        <w>כְּמ֣וֹ</w>
        <w>חֲלָאִ֔ים</w>
        <w>מַעֲשֵׂ֖ה</w>
        <w>יְדֵ֥י</w>
        <w>אָמָּֽן׃</w>
      </v>
      <v n="3">
        <w>שָׁרְרֵ/ךְ֙</w>
        <w>אַגַּ֣ן</w>
        <w>הַ/סַּ֔הַר</w>
        <w>אַל־</w>
        <w>יֶחְסַ֖ר</w>
        <w>הַ/מָּ֑זֶג</w>
        <w>בִּטְנֵ/ךְ֙</w>
        <w>עֲרֵמַ֣ת</w>
        <w>חִטִּ֔ים</w>
        <w>סוּגָ֖ה</w>
        <w>בַּ/שּׁוֹשַׁנִּֽים׃</w>
      </v>
      <v n="4">
        <w>שְׁנֵ֥י</w>
        <w>שָׁדַ֛יִ/ךְ</w>
        <w>כִּ/שְׁנֵ֥י</w>
        <w>עֳפָרִ֖ים</w>
        <w>תָּאֳמֵ֥י</w>
        <w>צְבִיָּֽה׃</w>
      </v>
      <v n="5">
        <w>צַוָּארֵ֖/ךְ</w>
        <w>כְּ/מִגְדַּ֣ל</w>
        <w>הַ/שֵּׁ֑ן</w>
        <w>עֵינַ֜יִ/ךְ</w>
        <w>בְּרֵכ֣וֹת</w>
        <w>בְּ/חֶשְׁבּ֗וֹן</w>
        <w>עַל־</w>
        <w>שַׁ֙עַר֙</w>
        <w>בַּת־</w>
        <w>רַבִּ֔ים</w>
        <w>אַפֵּ/ךְ֙</w>
        <w>כְּ/מִגְדַּ֣ל</w>
        <w>הַ/לְּבָנ֔וֹן</w>
        <w>צוֹפֶ֖ה</w>
        <w>פְּנֵ֥י</w>
        <w>דַמָּֽשֶׂק׃</w>
      </v>
      <v n="6">
        <w>רֹאשֵׁ֤/ךְ</w>
        <w>עָלַ֙יִ/ךְ֙</w>
        <w>כַּ/כַּרְמֶ֔ל</w>
        <w>וְ/דַלַּ֥ת</w>
        <w>רֹאשֵׁ֖/ךְ</w>
        <w>כָּ/אַרְגָּמָ֑ן</w>
        <w>מֶ֖לֶךְ</w>
        <w>אָס֥וּר</w>
        <w>בָּ/רְהָטִֽים׃</w>
      </v>
      <v n="7">
        <w>מַה־</w>
        <w>יָּפִית֙</w>
        <w>וּ/מַה־</w>
        <w>נָּעַ֔מְתְּ</w>
        <w>אַהֲבָ֖ה</w>
        <w>בַּ/תַּֽעֲנוּגִֽים׃</w>
      </v>
      <v n="8">
        <w>זֹ֤את</w>
        <w>קֽוֹמָתֵ/ךְ֙</w>
        <w>דָּֽמְתָ֣ה</w>
        <w>לְ/תָמָ֔ר</w>
        <w>וְ/שָׁדַ֖יִ/ךְ</w>
        <w>לְ/אַשְׁכֹּלֽוֹת׃</w>
      </v>
      <v n="9">
        <w>אָמַ֙רְתִּי֙</w>
        <w>אֶעֱלֶ֣ה</w>
        <w>בְ/תָמָ֔ר</w>
        <w>אֹֽחֲזָ֖ה</w>
        <w>בְּ/סַנְסִנָּ֑י/ו</w>
        <w>וְ/יִֽהְיוּ־</w>
        <w>נָ֤א</w>
        <w>שָׁדַ֙יִ/ךְ֙</w>
        <w>כְּ/אֶשְׁכְּל֣וֹת</w>
        <w>הַ/גֶּ֔פֶן</w>
        <w>וְ/רֵ֥יחַ</w>
        <w>אַפֵּ֖/ךְ</w>
        <w>כַּ/תַּפּוּחִֽים׃</w>
      </v>
      <v n="10">
        <w>וְ/חִכֵּ֕/ךְ</w>
        <w>כְּ/יֵ֥ין</w>
        <w>הַ/טּ֛וֹב</w>
        <w>הוֹלֵ֥ךְ</w>
        <w>לְ/דוֹדִ֖/י</w>
        <w>לְ/מֵישָׁרִ֑ים</w>
        <w>דּוֹבֵ֖ב</w>
        <w>שִׂפְתֵ֥י</w>
        <w>יְשֵׁנִֽים׃</w>
      </v>
      <v n="11">
        <w>אֲנִ֣י</w>
        <w>לְ/דוֹדִ֔/י</w>
        <w>וְ/עָלַ֖/י</w>
        <w>תְּשׁוּקָתֽ/וֹ׃</w>
        <samekh/>
      </v>
      <v n="12">
        <w>לְכָ֤/ה</w>
        <w>דוֹדִ/י֙</w>
        <w>נֵצֵ֣א</w>
        <w>הַ/שָּׂדֶ֔ה</w>
        <w>נָלִ֖ינָה</w>
        <w>בַּ/כְּפָרִֽים׃</w>
      </v>
      <v n="13">
        <w>נַשְׁכִּ֙ימָה֙</w>
        <w>לַ/כְּרָמִ֔ים</w>
        <w>נִרְאֶ֞ה</w>
        <w>אִם</w>
        <w>פָּֽרְחָ֤ה</w>
        <w>הַ/גֶּ֙פֶן֙</w>
        <w>פִּתַּ֣ח</w>
        <w>הַ/סְּמָדַ֔ר</w>
        <w>הֵנֵ֖צוּ</w>
        <w>הָ/רִמּוֹנִ֑ים</w>
        <w>שָׁ֛ם</w>
        <w>אֶתֵּ֥ן</w>
        <w>אֶת־</w>
        <w>דֹּדַ֖/י</w>
        <w>לָֽ/ךְ׃</w>
      </v>
      <v n="14">
        <w>הַֽ/דּוּדָאִ֣ים</w>
        <w>נָֽתְנוּ־</w>
        <w>רֵ֗יחַ</w>
        <w>וְ/עַל־</w>
        <w>פְּתָחֵ֙י/נוּ֙</w>
        <w>כָּל־</w>
        <w>מְגָדִ֔ים</w>
        <w>חֲדָשִׁ֖ים</w>
        <w>גַּם־</w>
        <w>יְשָׁנִ֑ים</w>
        <w>דּוֹדִ֖/י</w>
        <w>צָפַ֥נְתִּי</w>
        <w>לָֽ/ךְ׃</w>
      </v>
      <vs>14</vs>
    </c>
    <c n="8">
      <v n="1">
        <w>מִ֤י</w>
        <w>יִתֶּנְ/ךָ֙</w>
        <w>כְּ/אָ֣ח</w>
        <w>לִ֔/י</w>
        <w>יוֹנֵ֖ק</w>
        <w>שְׁדֵ֣י</w>
        <w>אִמִּ֑/י</w>
        <w>אֶֽמְצָאֲ/ךָ֤</w>
        <w>בַ/חוּץ֙</w>
        <w>אֶשָׁ֣קְ/ךָ֔
<x>n</x>

</w>
        <w>גַּ֖ם</w>
        <w>לֹא־</w>
        <w>יָב֥וּזוּ</w>
        <w>לִֽ/י׃</w>
      </v>
      <v n="2">
        <w>אֶנְהָֽגֲ/ךָ֗</w>
        <w>אֲבִֽיאֲ/ךָ֛</w>
        <w>אֶל־</w>
        <w>בֵּ֥ית</w>
        <w>אִמִּ֖/י</w>
        <w>תְּלַמְּדֵ֑/נִי</w>
        <w>אַשְׁקְ/ךָ֙</w>
        <w>מִ/יַּ֣יִן</w>
        <w>הָ/רֶ֔קַח</w>
        <w>מֵ/עֲסִ֖יס</w>
        <w>רִמֹּנִֽ/י׃</w>
      </v>
      <v n="3">
        <w>שְׂמֹאל/וֹ֙</w>
        <w>תַּ֣חַת</w>
        <w>רֹאשִׁ֔/י</w>
        <w>וִֽ/ימִינ֖/וֹ</w>
        <w>תְּחַבְּקֵֽ/נִי׃</w>
      </v>
      <v n="4">
        <w>הִשְׁבַּ֥עְתִּי</w>
        <w>אֶתְ/כֶ֖ם</w>
        <w>בְּנ֣וֹת</w>
        <w>יְרוּשָׁלָ֑͏ִם</w>
        <w>מַה־</w>
        <w>תָּעִ֧ירוּ ׀</w>
        <w>וּֽ/מַה־</w>
        <w>תְּעֹֽרְר֛וּ</w>
        <w>אֶת־</w>
        <w>הָ/אַהֲבָ֖ה</w>
        <w>עַ֥ד</w>
        <w>שֶׁ/תֶּחְפָּֽץ׃</w>
        <samekh/>
      </v>
      <v n="5">
        <w>מִ֣י</w>
        <w>זֹ֗את</w>
        <w>עֹלָה֙</w>
        <w>מִן־</w>
        <w>הַ/מִּדְבָּ֔ר</w>
        <w>מִתְרַפֶּ֖קֶת</w>
        <w>עַל־</w>
        <w>דּוֹדָ֑/הּ</w>
        <w>תַּ֤חַת</w>
        <w>הַ/תַּפּ֙וּחַ֙</w>
        <w>עֽוֹרַרְתִּ֔י/ךָ</w>
        <w>שָׁ֚מָּ/ה</w>
        <w>חִבְּלַ֣תְ/ךָ</w>
        <w>אִמֶּ֔/ךָ</w>
        <w>שָׁ֖מָּ/ה</w>
        <w>חִבְּלָ֥ה</w>
        <w>יְלָדַֽתְ/ךָ׃</w>
      </v>
      <v n="6">
        <w>שִׂימֵ֨/נִי</w>
        <w>כַֽ/חוֹתָ֜ם</w>
        <w>עַל־</w>
        <w>לִבֶּ֗/ךָ</w>
        <w>כַּֽ/חוֹתָם֙</w>
        <w>עַל־</w>
        <w>זְרוֹעֶ֔/ךָ</w>
        <w>כִּֽי־</w>
        <w>עַזָּ֤ה</w>
        <w>כַ/מָּ֙וֶת֙</w>
        <w>אַהֲבָ֔ה</w>
        <w>קָשָׁ֥ה</w>
        <w>כִ/שְׁא֖וֹל</w>
        <w>קִנְאָ֑ה</w>
        <w>רְשָׁפֶ֕י/הָ</w>
        <w>רִשְׁפֵּ֕י</w>
        <w>אֵ֖שׁ</w>
        <w>שַׁלְהֶ֥בֶתְיָֽה׃</w>
      </v>
      <v n="7">
        <w>מַ֣יִם</w>
        <w>רַבִּ֗ים</w>
        <w>לֹ֤א</w>
        <w>יֽוּכְלוּ֙</w>
        <w>לְ/כַבּ֣וֹת</w>
        <w>אֶת־</w>
        <w>הָֽ/אַהֲבָ֔ה</w>
        <w>וּ/נְהָר֖וֹת</w>
        <w>לֹ֣א</w>
        <w>יִשְׁטְפ֑וּ/הָ</w>
        <w>אִם־</w>
        <w>יִתֵּ֨ן</w>
        <w>אִ֜ישׁ</w>
        <w>אֶת־</w>
        <w>כָּל־</w>
        <w>ה֤וֹן</w>
        <w>בֵּית/וֹ֙</w>
        <w>בָּ/אַהֲבָ֔ה</w>
        <w>בּ֖וֹז</w>
        <w>יָב֥וּזוּ</w>
        <w>לֽ/וֹ׃</w>
        <samekh/>
      </v>
      <v n="8">
        <w>אָח֥וֹת</w>
        <w>לָ֙/נוּ֙</w>
        <w>קְטַנָּ֔ה</w>
        <w>וְ/שָׁדַ֖יִם</w>
        <w>אֵ֣ין</w>
        <w>לָ֑/הּ</w>
        <w>מַֽה־</w>
        <w>נַּעֲשֶׂה֙</w>
        <w>לַ/אֲחֹתֵ֔/נוּ</w>
        <w>בַּ/יּ֖וֹם</w>
        <w>שֶׁ/יְּדֻבַּר־</w>
        <w>בָּֽ/הּ׃</w>
      </v>
      <v n="9">
        <w>אִם־</w>
        <w>חוֹמָ֣ה</w>
        <w>הִ֔יא</w>
        <w>נִבְנֶ֥ה</w>
        <w>עָלֶ֖י/הָ</w>
        <w>טִ֣ירַת</w>
        <w>כָּ֑סֶף</w>
        <w>וְ/אִם־</w>
        <w>דֶּ֣לֶת</w>
        <w>הִ֔יא</w>
        <w>נָצ֥וּר</w>
        <w>עָלֶ֖י/הָ</w>
        <w>ל֥וּחַ</w>
        <w>אָֽרֶז׃</w>
      </v>
      <v n="10">
        <w>אֲנִ֣י</w>
        <w>חוֹמָ֔ה</w>
        <w>וְ/שָׁדַ֖/י</w>
        <w>כַּ/מִּגְדָּל֑וֹת</w>
        <w>אָ֛ז</w>
        <w>הָיִ֥יתִי</w>
        <w>בְ/עֵינָ֖י/ו</w>
        <w>כְּ/מוֹצְאֵ֥ת</w>
        <w>שָׁלֽוֹם׃</w>
        <pe/>
      </v>
      <v n="11">
        <w>כֶּ֣רֶם</w>
        <w>הָיָ֤ה</w>
        <w>לִ/שְׁלֹמֹה֙</w>
        <w>בְּ/בַ֣עַל</w>
        <w>הָמ֔וֹן</w>
        <w>נָתַ֥ן</w>
        <w>אֶת־</w>
        <w>הַ/כֶּ֖רֶם</w>
        <w>לַ/נֹּטְרִ֑ים</w>
        <w>אִ֛ישׁ</w>
        <w>יָבִ֥א</w>
        <w>בְּ/פִרְי֖/וֹ</w>
        <w>אֶ֥לֶף</w>
        <w>כָּֽסֶף׃</w>
      </v>
      <v n="12">
        <w>כָּרְמִ֥/י
<x>n</x>

</w>
        <w>שֶׁ/לִּ֖/י</w>
        <w>לְ/פָנָ֑/י</w>
        <w>הָ/אֶ֤לֶף</w>
        <w>לְ/ךָ֙</w>
        <w>שְׁלֹמֹ֔ה</w>
        <w>וּ/מָאתַ֖יִם</w>
        <w>לְ/נֹטְרִ֥ים</w>
        <w>אֶת־</w>
        <w>פִּרְיֽ/וֹ׃</w>
      </v>
      <v n="13">
        <w>הַ/יוֹשֶׁ֣בֶת
<x>n</x>

</w>
        <w>בַּ/גַּנִּ֗ים</w>
        <w>חֲבֵרִ֛ים</w>
        <w>מַקְשִׁיבִ֥ים</w>
        <w>לְ/קוֹלֵ֖/ךְ</w>
        <w>הַשְׁמִיעִֽי/נִי׃</w>
      </v>
      <v n="14">
        <w>בְּרַ֣ח ׀</w>
        <w>דּוֹדִ֗/י</w>
        <w>וּֽ/דְמֵה־</w>
        <w>לְ/ךָ֤</w>
        <w>לִ/צְבִי֙</w>
        <w>א֚וֹ</w>
        <w>לְ/עֹ֣פֶר</w>
        <w>הָֽ/אַיָּלִ֔ים</w>
        <w>עַ֖ל</w>
        <w>הָרֵ֥י</w>
        <w>בְשָׂמִֽים׃</w>
      </v>
      <vs>14</vs>
    </c>
    <vs>117</vs>
    <cs>8</cs>
  </book>
</tanach>
<notes>
  <note>
    <code>1</code>
    <gccode>1</gccode>
    <note>BHS has been faithful to the Leningrad Codex where there might be a question of the validity of the form and we keep the same form as BHS. </note>
  </note>
  <note>
    <code>2</code>
    <gccode>4</gccode>
    <note>Puncta extraordinaria -- a \u05c4 is used to mark such marks in the text when they are above the line and a \u05c5 when they are below the line. </note>
  </note>
  <note>
    <code>3</code>
    <gccode>5</gccode>
    <note>Large letter(s). Shown as large letters without a superscript note number. </note>
  </note>
  <note>
    <code>4</code>
    <gccode>6</gccode>
    <note>Small letter(s). Shown as small letters without a superscript note number. </note>
  </note>
  <note>
    <code>5</code>
    <gccode>7</gccode>
    <note>Suspended letter(s). Shown as suspended letters without a superscript note number. </note>
  </note>
  <note>
    <code>6</code>
    <gccode>8</gccode>
    <note>Inverted nun in the text. Shown without a superscript note number.</note>
  </note>
  <note>
    <code>7</code>
    <gccode>a</gccode>
    <note>Adaptations to a Qere which L and BHS, by their design, do not indicate. </note>
  </note>
  <note>
    <code>8</code>
    <gccode>c</gccode>
    <note>We read one or more accents in L differently than BHS. Often this notation indicates a typographical error in BHS. </note>
  </note>
  <note>
    <code>9</code>
    <gccode>k</gccode>
    <note>We read one or more consonants in L differently from BHS. </note>
  </note>
  <note>
    <code>10</code>
    <gccode>n</gccode>
    <note>Marks an anomalous form. </note>
  </note>
  <note>
    <code>11</code>
    <gccode>p</gccode>
    <note>We read punctuation in L differently from BHS. </note>
  </note>
  <note>
    <code>12</code>
    <gccode>q</gccode>
    <note>We have abandoned or added a ketib/qere relative to BHS. In doing this we agree with L against BHS. </note>
  </note>
  <note>
    <code>13</code>
    <gccode>v</gccode>
    <note>We read one or more vowels in L differently from BHS. </note>
  </note>
  <note>
    <code>14</code>
    <gccode>y</gccode>
    <note>Yathir readings in L which we have designated as Qeres when both Dothan and BHS list a Qere. </note>
  </note>
  <note>
    <code>15</code>
    <gccode>C</gccode>
    <note>We read one or more accents in L differently from BHQ. </note>
  </note>
  <note>
    <code>16</code>
    <gccode>F</gccode>
    <note>Marks a consonant with an anomalous final form that is word-medial.</note>
  </note>
  <note>
    <code>17</code>
    <gccode>K</gccode>
    <note>We read one or more consonants in L differently from BHQ. </note>
  </note>
  <note>
    <code>18</code>
    <gccode>M</gccode>
    <note>Marks a word with a final consonant that is a medial (not a final) form. </note>
  </note>
  <note>
    <code>19</code>
    <gccode>P</gccode>
    <note>We read the punctuation in L differently from BHQ. </note>
  </note>
  <note>
    <code>20</code>
    <gccode>Q</gccode>
    <note>Marks a place where we agree with BHQ against BHS in reading L. </note>
  </note>
  <note>
    <code>21</code>
    <gccode>U</gccode>
    <note>We agree with both BHS 1997 and BHQ on an unexpected reading. </note>
  </note>
  <note>
    <code>22</code>
    <gccode>V</gccode>
    <note>We read one or more vowels in L differently from BHQ. </note>
  </note>
  <note>
    <code>X</code>
    <gccode>X</gccode>
    <note>This verse does NOT occur in the Leningrad Codex. </note>
  </note>
</notes>
</Tanach>
